-- MariaDB dump 10.17  Distrib 10.5.2-MariaDB, for debian-linux-gnu (x86_64)
--
-- Host: localhost    Database: tpuqabuul
-- ------------------------------------------------------
-- Server version	10.5.2-MariaDB-1:10.5.2+maria~bionic

/*!40101 SET @OLD_CHARACTER_SET_CLIENT=@@CHARACTER_SET_CLIENT */;
/*!40101 SET @OLD_CHARACTER_SET_RESULTS=@@CHARACTER_SET_RESULTS */;
/*!40101 SET @OLD_COLLATION_CONNECTION=@@COLLATION_CONNECTION */;
/*!40101 SET NAMES utf8mb4 */;
/*!40103 SET @OLD_TIME_ZONE=@@TIME_ZONE */;
/*!40103 SET TIME_ZONE='+00:00' */;
/*!40014 SET @OLD_UNIQUE_CHECKS=@@UNIQUE_CHECKS, UNIQUE_CHECKS=0 */;
/*!40014 SET @OLD_FOREIGN_KEY_CHECKS=@@FOREIGN_KEY_CHECKS, FOREIGN_KEY_CHECKS=0 */;
/*!40101 SET @OLD_SQL_MODE=@@SQL_MODE, SQL_MODE='NO_AUTO_VALUE_ON_ZERO' */;
/*!40111 SET @OLD_SQL_NOTES=@@SQL_NOTES, SQL_NOTES=0 */;

--
-- Table structure for table `actions`
--

DROP TABLE IF EXISTS `actions`;
/*!40101 SET @saved_cs_client     = @@character_set_client */;
/*!40101 SET character_set_client = utf8 */;
CREATE TABLE `actions` (
  `id` int(11) NOT NULL AUTO_INCREMENT,
  `controller` varchar(255) NOT NULL,
  `action` varchar(255) NOT NULL,
  `description` varchar(255) DEFAULT NULL,
  `status` int(11) DEFAULT 1,
  PRIMARY KEY (`id`)
) ENGINE=InnoDB AUTO_INCREMENT=102 DEFAULT CHARSET=utf8mb4;
/*!40101 SET character_set_client = @saved_cs_client */;

--
-- Dumping data for table `actions`
--

LOCK TABLES `actions` WRITE;
/*!40000 ALTER TABLE `actions` DISABLE KEYS */;
INSERT INTO `actions` VALUES (1,'accountant','.','accountant',1),(2,'accountant','view','accountant',0),(3,'accountant','index','accountant',0),(4,'accountant','create','accountant',0),(5,'accountant','update','accountant',0),(6,'accountant','delete','accountant',0),(7,'actions','.','actions',1),(8,'actions','index','actions',0),(9,'actions','view','actions',0),(10,'actions','create','actions',0),(11,'actions','permission','actions',0),(12,'actions','permission-view','actions',0),(13,'actions','update','actions',0),(14,'actions','delete','actions',0),(15,'admin','.','admin',1),(16,'admin','view','admin',0),(17,'admin','index','admin',0),(18,'admin','create','admin',0),(19,'admin','update','admin',0),(20,'admin','delete','admin',0),(21,'auth-item','.','auth-item',1),(22,'auth-item','index','auth-item',0),(23,'auth-item','view','auth-item',0),(24,'auth-item','create','auth-item',0),(25,'auth-item','update','auth-item',0),(26,'auth-item','delete','auth-item',0),(27,'director','.','director',1),(28,'director','view','director',0),(29,'director','index','director',0),(30,'director','create','director',0),(31,'director','update','director',0),(32,'director','delete','director',0),(33,'education','.','education',1),(34,'education','index','education',0),(35,'education','view','education',0),(36,'education','switch','education',0),(37,'education','create','education',0),(38,'education','update','education',0),(39,'education','delete','education',0),(40,'manager','.','manager',1),(41,'manager','view','manager',0),(42,'manager','index','manager',0),(43,'manager','create','manager',0),(44,'manager','update','manager',0),(45,'manager','delete','manager',0),(46,'menu','.','menu',1),(47,'menu','index','menu',0),(48,'menu','sub-menu','menu',0),(49,'menu','view','menu',0),(50,'menu','create','menu',0),(51,'menu','sub-menu-create','menu',0),(52,'menu','update','menu',0),(53,'menu','sub-menu-update','menu',0),(54,'menu','delete','menu',0),(55,'site','.','Bosh sahifa',1),(56,'site','index','Bosh sahifa | index',0),(57,'site','login','Bosh sahifa | kirish',0),(58,'site','logout','Bosh sahifa | logout',0),(59,'student','.','student',1),(60,'student','index','student',0),(61,'student','view','student',0),(62,'student','create','student',0),(63,'student','update','student',0),(64,'student','delete','student',0),(65,'supper-admin','.','supper-admin',1),(66,'supper-admin','view','supper-admin',0),(67,'supper-admin','index','supper-admin',0),(68,'supper-admin','create','supper-admin',0),(69,'supper-admin','update','supper-admin',0),(70,'supper-admin','delete','supper-admin',0),(71,'teacher','.','teacher',1),(72,'teacher','view','teacher',0),(73,'teacher','index','teacher',0),(74,'teacher','create','teacher',0),(75,'teacher','update','teacher',0),(76,'teacher','price','teacher',0),(77,'teacher','delete','teacher',0),(78,'languages','.','languages',1),(79,'languages','index','languages',0),(80,'languages','view','languages',0),(81,'languages','create','languages',0),(82,'languages','update','languages',0),(83,'languages','delete','languages',0),(84,'options','.','options',1),(85,'options','index','options',0),(86,'options','view','options',0),(87,'options','create','options',0),(88,'options','update','options',0),(89,'options','delete','options',0),(90,'questions','.','questions',1),(91,'questions','index','questions',0),(92,'questions','view','questions',0),(93,'questions','create','questions',0),(94,'questions','update','questions',0),(95,'questions','delete','questions',0),(96,'subjects','.','subjects',1),(97,'subjects','index','subjects',0),(98,'subjects','view','subjects',0),(99,'subjects','create','subjects',0),(100,'subjects','update','subjects',0),(101,'subjects','delete','subjects',0);
/*!40000 ALTER TABLE `actions` ENABLE KEYS */;
UNLOCK TABLES;

--
-- Table structure for table `auth_assignment`
--

DROP TABLE IF EXISTS `auth_assignment`;
/*!40101 SET @saved_cs_client     = @@character_set_client */;
/*!40101 SET character_set_client = utf8 */;
CREATE TABLE `auth_assignment` (
  `item_name` varchar(64) NOT NULL,
  `user_id` varchar(64) NOT NULL,
  `created_at` int(11) DEFAULT NULL,
  PRIMARY KEY (`item_name`,`user_id`),
  KEY `idx-auth_assignment-user_id` (`user_id`),
  CONSTRAINT `auth_assignment_ibfk_1` FOREIGN KEY (`item_name`) REFERENCES `auth_item` (`name`) ON DELETE CASCADE ON UPDATE CASCADE
) ENGINE=InnoDB DEFAULT CHARSET=utf8mb4;
/*!40101 SET character_set_client = @saved_cs_client */;

--
-- Dumping data for table `auth_assignment`
--

LOCK TABLES `auth_assignment` WRITE;
/*!40000 ALTER TABLE `auth_assignment` DISABLE KEYS */;
INSERT INTO `auth_assignment` VALUES ('student','20',1718988501),('student','20000',1718991641),('student','20001',1719035607),('student','20002',1719036025),('supper_admin','1',1716476683);
/*!40000 ALTER TABLE `auth_assignment` ENABLE KEYS */;
UNLOCK TABLES;

--
-- Table structure for table `auth_child`
--

DROP TABLE IF EXISTS `auth_child`;
/*!40101 SET @saved_cs_client     = @@character_set_client */;
/*!40101 SET character_set_client = utf8 */;
CREATE TABLE `auth_child` (
  `id` int(11) NOT NULL AUTO_INCREMENT,
  `parent` varchar(255) NOT NULL,
  `child` varchar(255) NOT NULL,
  `order` tinyint(1) DEFAULT 1,
  `status` tinyint(1) DEFAULT 1,
  `created_at` int(11) NOT NULL,
  `updated_at` int(11) NOT NULL,
  `created_by` int(11) NOT NULL DEFAULT 0,
  `updated_by` int(11) NOT NULL DEFAULT 0,
  `is_deleted` tinyint(4) NOT NULL DEFAULT 0,
  PRIMARY KEY (`id`)
) ENGINE=InnoDB DEFAULT CHARSET=utf8mb4;
/*!40101 SET character_set_client = @saved_cs_client */;

--
-- Dumping data for table `auth_child`
--

LOCK TABLES `auth_child` WRITE;
/*!40000 ALTER TABLE `auth_child` DISABLE KEYS */;
/*!40000 ALTER TABLE `auth_child` ENABLE KEYS */;
UNLOCK TABLES;

--
-- Table structure for table `auth_item`
--

DROP TABLE IF EXISTS `auth_item`;
/*!40101 SET @saved_cs_client     = @@character_set_client */;
/*!40101 SET character_set_client = utf8 */;
CREATE TABLE `auth_item` (
  `name` varchar(64) NOT NULL,
  `type` smallint(6) NOT NULL,
  `description` text DEFAULT NULL,
  `rule_name` varchar(64) DEFAULT NULL,
  `data` blob DEFAULT NULL,
  `created_at` int(11) DEFAULT NULL,
  `updated_at` int(11) DEFAULT NULL,
  PRIMARY KEY (`name`),
  KEY `rule_name` (`rule_name`),
  KEY `idx-auth_item-type` (`type`),
  CONSTRAINT `auth_item_ibfk_1` FOREIGN KEY (`rule_name`) REFERENCES `auth_rule` (`name`) ON DELETE SET NULL ON UPDATE CASCADE
) ENGINE=InnoDB DEFAULT CHARSET=utf8mb4;
/*!40101 SET character_set_client = @saved_cs_client */;

--
-- Dumping data for table `auth_item`
--

LOCK TABLES `auth_item` WRITE;
/*!40000 ALTER TABLE `auth_item` DISABLE KEYS */;
INSERT INTO `auth_item` VALUES ('admin',1,'Administrator',NULL,NULL,1716476683,1716476683),('director',1,'Direktor',NULL,NULL,1716476683,1716476683),('moderator',1,'O\'qituvchi',NULL,NULL,1716476683,1716476683),('student',1,'O\'quvchi',NULL,NULL,1716476683,1716476683),('supper_admin',1,'Supper admin',NULL,NULL,1716476683,1716476683);
/*!40000 ALTER TABLE `auth_item` ENABLE KEYS */;
UNLOCK TABLES;

--
-- Table structure for table `auth_item_child`
--

DROP TABLE IF EXISTS `auth_item_child`;
/*!40101 SET @saved_cs_client     = @@character_set_client */;
/*!40101 SET character_set_client = utf8 */;
CREATE TABLE `auth_item_child` (
  `parent` varchar(64) NOT NULL,
  `child` varchar(64) NOT NULL,
  PRIMARY KEY (`parent`,`child`),
  KEY `child` (`child`),
  CONSTRAINT `auth_item_child_ibfk_1` FOREIGN KEY (`parent`) REFERENCES `auth_item` (`name`) ON DELETE CASCADE ON UPDATE CASCADE,
  CONSTRAINT `auth_item_child_ibfk_2` FOREIGN KEY (`child`) REFERENCES `auth_item` (`name`) ON DELETE CASCADE ON UPDATE CASCADE
) ENGINE=InnoDB DEFAULT CHARSET=utf8mb4;
/*!40101 SET character_set_client = @saved_cs_client */;

--
-- Dumping data for table `auth_item_child`
--

LOCK TABLES `auth_item_child` WRITE;
/*!40000 ALTER TABLE `auth_item_child` DISABLE KEYS */;
/*!40000 ALTER TABLE `auth_item_child` ENABLE KEYS */;
UNLOCK TABLES;

--
-- Table structure for table `auth_rule`
--

DROP TABLE IF EXISTS `auth_rule`;
/*!40101 SET @saved_cs_client     = @@character_set_client */;
/*!40101 SET character_set_client = utf8 */;
CREATE TABLE `auth_rule` (
  `name` varchar(64) NOT NULL,
  `data` blob DEFAULT NULL,
  `created_at` int(11) DEFAULT NULL,
  `updated_at` int(11) DEFAULT NULL,
  PRIMARY KEY (`name`)
) ENGINE=InnoDB DEFAULT CHARSET=utf8mb4;
/*!40101 SET character_set_client = @saved_cs_client */;

--
-- Dumping data for table `auth_rule`
--

LOCK TABLES `auth_rule` WRITE;
/*!40000 ALTER TABLE `auth_rule` DISABLE KEYS */;
/*!40000 ALTER TABLE `auth_rule` ENABLE KEYS */;
UNLOCK TABLES;

--
-- Table structure for table `course`
--

DROP TABLE IF EXISTS `course`;
/*!40101 SET @saved_cs_client     = @@character_set_client */;
/*!40101 SET character_set_client = utf8 */;
CREATE TABLE `course` (
  `id` int(11) NOT NULL AUTO_INCREMENT,
  `name_uz` varchar(255) NOT NULL,
  `name_en` varchar(255) NOT NULL,
  `name_ru` varchar(255) NOT NULL,
  `status` int(11) DEFAULT 1,
  `created_at` int(11) DEFAULT NULL,
  `updated_at` int(11) DEFAULT NULL,
  `created_by` int(11) NOT NULL DEFAULT 0,
  `updated_by` int(11) NOT NULL DEFAULT 0,
  `is_deleted` tinyint(4) NOT NULL DEFAULT 0,
  PRIMARY KEY (`id`)
) ENGINE=InnoDB AUTO_INCREMENT=7 DEFAULT CHARSET=utf8mb4;
/*!40101 SET character_set_client = @saved_cs_client */;

--
-- Dumping data for table `course`
--

LOCK TABLES `course` WRITE;
/*!40000 ALTER TABLE `course` DISABLE KEYS */;
INSERT INTO `course` VALUES (1,'1 - bosqich','1st stage','1-й этап',1,1718111129,1718111129,0,0,0),(2,'2 - bosqich','2st stage','2-й этап',1,1718111129,1718111129,0,0,0),(3,'3 - bosqich','3st stage','3-й этап',1,1718111129,1718111129,0,0,0),(4,'4 - bosqich','4st stage','4-й этап',1,1718111129,1718111129,0,0,0),(5,'5 - bosqich','5st stage','5-й этап',1,1718111129,1718111129,0,0,0),(6,'6 - bosqich','6st stage','6-й этап',1,1718111129,1718111129,0,0,0);
/*!40000 ALTER TABLE `course` ENABLE KEYS */;
UNLOCK TABLES;

--
-- Table structure for table `direction`
--

DROP TABLE IF EXISTS `direction`;
/*!40101 SET @saved_cs_client     = @@character_set_client */;
/*!40101 SET character_set_client = utf8 */;
CREATE TABLE `direction` (
  `id` int(11) NOT NULL AUTO_INCREMENT,
  `name_uz` varchar(255) NOT NULL,
  `name_ru` varchar(255) NOT NULL,
  `name_en` varchar(255) NOT NULL,
  `edu_year_id` int(11) NOT NULL,
  `language_id` int(11) NOT NULL,
  `edu_year_type_id` int(11) NOT NULL,
  `edu_year_form_id` int(11) NOT NULL,
  `edu_form_id` int(11) DEFAULT NULL,
  `edu_type_id` int(11) DEFAULT NULL,
  `contract` int(11) DEFAULT NULL,
  `code` varchar(255) NOT NULL,
  `course_json` varchar(255) DEFAULT NULL,
  `oferta` tinyint(1) DEFAULT 0,
  `status` tinyint(1) DEFAULT 0,
  `created_at` int(11) DEFAULT NULL,
  `updated_at` int(11) DEFAULT NULL,
  `created_by` int(11) NOT NULL DEFAULT 0,
  `updated_by` int(11) NOT NULL DEFAULT 0,
  `is_deleted` tinyint(4) NOT NULL DEFAULT 0,
  `edu_duration` float NOT NULL,
  PRIMARY KEY (`id`),
  KEY `ik_direction_table_edu_year_table` (`edu_year_id`),
  KEY `ik_direction_table_language_table` (`language_id`),
  KEY `ik_direction_table_edu_year_type_table` (`edu_year_type_id`),
  KEY `ik_direction_table_edu_year_form_table` (`edu_year_form_id`),
  KEY `ik_direction_table_edu_form_table` (`edu_form_id`),
  KEY `ik_direction_table_edu_type_table` (`edu_type_id`),
  CONSTRAINT `ik_direction_table_edu_form_table` FOREIGN KEY (`edu_form_id`) REFERENCES `edu_form` (`id`),
  CONSTRAINT `ik_direction_table_edu_type_table` FOREIGN KEY (`edu_type_id`) REFERENCES `edu_type` (`id`),
  CONSTRAINT `ik_direction_table_edu_year_form_table` FOREIGN KEY (`edu_year_form_id`) REFERENCES `edu_year_form` (`id`),
  CONSTRAINT `ik_direction_table_edu_year_table` FOREIGN KEY (`edu_year_id`) REFERENCES `edu_year` (`id`),
  CONSTRAINT `ik_direction_table_edu_year_type_table` FOREIGN KEY (`edu_year_type_id`) REFERENCES `edu_year_type` (`id`),
  CONSTRAINT `ik_direction_table_language_table` FOREIGN KEY (`language_id`) REFERENCES `languages` (`id`)
) ENGINE=InnoDB AUTO_INCREMENT=76 DEFAULT CHARSET=utf8mb4;
/*!40101 SET character_set_client = @saved_cs_client */;

--
-- Dumping data for table `direction`
--

LOCK TABLES `direction` WRITE;
/*!40000 ALTER TABLE `direction` DISABLE KEYS */;
INSERT INTO `direction` VALUES (4,'Iqtisodiyot (tarmoqlar va sohalar bo‘yicha)','Iqtisodiyot (tarmoqlar va sohalar bo‘yicha)','Iqtisodiyot (tarmoqlar va sohalar bo‘yicha)',1,1,1,1,1,1,16000000,'60310100',NULL,0,1,1718108120,1718255548,1,1,0,4),(5,'Iqtisodiyot (tarmoqlar va sohalar bo‘yicha)','Экономика  (по отраслям и секторам)','Economy  (by branches and sectors)',1,1,1,2,2,1,11000000,'60310100',NULL,0,1,1718111445,1718255572,1,1,0,5),(6,'Iqtisodiyot (tarmoqlar va sohalar bo‘yicha)','Экономика  (по отраслям и секторам)','Economy  (by branches and sectors)',1,1,1,3,3,1,14000000,'60310100',NULL,0,0,1718112843,1719036751,1,1,0,4.5),(7,'Dasturiy injiniring','Программная инженерия','Software engineering',1,1,1,1,1,1,16000000,'60610600',NULL,0,1,1718255654,1718255654,1,1,0,4),(8,'Dasturiy injiniring','Программная инженерия','Software engineering',1,1,1,2,2,1,11000000,'60610600',NULL,0,1,1718255667,1718255713,1,1,0,5),(9,'Dasturiy injiniring','Программная инженерия','Software engineering',1,1,1,3,3,1,14000000,'60610600',NULL,0,0,1718255786,1719036774,1,1,0,4.5),(10,'Turizm (faoliyat yo‘nalishlari bo‘yicha)','Туризм (по направлениям деятельности)','Tourism (by areas of activity)',1,1,1,1,1,1,16000000,'61010400',NULL,0,1,1718255867,1718255867,1,1,0,4),(11,'Turizm (faoliyat yo‘nalishlari bo‘yicha)','Туризм (по направлениям деятельности)','Tourism (by areas of activity)',1,1,1,2,2,1,10500000,'61010400',NULL,0,1,1718278677,1718290758,1,1,0,5),(12,'Turizm (faoliyat yo‘nalishlari bo‘yicha)','Туризм (по направлениям деятельности)','Tourism (by areas of activity)',1,1,1,3,3,1,16000000,'61010400',NULL,0,0,1718278705,1718278705,1,1,0,4.5),(13,'Pedagogika va psixologiya','Педагогика и психология','Pedagogy and psychology',1,1,1,1,1,1,14000000,'60110100',NULL,0,1,1718278794,1718278794,1,1,0,4),(14,'Pedagogika va psixologiya','Педагогика и психология','Pedagogy and psychology',1,1,1,2,2,1,10500000,'60110100',NULL,0,1,1718289425,1718289425,1,1,0,5),(15,'Pedagogika va psixologiya','Педагогика и психология','Pedagogy and psychology',1,1,1,3,3,1,14000000,'60110100',NULL,0,0,1718289458,1718289458,1,1,0,4.5),(16,'Boshlang‘ich ta‘lim','Начальное образование','Primary education',1,1,1,1,1,1,16000000,'60110500',NULL,0,1,1718290672,1718290672,1,1,0,4),(17,'Boshlang‘ich ta‘lim','Начальное образование','Primary education',1,1,1,2,2,1,10500000,'60110500',NULL,1,1,1718290736,1718290736,1,1,0,5),(18,'Boshlang‘ich ta‘lim','Начальное образование','Primary education',1,1,1,3,3,1,16000000,'60110500',NULL,0,0,1718290819,1718290819,1,1,0,4.5),(19,'Tarix','История','History',1,1,1,1,1,1,15000000,'60111100',NULL,0,1,1718290878,1718290878,1,1,0,4),(20,'Tarix','История','History',1,1,1,2,2,1,8000000,'60111100',NULL,0,1,1718291187,1718291187,1,1,0,5),(21,'Tarix','История','History',1,1,1,3,3,1,15000000,'60111100',NULL,0,0,1718291249,1718291249,1,1,0,4.5),(22,'Iqtisodiyot (tarmoqlar va sohalar bo‘yicha)','Экономика  (по отраслям и секторам)','Economy  (by branches and sectors)',1,3,1,1,1,1,16000000,'60310100',NULL,0,1,1718291811,1718291811,1,1,0,4),(23,'Iqtisodiyot (tarmoqlar va sohalar bo‘yicha)','Экономика  (по отраслям и секторам)','Economy  (by branches and sectors)',1,3,1,2,2,1,11000000,'60310100',NULL,0,1,1718291857,1718291857,1,1,0,5),(24,'Iqtisodiyot (tarmoqlar va sohalar bo‘yicha)','Экономика  (по отраслям и секторам)','Economy  (by branches and sectors)',1,3,1,3,3,1,16000000,'60310100',NULL,0,0,1718291896,1718291957,1,1,0,4.5),(25,'Dasturiy injiniring','Программная инженерия','Software engineering',1,3,1,1,1,1,16000000,'60610600',NULL,0,1,1718291987,1718291987,1,1,0,4),(26,'Dasturiy injiniring','Программная инженерия','Software engineering',1,3,1,2,2,1,11000000,'60610600',NULL,0,1,1718292038,1718292038,1,1,0,5),(27,'Dasturiy injiniring','Программная инженерия','Software engineering',1,3,1,3,3,1,16000000,'60610600',NULL,0,0,1718292383,1718292397,1,1,0,4.5),(28,'Turizm (faoliyat yo‘nalishlari bo‘yicha)','Туризм (по направлениям деятельности)','Tourism (by areas of activity)',1,3,1,1,1,1,16000000,'61010400',NULL,0,1,1718292457,1718292562,1,1,0,4),(29,'Turizm (faoliyat yo‘nalishlari bo‘yicha)','Туризм (по направлениям деятельности)','Tourism (by areas of activity)',1,3,1,2,2,1,10500000,'61010400',NULL,0,1,1718292541,1718292541,1,1,0,5),(30,'Turizm (faoliyat yo‘nalishlari bo‘yicha)','Туризм (по направлениям деятельности)','Tourism (by areas of activity)',1,3,1,3,3,1,16000000,'61010400',NULL,0,0,1718292595,1718292595,1,1,0,4.5),(31,'Pedagogika va psixologiya','Педагогика и психология','Pedagogy and psychology',1,3,1,1,1,1,14000000,'60110100',NULL,0,1,1718292639,1718292639,1,1,0,4),(32,'Pedagogika va psixologiya','Педагогика и психология','Pedagogy and psychology',1,3,1,2,2,1,10500000,'60110100',NULL,0,1,1718292673,1718292673,1,1,0,5),(33,'Pedagogika va psixologiya','Педагогика и психология','Pedagogy and psychology',1,3,1,3,3,1,14000000,'60110100',NULL,0,0,1718292703,1718292703,1,1,0,4.5),(34,'Boshlang‘ich ta‘lim','Начальное образование','Primary education',1,3,1,1,1,1,16000000,'60110500',NULL,0,1,1718292763,1718292763,1,1,0,4),(35,'Boshlang‘ich ta‘lim','Начальное образование','Primary education',1,3,1,2,2,1,10500000,'60110500',NULL,1,1,1718292801,1718292801,1,1,0,5),(36,'Boshlang‘ich ta‘lim','Начальное образование','Primary education',1,3,1,3,3,1,16000000,'60110500',NULL,0,0,1718292835,1718292918,1,1,0,4.5),(37,'Tarix','История','History',1,3,1,1,1,1,15000000,'60111100',NULL,0,1,1718292878,1718292878,1,1,0,4),(38,'Tarix','История','History',1,3,1,2,2,1,8000000,'60111100',NULL,0,1,1718292903,1718292903,1,1,0,5),(39,'Tarix','История','History',1,3,1,3,3,1,15000000,'60111100',NULL,0,0,1718293064,1718293064,1,1,0,4.5),(40,'Iqtisodiyot (tarmoqlar va sohalar bo‘yicha)','Экономика  (по отраслям и секторам)','Economy  (by branches and sectors)',1,1,2,1,1,2,16000000,'60310100',NULL,0,1,1718294168,1718294168,1,1,0,4),(41,'Iqtisodiyot (tarmoqlar va sohalar bo‘yicha)','Экономика  (по отраслям и секторам)','Economy  (by branches and sectors)',1,1,2,2,2,2,11000000,'60310100',NULL,0,1,1718294194,1718294194,1,1,0,5),(42,'Iqtisodiyot (tarmoqlar va sohalar bo‘yicha)','Экономика  (по отраслям и секторам)','Economy  (by branches and sectors)',1,1,2,3,3,2,16000000,'60310100',NULL,0,0,1718294224,1718294224,1,1,0,4.5),(43,'Dasturiy injiniring','Программная инженерия','Software engineering',1,1,2,1,1,2,16000000,'60610600',NULL,0,1,1718294251,1718294251,1,1,0,4),(44,'Dasturiy injiniring','Программная инженерия','Software engineering',1,1,2,2,2,2,11000000,'60610600',NULL,0,1,1718294272,1718294272,1,1,0,5),(45,'Dasturiy injiniring','Программная инженерия','Software engineering',1,1,2,3,3,2,14000000,'60610600',NULL,0,1,1718294298,1719036522,1,1,0,4.5),(46,'Turizm (faoliyat yo‘nalishlari bo‘yicha)','Туризм (по направлениям деятельности)','Tourism (by areas of activity)',1,1,2,1,1,2,16000000,'61010400',NULL,0,1,1718294332,1718294332,1,1,0,4),(47,'Turizm (faoliyat yo‘nalishlari bo‘yicha)','Туризм (по направлениям деятельности)','Tourism (by areas of activity)',1,1,2,2,2,2,10500000,'61010400',NULL,0,1,1718294372,1718294372,1,1,0,5),(48,'Turizm (faoliyat yo‘nalishlari bo‘yicha)','Туризм (по направлениям деятельности)','Tourism (by areas of activity)',1,1,2,3,3,2,14000000,'61010400',NULL,0,1,1718294403,1719036486,1,1,0,4.5),(49,'Pedagogika va psixologiya','Педагогика и психология','Pedagogy and psychology',1,1,2,1,1,2,14000000,'60110100',NULL,0,1,1718294486,1718294486,1,1,0,4),(50,'Pedagogika va psixologiya','Педагогика и психология','Pedagogy and psychology',1,1,2,2,2,2,10500000,'60110100',NULL,0,1,1718294697,1718294697,1,1,0,5),(51,'Pedagogika va psixologiya','Педагогика и психология','Pedagogy and psychology',1,1,2,3,3,2,13500000,'60110100',NULL,0,1,1718294723,1718950546,1,1,0,4.5),(52,'Boshlang‘ich ta‘lim','Начальное образование','Primary education',1,1,2,1,1,2,16000000,'60110500',NULL,0,1,1718294781,1718294781,1,1,0,4),(53,'Boshlang‘ich ta‘lim','Начальное образование','Primary education',1,1,2,2,2,2,10500000,'60110500',NULL,1,1,1718294809,1718294809,1,1,0,5),(54,'Boshlang‘ich ta‘lim','Начальное образование','Primary education',1,1,2,3,3,2,14000000,'60110500',NULL,0,1,1718294843,1718950459,1,1,0,4.5),(55,'Tarix','История','History',1,1,2,1,1,2,15000000,'60111100',NULL,0,1,1718294900,1718294900,1,1,0,4),(56,'Tarix','История','History',1,1,2,2,2,2,8000000,'60111100',NULL,0,1,1718294930,1718294930,1,1,0,5),(57,'Tarix','История','History',1,1,2,3,3,2,14000000,'60111100',NULL,0,1,1718294963,1718950378,1,1,0,4.5),(58,'Iqtisodiyot (tarmoqlar va sohalar bo‘yicha)','Экономика  (по отраслям и секторам)','Economy  (by branches and sectors)',1,3,2,1,1,2,16000000,'60310100',NULL,0,1,1718295009,1718295009,1,1,0,4),(59,'Iqtisodiyot (tarmoqlar va sohalar bo‘yicha)','Экономика  (по отраслям и секторам)','Economy  (by branches and sectors)',1,3,2,2,2,2,11000000,'60310100',NULL,0,1,1718295128,1718295128,1,1,0,5),(60,'Iqtisodiyot (tarmoqlar va sohalar bo‘yicha)','Экономика  (по отраслям и секторам)','Economy  (by branches and sectors)',1,3,2,3,3,2,14000000,'60310100',NULL,0,1,1718295158,1718950281,1,1,0,4.5),(61,'Dasturiy injiniring','Программная инженерия','Software engineering',1,3,2,1,1,2,16000000,'60610600',NULL,0,1,1718295233,1718295233,1,1,0,4),(62,'Dasturiy injiniring','Программная инженерия','Software engineering',1,3,2,2,2,2,11000000,'60610600',NULL,0,1,1718295260,1718295260,1,1,0,5),(63,'Dasturiy injiniring','Программная инженерия','Software engineering',1,3,2,3,3,2,14000000,'60610600',NULL,0,1,1718295288,1718950264,1,1,0,4.5),(64,'Turizm (faoliyat yo‘nalishlari bo‘yicha)','Туризм (по направлениям деятельности)','Tourism (by areas of activity)',1,3,2,1,1,2,16000000,'61010400',NULL,0,1,1718295383,1718295383,1,1,0,4),(65,'Turizm (faoliyat yo‘nalishlari bo‘yicha)','Туризм (по направлениям деятельности)','Tourism (by areas of activity)',1,3,2,2,2,2,10500000,'61010400',NULL,0,1,1718295405,1718295405,1,1,0,5),(66,'Turizm (faoliyat yo‘nalishlari bo‘yicha)','Туризм (по направлениям деятельности)','Tourism (by areas of activity)',1,3,2,3,3,2,14000000,'61010400',NULL,0,1,1718295424,1718950172,1,1,0,4.5),(67,'Pedagogika va psixologiya','Педагогика и психология','Pedagogy and psychology',1,3,2,1,1,2,14000000,'60110100',NULL,0,1,1718295498,1719036320,1,1,0,4),(68,'Pedagogika va psixologiya','Педагогика и психология','Pedagogy and psychology',1,3,2,2,2,2,10500000,'60110100',NULL,0,1,1718295529,1718295529,1,1,0,5),(69,'Pedagogika va psixologiya','Педагогика и психология','Pedagogy and psychology',1,3,2,3,3,2,13500000,'60110100',NULL,0,1,1718295562,1719036097,1,1,0,4.5),(70,'Boshlang‘ich ta‘lim','Начальное образование','Primary education',1,3,2,1,1,2,16000000,'60110500',NULL,0,1,1718295767,1719036079,1,1,0,4),(71,'Boshlang‘ich ta‘lim','Начальное образование','Primary education',1,3,2,2,2,2,10500000,'60110500',NULL,1,1,1718295801,1719036067,1,1,0,5),(72,'Boshlang‘ich ta‘lim','Начальное образование','Primary education',1,3,2,3,3,2,14000000,'60110500',NULL,0,1,1718295833,1719036047,1,1,0,4.5),(73,'Tarix','История','History',1,3,2,1,1,2,15000000,'60111100',NULL,0,1,1718295864,1719036034,1,1,0,4),(74,'Tarix','История','History',1,3,2,2,2,2,8000000,'60111100',NULL,0,1,1718295892,1719036023,1,1,0,5),(75,'Tarix','История','History',1,3,2,3,3,2,13500000,'60111100',NULL,0,1,1718295973,1719036018,1,1,0,4.5);
/*!40000 ALTER TABLE `direction` ENABLE KEYS */;
UNLOCK TABLES;

--
-- Table structure for table `direction_course`
--

DROP TABLE IF EXISTS `direction_course`;
/*!40101 SET @saved_cs_client     = @@character_set_client */;
/*!40101 SET character_set_client = utf8 */;
CREATE TABLE `direction_course` (
  `id` int(11) NOT NULL AUTO_INCREMENT,
  `direction_id` int(11) NOT NULL,
  `course_id` int(11) NOT NULL,
  `status` int(11) DEFAULT 1,
  `created_at` int(11) DEFAULT NULL,
  `updated_at` int(11) DEFAULT NULL,
  `created_by` int(11) NOT NULL DEFAULT 0,
  `updated_by` int(11) NOT NULL DEFAULT 0,
  `is_deleted` tinyint(4) NOT NULL DEFAULT 0,
  PRIMARY KEY (`id`),
  KEY `ik_direction_course_table_direction_table` (`direction_id`),
  KEY `ik_direction_course_table_course_table` (`course_id`),
  CONSTRAINT `ik_direction_course_table_course_table` FOREIGN KEY (`course_id`) REFERENCES `course` (`id`),
  CONSTRAINT `ik_direction_course_table_direction_table` FOREIGN KEY (`direction_id`) REFERENCES `direction` (`id`)
) ENGINE=InnoDB AUTO_INCREMENT=54 DEFAULT CHARSET=utf8mb4;
/*!40101 SET character_set_client = @saved_cs_client */;

--
-- Dumping data for table `direction_course`
--

LOCK TABLES `direction_course` WRITE;
/*!40000 ALTER TABLE `direction_course` DISABLE KEYS */;
INSERT INTO `direction_course` VALUES (1,5,1,1,1718112688,1718112737,1,1,0),(2,6,2,1,1718112858,1718112858,1,1,0),(3,6,3,1,1718112863,1718112863,1,1,0),(4,59,1,1,1718295180,1718295180,1,1,0),(5,59,2,1,1718295186,1718295186,1,1,0),(6,62,1,1,1718295309,1718295309,1,1,0),(7,62,2,1,1718295316,1718295316,1,1,0),(8,74,1,1,1718295986,1718295986,1,1,0),(9,74,2,1,1718295990,1718295990,1,1,0),(10,73,1,1,1718296003,1718296003,1,1,0),(11,73,2,1,1718296011,1718296011,1,1,0),(12,71,1,1,1718296026,1718296026,1,1,0),(13,71,2,1,1718296031,1718296031,1,1,0),(14,70,1,1,1718296362,1718296362,1,1,0),(15,70,2,1,1718296367,1718296367,1,1,0),(16,61,1,1,1718696366,1718696366,1,1,0),(17,61,2,1,1718696372,1718696372,1,1,0),(18,43,1,1,1718696441,1718696441,1,1,0),(19,43,2,1,1718696447,1718696447,1,1,0),(20,68,1,1,1718729119,1718729119,1,1,0),(21,68,2,1,1718729126,1718729126,1,1,0),(22,67,1,1,1718729229,1718729229,1,1,0),(23,67,2,1,1718729235,1718729235,1,1,0),(24,65,1,1,1718729256,1718729256,1,1,0),(25,65,2,1,1718729261,1718729261,1,1,0),(26,64,1,1,1718729276,1718729276,1,1,0),(27,64,2,1,1718729281,1718729281,1,1,0),(28,55,1,1,1718890704,1718890704,1,1,0),(29,55,2,1,1718890709,1718890709,1,1,0),(30,56,1,1,1718890757,1718890757,1,1,0),(31,56,2,1,1718890763,1718890763,1,1,0),(32,53,1,1,1718891943,1718891943,1,1,0),(33,53,2,1,1718891948,1718891948,1,1,0),(34,52,1,1,1718894919,1718894919,1,1,0),(35,52,2,1,1718894923,1718894923,1,1,0),(36,40,1,1,1718895377,1718895377,1,1,0),(37,40,2,1,1718895382,1718895382,1,1,0),(38,41,1,1,1718895400,1718895400,1,1,0),(39,41,2,1,1718895408,1718895408,1,1,0),(40,44,1,1,1718895435,1718895435,1,1,0),(41,44,2,1,1718895440,1718895440,1,1,0),(42,46,1,1,1718895456,1718895456,1,1,0),(43,46,2,1,1718895461,1718895461,1,1,0),(44,47,1,1,1718895482,1718895482,1,1,0),(45,47,2,1,1718895488,1718895488,1,1,0),(46,49,1,1,1718895504,1718895504,1,1,0),(47,49,2,1,1718895508,1718895508,1,1,0),(48,50,1,1,1718895521,1718895521,1,1,0),(49,50,2,1,1718895526,1718895526,1,1,0),(50,75,1,1,1718945147,1718945147,1,1,0),(51,75,2,1,1718945153,1718945153,1,1,0),(52,72,1,1,1718945304,1718945304,1,1,0),(53,72,2,1,1718945309,1718945309,1,1,0);
/*!40000 ALTER TABLE `direction_course` ENABLE KEYS */;
UNLOCK TABLES;

--
-- Table structure for table `direction_subject`
--

DROP TABLE IF EXISTS `direction_subject`;
/*!40101 SET @saved_cs_client     = @@character_set_client */;
/*!40101 SET character_set_client = utf8 */;
CREATE TABLE `direction_subject` (
  `id` int(11) NOT NULL AUTO_INCREMENT,
  `direction_id` int(11) NOT NULL,
  `subject_id` int(11) NOT NULL,
  `ball` float NOT NULL,
  `question_count` float NOT NULL,
  `status` tinyint(1) DEFAULT 1,
  `created_at` int(11) DEFAULT NULL,
  `updated_at` int(11) DEFAULT NULL,
  `created_by` int(11) NOT NULL DEFAULT 0,
  `updated_by` int(11) NOT NULL DEFAULT 0,
  `is_deleted` tinyint(4) NOT NULL DEFAULT 0,
  PRIMARY KEY (`id`),
  KEY `ik_direction_subject_table_direction_table` (`direction_id`),
  KEY `ik_direction_subject_table_subject_table` (`subject_id`),
  CONSTRAINT `ik_direction_subject_table_direction_table` FOREIGN KEY (`direction_id`) REFERENCES `direction` (`id`),
  CONSTRAINT `ik_direction_subject_table_subject_table` FOREIGN KEY (`subject_id`) REFERENCES `subjects` (`id`)
) ENGINE=InnoDB AUTO_INCREMENT=32 DEFAULT CHARSET=utf8mb4;
/*!40101 SET character_set_client = @saved_cs_client */;

--
-- Dumping data for table `direction_subject`
--

LOCK TABLES `direction_subject` WRITE;
/*!40000 ALTER TABLE `direction_subject` DISABLE KEYS */;
INSERT INTO `direction_subject` VALUES (4,4,5,6.3,20,1,1718195993,1718987483,1,1,0),(5,4,4,3.15,20,1,1718196007,1718989281,1,1,0),(6,5,5,6.3,20,1,1718989578,1718989578,1,1,0),(7,5,4,3.15,20,1,1718989591,1718989591,1,1,0),(8,6,5,6.3,20,1,1718989673,1718989673,1,1,0),(9,6,4,3.15,20,1,1718989687,1718989745,1,1,0),(10,7,5,6.3,20,1,1718989716,1718989716,1,1,0),(11,7,4,3.15,20,1,1718989727,1718989727,1,1,0),(12,8,5,6.3,20,1,1718989765,1718989765,1,1,0),(13,8,4,3.15,20,1,1719038173,1719038173,1,1,0),(14,9,5,6.3,20,1,1719038206,1719038206,1,1,0),(15,9,4,3.15,20,1,1719038223,1719038223,1,1,0),(16,10,3,6.3,20,1,1719038379,1719038379,1,1,0),(17,10,4,3.15,20,1,1719038389,1719038389,1,1,0),(18,11,3,6.3,20,1,1719038429,1719038429,1,1,0),(19,11,4,3.15,20,1,1719038441,1719038441,1,1,0),(20,12,3,6.3,20,1,1719038460,1719038460,1,1,0),(21,12,4,3.15,20,1,1719038470,1719038470,1,1,0),(22,13,8,6.3,20,1,1719038503,1719038503,1,1,0),(23,13,7,3.15,20,1,1719038517,1719038517,1,1,0),(24,14,8,6.3,20,1,1719038797,1719038797,1,1,0),(25,14,7,3.15,20,1,1719038806,1719038806,1,1,0),(26,15,8,6.3,20,1,1719038952,1719038952,1,1,0),(27,15,7,3.15,20,1,1719038960,1719038960,1,1,0),(28,16,7,6.3,20,1,1719038988,1719038988,1,1,0),(29,16,5,3.15,20,1,1719038996,1719038996,1,1,0),(30,17,7,6.3,20,1,1719039047,1719039047,1,1,0),(31,17,5,3.15,20,1,1719039319,1719039319,1,1,0);
/*!40000 ALTER TABLE `direction_subject` ENABLE KEYS */;
UNLOCK TABLES;

--
-- Table structure for table `edu_form`
--

DROP TABLE IF EXISTS `edu_form`;
/*!40101 SET @saved_cs_client     = @@character_set_client */;
/*!40101 SET character_set_client = utf8 */;
CREATE TABLE `edu_form` (
  `id` int(11) NOT NULL AUTO_INCREMENT,
  `name_uz` varchar(255) NOT NULL,
  `name_ru` varchar(255) NOT NULL,
  `name_en` varchar(255) NOT NULL,
  `status` tinyint(1) DEFAULT 1,
  `created_at` int(11) DEFAULT NULL,
  `updated_at` int(11) DEFAULT NULL,
  `created_by` int(11) NOT NULL DEFAULT 0,
  `updated_by` int(11) NOT NULL DEFAULT 0,
  `is_deleted` tinyint(4) NOT NULL DEFAULT 0,
  PRIMARY KEY (`id`)
) ENGINE=InnoDB AUTO_INCREMENT=4 DEFAULT CHARSET=utf8mb4;
/*!40101 SET character_set_client = @saved_cs_client */;

--
-- Dumping data for table `edu_form`
--

LOCK TABLES `edu_form` WRITE;
/*!40000 ALTER TABLE `edu_form` DISABLE KEYS */;
INSERT INTO `edu_form` VALUES (1,'Kunduzgi','Очное','Daytime',1,1717915371,1717915371,0,0,0),(2,'Sirtqi','Очное','Externally',1,1717915371,1717915371,0,0,0),(3,'Kechki','Вечер','Evening',1,1717915371,1717915371,0,0,0);
/*!40000 ALTER TABLE `edu_form` ENABLE KEYS */;
UNLOCK TABLES;

--
-- Table structure for table `edu_type`
--

DROP TABLE IF EXISTS `edu_type`;
/*!40101 SET @saved_cs_client     = @@character_set_client */;
/*!40101 SET character_set_client = utf8 */;
CREATE TABLE `edu_type` (
  `id` int(11) NOT NULL AUTO_INCREMENT,
  `name_uz` varchar(255) NOT NULL,
  `name_ru` varchar(255) NOT NULL,
  `name_en` varchar(255) NOT NULL,
  `status` tinyint(1) DEFAULT 1,
  `created_at` int(11) DEFAULT NULL,
  `updated_at` int(11) DEFAULT NULL,
  `created_by` int(11) NOT NULL DEFAULT 0,
  `updated_by` int(11) NOT NULL DEFAULT 0,
  `is_deleted` tinyint(4) NOT NULL DEFAULT 0,
  PRIMARY KEY (`id`)
) ENGINE=InnoDB AUTO_INCREMENT=4 DEFAULT CHARSET=utf8mb4;
/*!40101 SET character_set_client = @saved_cs_client */;

--
-- Dumping data for table `edu_type`
--

LOCK TABLES `edu_type` WRITE;
/*!40000 ALTER TABLE `edu_type` DISABLE KEYS */;
INSERT INTO `edu_type` VALUES (1,'Qabul','Принятие','Acceptance',1,1717915371,1717915371,0,0,0),(2,'O\'qishni ko\'chirish','Трансферное исследование','Transfer study',1,1717915371,1717915371,0,0,0),(3,'UZBMB natija','Результат УЗБМБ','UZBMB result',0,1717915371,1717915371,0,0,0);
/*!40000 ALTER TABLE `edu_type` ENABLE KEYS */;
UNLOCK TABLES;

--
-- Table structure for table `edu_year`
--

DROP TABLE IF EXISTS `edu_year`;
/*!40101 SET @saved_cs_client     = @@character_set_client */;
/*!40101 SET character_set_client = utf8 */;
CREATE TABLE `edu_year` (
  `id` int(11) NOT NULL AUTO_INCREMENT,
  `name` varchar(255) NOT NULL,
  `status` tinyint(1) DEFAULT 1,
  `created_at` int(11) DEFAULT NULL,
  `updated_at` int(11) DEFAULT NULL,
  `created_by` int(11) NOT NULL DEFAULT 0,
  `updated_by` int(11) NOT NULL DEFAULT 0,
  `is_deleted` tinyint(4) NOT NULL DEFAULT 0,
  PRIMARY KEY (`id`)
) ENGINE=InnoDB AUTO_INCREMENT=4 DEFAULT CHARSET=utf8mb4;
/*!40101 SET character_set_client = @saved_cs_client */;

--
-- Dumping data for table `edu_year`
--

LOCK TABLES `edu_year` WRITE;
/*!40000 ALTER TABLE `edu_year` DISABLE KEYS */;
INSERT INTO `edu_year` VALUES (1,'2024-2025',1,1717915371,1717915371,0,0,0),(2,'2025-2026',0,1717915371,1717916270,0,1,0),(3,'2026-2027',0,1717915371,1717916332,0,1,1);
/*!40000 ALTER TABLE `edu_year` ENABLE KEYS */;
UNLOCK TABLES;

--
-- Table structure for table `edu_year_form`
--

DROP TABLE IF EXISTS `edu_year_form`;
/*!40101 SET @saved_cs_client     = @@character_set_client */;
/*!40101 SET character_set_client = utf8 */;
CREATE TABLE `edu_year_form` (
  `id` int(11) NOT NULL AUTO_INCREMENT,
  `edu_year_id` int(11) NOT NULL,
  `edu_form_id` int(11) NOT NULL,
  `status` tinyint(1) DEFAULT 1,
  `created_at` int(11) DEFAULT NULL,
  `updated_at` int(11) DEFAULT NULL,
  `created_by` int(11) NOT NULL DEFAULT 0,
  `updated_by` int(11) NOT NULL DEFAULT 0,
  `is_deleted` tinyint(4) NOT NULL DEFAULT 0,
  PRIMARY KEY (`id`),
  KEY `ik_edu_year_form_table_edu_year_table` (`edu_year_id`),
  KEY `ik_edu_year_form_table_edu_form_table` (`edu_form_id`),
  CONSTRAINT `ik_edu_year_form_table_edu_form_table` FOREIGN KEY (`edu_form_id`) REFERENCES `edu_form` (`id`),
  CONSTRAINT `ik_edu_year_form_table_edu_year_table` FOREIGN KEY (`edu_year_id`) REFERENCES `edu_year` (`id`)
) ENGINE=InnoDB AUTO_INCREMENT=4 DEFAULT CHARSET=utf8mb4;
/*!40101 SET character_set_client = @saved_cs_client */;

--
-- Dumping data for table `edu_year_form`
--

LOCK TABLES `edu_year_form` WRITE;
/*!40000 ALTER TABLE `edu_year_form` DISABLE KEYS */;
INSERT INTO `edu_year_form` VALUES (1,1,1,1,1717915407,1717915407,0,0,0),(2,1,2,1,NULL,NULL,0,0,0),(3,1,3,1,NULL,NULL,0,0,0);
/*!40000 ALTER TABLE `edu_year_form` ENABLE KEYS */;
UNLOCK TABLES;

--
-- Table structure for table `edu_year_type`
--

DROP TABLE IF EXISTS `edu_year_type`;
/*!40101 SET @saved_cs_client     = @@character_set_client */;
/*!40101 SET character_set_client = utf8 */;
CREATE TABLE `edu_year_type` (
  `id` int(11) NOT NULL AUTO_INCREMENT,
  `edu_year_id` int(11) NOT NULL,
  `edu_type_id` int(11) NOT NULL,
  `status` tinyint(1) DEFAULT 1,
  `created_at` int(11) DEFAULT NULL,
  `updated_at` int(11) DEFAULT NULL,
  `created_by` int(11) NOT NULL DEFAULT 0,
  `updated_by` int(11) NOT NULL DEFAULT 0,
  `is_deleted` tinyint(4) NOT NULL DEFAULT 0,
  PRIMARY KEY (`id`),
  KEY `ik_edu_year_type_table_edu_year_table` (`edu_year_id`),
  KEY `ik_edu_year_type_table_edu_type_table` (`edu_type_id`),
  CONSTRAINT `ik_edu_year_type_table_edu_type_table` FOREIGN KEY (`edu_type_id`) REFERENCES `edu_type` (`id`),
  CONSTRAINT `ik_edu_year_type_table_edu_year_table` FOREIGN KEY (`edu_year_id`) REFERENCES `edu_year` (`id`)
) ENGINE=InnoDB AUTO_INCREMENT=3 DEFAULT CHARSET=utf8mb4;
/*!40101 SET character_set_client = @saved_cs_client */;

--
-- Dumping data for table `edu_year_type`
--

LOCK TABLES `edu_year_type` WRITE;
/*!40000 ALTER TABLE `edu_year_type` DISABLE KEYS */;
INSERT INTO `edu_year_type` VALUES (1,1,1,0,1717915371,1717915371,0,0,0),(2,1,2,1,NULL,NULL,0,0,0);
/*!40000 ALTER TABLE `edu_year_type` ENABLE KEYS */;
UNLOCK TABLES;

--
-- Table structure for table `employee`
--

DROP TABLE IF EXISTS `employee`;
/*!40101 SET @saved_cs_client     = @@character_set_client */;
/*!40101 SET character_set_client = utf8 */;
CREATE TABLE `employee` (
  `id` int(11) NOT NULL AUTO_INCREMENT,
  `user_id` int(11) NOT NULL,
  `first_name` varchar(255) NOT NULL,
  `last_name` varchar(255) NOT NULL,
  `middle_name` varchar(255) DEFAULT NULL,
  `phone` varchar(255) NOT NULL,
  `gender` tinyint(1) DEFAULT NULL,
  `brithday` varchar(50) DEFAULT NULL,
  `image` varchar(255) DEFAULT NULL,
  `adress` text NOT NULL,
  `password` varchar(255) NOT NULL,
  `status` int(11) DEFAULT 1,
  `created_at` int(11) DEFAULT NULL,
  `updated_at` int(11) DEFAULT NULL,
  `created_by` int(11) NOT NULL DEFAULT 0,
  `updated_by` int(11) NOT NULL DEFAULT 0,
  `is_deleted` tinyint(4) NOT NULL DEFAULT 0,
  PRIMARY KEY (`id`),
  KEY `ik_employee_table_user_table` (`user_id`),
  CONSTRAINT `ik_employee_table_user_table` FOREIGN KEY (`user_id`) REFERENCES `user` (`id`)
) ENGINE=InnoDB AUTO_INCREMENT=2 DEFAULT CHARSET=utf8mb4;
/*!40101 SET character_set_client = @saved_cs_client */;

--
-- Dumping data for table `employee`
--

LOCK TABLES `employee` WRITE;
/*!40000 ALTER TABLE `employee` DISABLE KEYS */;
INSERT INTO `employee` VALUES (1,1,'Iqboljon','Uraimov','Anvarjon o\'g\'li','+998 (94) 505-52-50',1,'16-10-2001',NULL,'Namangan viloyati Norin tumani','IK16001',1,1716476729,1716476729,0,0,0);
/*!40000 ALTER TABLE `employee` ENABLE KEYS */;
UNLOCK TABLES;

--
-- Table structure for table `exam`
--

DROP TABLE IF EXISTS `exam`;
/*!40101 SET @saved_cs_client     = @@character_set_client */;
/*!40101 SET character_set_client = utf8 */;
CREATE TABLE `exam` (
  `id` int(11) NOT NULL AUTO_INCREMENT,
  `user_id` int(11) NOT NULL,
  `student_id` int(11) NOT NULL,
  `direction_id` int(11) NOT NULL,
  `language_id` int(11) DEFAULT NULL,
  `edu_year_form_id` int(11) DEFAULT NULL,
  `edu_year_type_id` int(11) DEFAULT NULL,
  `edu_type_id` int(11) DEFAULT NULL,
  `edu_form_id` int(11) DEFAULT NULL,
  `start_time` int(11) DEFAULT NULL,
  `finish_time` int(11) DEFAULT NULL,
  `ball` float DEFAULT 0,
  `exam_count` int(11) DEFAULT 1,
  `status` tinyint(1) DEFAULT 1,
  `created_at` int(11) DEFAULT NULL,
  `updated_at` int(11) DEFAULT NULL,
  `created_by` int(11) NOT NULL DEFAULT 0,
  `updated_by` int(11) NOT NULL DEFAULT 0,
  `is_deleted` tinyint(4) NOT NULL DEFAULT 0,
  `contract_type` float DEFAULT NULL,
  `contract_price` float DEFAULT NULL,
  `contract_second` varchar(255) DEFAULT NULL,
  `contract_third` varchar(255) DEFAULT NULL,
  `contract_link` varchar(255) DEFAULT NULL,
  `down_time` int(11) DEFAULT NULL,
  PRIMARY KEY (`id`),
  KEY `ik_exam_table_user_table` (`user_id`),
  KEY `ik_exam_table_student_table` (`student_id`),
  KEY `ik_exam_table_direction_table` (`direction_id`),
  KEY `ik_exam_table_language_table` (`language_id`),
  KEY `ik_exam_table_edu_year_form_table` (`edu_year_form_id`),
  KEY `ik_exam_table_edu_year_type_table` (`edu_year_type_id`),
  KEY `ik_exam_table_edu_type_table` (`edu_type_id`),
  KEY `ik_exam_table_edu_form_table` (`edu_form_id`),
  CONSTRAINT `ik_exam_table_direction_table` FOREIGN KEY (`direction_id`) REFERENCES `direction` (`id`),
  CONSTRAINT `ik_exam_table_edu_form_table` FOREIGN KEY (`edu_form_id`) REFERENCES `edu_form` (`id`),
  CONSTRAINT `ik_exam_table_edu_type_table` FOREIGN KEY (`edu_type_id`) REFERENCES `edu_type` (`id`),
  CONSTRAINT `ik_exam_table_edu_year_form_table` FOREIGN KEY (`edu_year_form_id`) REFERENCES `edu_year_form` (`id`),
  CONSTRAINT `ik_exam_table_edu_year_type_table` FOREIGN KEY (`edu_year_type_id`) REFERENCES `edu_year_type` (`id`),
  CONSTRAINT `ik_exam_table_language_table` FOREIGN KEY (`language_id`) REFERENCES `languages` (`id`),
  CONSTRAINT `ik_exam_table_student_table` FOREIGN KEY (`student_id`) REFERENCES `student` (`id`),
  CONSTRAINT `ik_exam_table_user_table` FOREIGN KEY (`user_id`) REFERENCES `user` (`id`)
) ENGINE=InnoDB AUTO_INCREMENT=9 DEFAULT CHARSET=utf8mb4;
/*!40101 SET character_set_client = @saved_cs_client */;

--
-- Dumping data for table `exam`
--

LOCK TABLES `exam` WRITE;
/*!40000 ALTER TABLE `exam` DISABLE KEYS */;
INSERT INTO `exam` VALUES (8,20,8,4,1,1,1,1,1,1718990328,1719990412,62,1,2,1718990297,1719026653,20,20,0,1,16000000,'21718990297521','31718990297521','ikQ_vqYUPw7pQX1718990297521EG_TI-AxbGom',1719026653);
/*!40000 ALTER TABLE `exam` ENABLE KEYS */;
UNLOCK TABLES;

--
-- Table structure for table `exam_student_questions`
--

DROP TABLE IF EXISTS `exam_student_questions`;
/*!40101 SET @saved_cs_client     = @@character_set_client */;
/*!40101 SET character_set_client = utf8 */;
CREATE TABLE `exam_student_questions` (
  `id` int(11) NOT NULL AUTO_INCREMENT,
  `user_id` int(11) NOT NULL,
  `exam_id` int(11) NOT NULL,
  `exam_subject_id` int(11) NOT NULL,
  `question_id` int(11) NOT NULL,
  `option_id` int(11) DEFAULT NULL,
  `is_correct` tinyint(1) DEFAULT 0,
  `option` varchar(255) NOT NULL,
  `subject_id` int(11) DEFAULT NULL,
  `order` int(11) DEFAULT 1,
  `status` tinyint(1) DEFAULT 1,
  `created_at` int(11) DEFAULT NULL,
  `updated_at` int(11) DEFAULT NULL,
  `created_by` int(11) NOT NULL DEFAULT 0,
  `updated_by` int(11) NOT NULL DEFAULT 0,
  `is_deleted` tinyint(3) NOT NULL DEFAULT 0,
  PRIMARY KEY (`id`),
  KEY `ik_exam_student_questions_table_user_table` (`user_id`),
  KEY `ik_exam_student_questions_table_exam_table` (`exam_id`),
  KEY `ik_exam_student_questions_table_exam_subject_table` (`exam_subject_id`),
  KEY `ik_exam_student_questions_table_question_table` (`question_id`),
  KEY `ik_exam_student_questions_table_option_table` (`option_id`),
  KEY `ik_exam_student_questions_table_subject_table` (`subject_id`),
  CONSTRAINT `ik_exam_student_questions_table_exam_subject_table` FOREIGN KEY (`exam_subject_id`) REFERENCES `exam_subject` (`id`),
  CONSTRAINT `ik_exam_student_questions_table_exam_table` FOREIGN KEY (`exam_id`) REFERENCES `exam` (`id`),
  CONSTRAINT `ik_exam_student_questions_table_option_table` FOREIGN KEY (`option_id`) REFERENCES `options` (`id`),
  CONSTRAINT `ik_exam_student_questions_table_question_table` FOREIGN KEY (`question_id`) REFERENCES `questions` (`id`),
  CONSTRAINT `ik_exam_student_questions_table_subject_table` FOREIGN KEY (`subject_id`) REFERENCES `subjects` (`id`),
  CONSTRAINT `ik_exam_student_questions_table_user_table` FOREIGN KEY (`user_id`) REFERENCES `user` (`id`)
) ENGINE=InnoDB AUTO_INCREMENT=41 DEFAULT CHARSET=utf8mb4;
/*!40101 SET character_set_client = @saved_cs_client */;

--
-- Dumping data for table `exam_student_questions`
--

LOCK TABLES `exam_student_questions` WRITE;
/*!40000 ALTER TABLE `exam_student_questions` DISABLE KEYS */;
INSERT INTO `exam_student_questions` VALUES (1,20,8,13,148,584,1,'[{\"id\":583},{\"id\":586},{\"id\":585},{\"id\":584}]',5,1,1,NULL,NULL,0,0,0),(2,20,8,13,162,641,0,'[{\"id\":640},{\"id\":639},{\"id\":642},{\"id\":641}]',5,2,1,NULL,NULL,0,0,0),(3,20,8,13,39,149,0,'[{\"id\":146},{\"id\":147},{\"id\":149},{\"id\":148}]',5,3,1,NULL,NULL,0,0,0),(4,20,8,13,160,633,1,'[{\"id\":635},{\"id\":634},{\"id\":633},{\"id\":636}]',5,4,1,NULL,NULL,0,0,0),(5,20,8,13,177,699,1,'[{\"id\":703},{\"id\":699},{\"id\":704},{\"id\":701}]',5,5,1,NULL,NULL,0,0,0),(6,20,8,13,192,765,0,'[{\"id\":764},{\"id\":765},{\"id\":762},{\"id\":763}]',5,6,1,NULL,NULL,0,0,0),(7,20,8,13,150,593,0,'[{\"id\":595},{\"id\":593},{\"id\":594},{\"id\":596}]',5,7,1,NULL,NULL,0,0,0),(8,20,8,13,171,NULL,0,'[{\"id\":675},{\"id\":677},{\"id\":678},{\"id\":676}]',5,8,1,NULL,NULL,0,0,0),(9,20,8,13,182,725,0,'[{\"id\":721},{\"id\":723},{\"id\":722},{\"id\":725}]',5,9,1,NULL,NULL,0,0,0),(10,20,8,13,169,669,1,'[{\"id\":670},{\"id\":668},{\"id\":667},{\"id\":669}]',5,10,1,NULL,NULL,0,0,0),(11,20,8,13,144,NULL,0,'[{\"id\":566},{\"id\":567},{\"id\":569},{\"id\":568}]',5,11,1,NULL,NULL,0,0,0),(12,20,8,13,145,570,0,'[{\"id\":571},{\"id\":572},{\"id\":570},{\"id\":573}]',5,12,1,NULL,NULL,0,0,0),(13,20,8,13,174,687,0,'[{\"id\":685},{\"id\":688},{\"id\":687},{\"id\":686}]',5,13,1,NULL,NULL,0,0,0),(14,20,8,13,40,152,0,'[{\"id\":153},{\"id\":152},{\"id\":151},{\"id\":150}]',5,14,1,NULL,NULL,0,0,0),(15,20,8,13,37,140,0,'[{\"id\":139},{\"id\":138},{\"id\":140},{\"id\":141}]',5,15,1,NULL,NULL,0,0,0),(16,20,8,13,194,NULL,0,'[{\"id\":772},{\"id\":768},{\"id\":770},{\"id\":773}]',5,16,1,NULL,NULL,0,0,0),(17,20,8,13,154,NULL,0,'[{\"id\":615},{\"id\":609},{\"id\":610},{\"id\":616}]',5,17,1,NULL,NULL,0,0,0),(18,20,8,13,157,NULL,0,'[{\"id\":629},{\"id\":627},{\"id\":622},{\"id\":626}]',5,18,1,NULL,NULL,0,0,0),(19,20,8,13,186,NULL,0,'[{\"id\":738},{\"id\":735},{\"id\":741},{\"id\":734},{\"id\":736}]',5,19,1,NULL,NULL,0,0,0),(20,20,8,13,165,NULL,0,'[{\"id\":654},{\"id\":651},{\"id\":652},{\"id\":653}]',5,20,1,NULL,NULL,0,0,0),(21,20,8,14,152,NULL,0,'[{\"id\":604},{\"id\":602},{\"id\":601},{\"id\":603}]',4,21,1,NULL,NULL,0,0,0),(22,20,8,14,85,NULL,0,'[{\"id\":334},{\"id\":335},{\"id\":333},{\"id\":332}]',4,22,1,NULL,NULL,0,0,0),(23,20,8,14,96,NULL,0,'[{\"id\":383},{\"id\":381},{\"id\":382},{\"id\":384}]',4,23,1,NULL,NULL,0,0,0),(24,20,8,14,86,NULL,0,'[{\"id\":338},{\"id\":337},{\"id\":336},{\"id\":339}]',4,24,1,NULL,NULL,0,0,0),(25,20,8,14,136,NULL,0,'[{\"id\":538},{\"id\":540},{\"id\":537},{\"id\":539}]',4,25,1,NULL,NULL,0,0,0),(26,20,8,14,98,NULL,0,'[{\"id\":385},{\"id\":387},{\"id\":388},{\"id\":386}]',4,26,1,NULL,NULL,0,0,0),(27,20,8,14,100,NULL,0,'[{\"id\":394},{\"id\":393},{\"id\":395},{\"id\":396}]',4,27,1,NULL,NULL,0,0,0),(28,20,8,14,89,NULL,0,'[{\"id\":350},{\"id\":352},{\"id\":351},{\"id\":349}]',4,28,1,NULL,NULL,0,0,0),(29,20,8,14,81,NULL,0,'[{\"id\":316},{\"id\":317},{\"id\":319},{\"id\":318}]',4,29,1,NULL,NULL,0,0,0),(30,20,8,14,91,NULL,0,'[{\"id\":357},{\"id\":359},{\"id\":360},{\"id\":358}]',4,30,1,NULL,NULL,0,0,0),(31,20,8,14,84,NULL,0,'[{\"id\":329},{\"id\":328},{\"id\":330},{\"id\":331}]',4,31,1,NULL,NULL,0,0,0),(32,20,8,14,151,NULL,0,'[{\"id\":599},{\"id\":598},{\"id\":600},{\"id\":597}]',4,32,1,NULL,NULL,0,0,0),(33,20,8,14,82,NULL,0,'[{\"id\":323},{\"id\":320},{\"id\":321},{\"id\":322}]',4,33,1,NULL,NULL,0,0,0),(34,20,8,14,80,NULL,0,'[{\"id\":315},{\"id\":313},{\"id\":314},{\"id\":312}]',4,34,1,NULL,NULL,0,0,0),(35,20,8,14,78,NULL,0,'[{\"id\":305},{\"id\":304},{\"id\":306},{\"id\":307}]',4,35,1,NULL,NULL,0,0,0),(36,20,8,14,106,NULL,0,'[{\"id\":419},{\"id\":422},{\"id\":417},{\"id\":420}]',4,36,1,NULL,NULL,0,0,0),(37,20,8,14,159,NULL,0,'[{\"id\":628},{\"id\":631},{\"id\":630},{\"id\":632}]',4,37,1,NULL,NULL,0,0,0),(38,20,8,14,102,NULL,0,'[{\"id\":406},{\"id\":404},{\"id\":402},{\"id\":405}]',4,38,1,NULL,NULL,0,0,0),(39,20,8,14,158,NULL,0,'[{\"id\":621},{\"id\":625},{\"id\":624},{\"id\":623}]',4,39,1,NULL,NULL,0,0,0),(40,20,8,14,143,NULL,0,'[{\"id\":587},{\"id\":565},{\"id\":588},{\"id\":578}]',4,40,1,NULL,NULL,0,0,0);
/*!40000 ALTER TABLE `exam_student_questions` ENABLE KEYS */;
UNLOCK TABLES;

--
-- Table structure for table `exam_subject`
--

DROP TABLE IF EXISTS `exam_subject`;
/*!40101 SET @saved_cs_client     = @@character_set_client */;
/*!40101 SET character_set_client = utf8 */;
CREATE TABLE `exam_subject` (
  `id` int(11) NOT NULL AUTO_INCREMENT,
  `user_id` int(11) NOT NULL,
  `student_id` int(11) NOT NULL,
  `exam_id` int(11) NOT NULL,
  `direction_id` int(11) NOT NULL,
  `direction_subject_id` int(11) NOT NULL,
  `subject_id` int(11) NOT NULL,
  `language_id` int(11) DEFAULT NULL,
  `edu_year_form_id` int(11) DEFAULT NULL,
  `edu_year_type_id` int(11) DEFAULT NULL,
  `edu_type_id` int(11) DEFAULT NULL,
  `edu_form_id` int(11) DEFAULT NULL,
  `file` varchar(255) DEFAULT NULL,
  `file_status` tinyint(1) DEFAULT 0,
  `ball` float DEFAULT 0,
  `status` tinyint(1) DEFAULT 1,
  `created_at` int(11) DEFAULT NULL,
  `updated_at` int(11) DEFAULT NULL,
  `created_by` int(11) NOT NULL DEFAULT 0,
  `updated_by` int(11) NOT NULL DEFAULT 0,
  `is_deleted` tinyint(4) NOT NULL DEFAULT 0,
  PRIMARY KEY (`id`),
  KEY `ik_exam_subject_table_user_table` (`user_id`),
  KEY `ik_exam_subject_table_student_table` (`student_id`),
  KEY `ik_exam_subject_table_exam_table` (`exam_id`),
  KEY `ik_exam_subject_table_direction_table` (`direction_id`),
  KEY `ik_exam_subject_table_direction_subject_table` (`direction_subject_id`),
  KEY `ik_exam_subject_table_subject_table` (`subject_id`),
  KEY `ik_exam_subject_table_language_table` (`language_id`),
  KEY `ik_exam_subject_table_edu_year_form_table` (`edu_year_form_id`),
  KEY `ik_exam_subject_table_edu_year_type_table` (`edu_year_type_id`),
  KEY `ik_exam_subject_table_edu_type_table` (`edu_type_id`),
  KEY `ik_exam_subject_table_edu_form_table` (`edu_form_id`),
  CONSTRAINT `ik_exam_subject_table_direction_subject_table` FOREIGN KEY (`direction_subject_id`) REFERENCES `direction_subject` (`id`),
  CONSTRAINT `ik_exam_subject_table_direction_table` FOREIGN KEY (`direction_id`) REFERENCES `direction` (`id`),
  CONSTRAINT `ik_exam_subject_table_edu_form_table` FOREIGN KEY (`edu_form_id`) REFERENCES `edu_form` (`id`),
  CONSTRAINT `ik_exam_subject_table_edu_type_table` FOREIGN KEY (`edu_type_id`) REFERENCES `edu_type` (`id`),
  CONSTRAINT `ik_exam_subject_table_edu_year_form_table` FOREIGN KEY (`edu_year_form_id`) REFERENCES `edu_year_form` (`id`),
  CONSTRAINT `ik_exam_subject_table_edu_year_type_table` FOREIGN KEY (`edu_year_type_id`) REFERENCES `edu_year_type` (`id`),
  CONSTRAINT `ik_exam_subject_table_exam_table` FOREIGN KEY (`exam_id`) REFERENCES `exam` (`id`),
  CONSTRAINT `ik_exam_subject_table_language_table` FOREIGN KEY (`language_id`) REFERENCES `languages` (`id`),
  CONSTRAINT `ik_exam_subject_table_student_table` FOREIGN KEY (`student_id`) REFERENCES `student` (`id`),
  CONSTRAINT `ik_exam_subject_table_subject_table` FOREIGN KEY (`subject_id`) REFERENCES `subjects` (`id`),
  CONSTRAINT `ik_exam_subject_table_user_table` FOREIGN KEY (`user_id`) REFERENCES `user` (`id`)
) ENGINE=InnoDB AUTO_INCREMENT=15 DEFAULT CHARSET=utf8mb4;
/*!40101 SET character_set_client = @saved_cs_client */;

--
-- Dumping data for table `exam_subject`
--

LOCK TABLES `exam_subject` WRITE;
/*!40000 ALTER TABLE `exam_subject` DISABLE KEYS */;
INSERT INTO `exam_subject` VALUES (13,20,8,8,4,4,5,1,1,1,1,1,NULL,0,25.2,1,1718990297,1718990412,20,20,0),(14,20,8,8,4,5,4,1,1,1,1,1,NULL,0,0,1,1718990297,1718990297,20,20,0);
/*!40000 ALTER TABLE `exam_subject` ENABLE KEYS */;
UNLOCK TABLES;

--
-- Table structure for table `languages`
--

DROP TABLE IF EXISTS `languages`;
/*!40101 SET @saved_cs_client     = @@character_set_client */;
/*!40101 SET character_set_client = utf8 */;
CREATE TABLE `languages` (
  `id` int(11) NOT NULL AUTO_INCREMENT,
  `name_uz` varchar(255) NOT NULL,
  `name_en` varchar(255) NOT NULL,
  `name_ru` varchar(255) NOT NULL,
  `status` int(11) DEFAULT 1,
  `created_at` int(11) DEFAULT NULL,
  `updated_at` int(11) DEFAULT NULL,
  `created_by` int(11) NOT NULL DEFAULT 0,
  `updated_by` int(11) NOT NULL DEFAULT 0,
  `is_deleted` tinyint(4) NOT NULL DEFAULT 0,
  PRIMARY KEY (`id`)
) ENGINE=InnoDB AUTO_INCREMENT=4 DEFAULT CHARSET=utf8mb4;
/*!40101 SET character_set_client = @saved_cs_client */;

--
-- Dumping data for table `languages`
--

LOCK TABLES `languages` WRITE;
/*!40000 ALTER TABLE `languages` DISABLE KEYS */;
INSERT INTO `languages` VALUES (1,'O`zbek','Uzbek','Узбекский',1,NULL,NULL,0,0,0),(2,'Inglizcha','English','Английский',1,NULL,NULL,0,0,0),(3,'Ruscha','Russian','Русский',1,NULL,NULL,0,0,0);
/*!40000 ALTER TABLE `languages` ENABLE KEYS */;
UNLOCK TABLES;

--
-- Table structure for table `menu`
--

DROP TABLE IF EXISTS `menu`;
/*!40101 SET @saved_cs_client     = @@character_set_client */;
/*!40101 SET character_set_client = utf8 */;
CREATE TABLE `menu` (
  `id` int(11) NOT NULL AUTO_INCREMENT,
  `name_uz` varchar(255) NOT NULL,
  `name_en` varchar(255) NOT NULL,
  `name_ru` varchar(255) NOT NULL,
  `name_kr` varchar(255) NOT NULL,
  `action_id` int(11) DEFAULT NULL,
  `icon` varchar(255) DEFAULT NULL,
  `parent_id` int(11) DEFAULT NULL,
  `order` int(11) DEFAULT 1,
  `status` int(11) DEFAULT 1,
  PRIMARY KEY (`id`),
  KEY `ik_menu_table_actions_table` (`action_id`),
  KEY `ik_menu_table_parent_table` (`parent_id`),
  CONSTRAINT `ik_menu_table_actions_table` FOREIGN KEY (`action_id`) REFERENCES `actions` (`id`),
  CONSTRAINT `ik_menu_table_parent_table` FOREIGN KEY (`parent_id`) REFERENCES `menu` (`id`)
) ENGINE=InnoDB AUTO_INCREMENT=2 DEFAULT CHARSET=utf8mb4;
/*!40101 SET character_set_client = @saved_cs_client */;

--
-- Dumping data for table `menu`
--

LOCK TABLES `menu` WRITE;
/*!40000 ALTER TABLE `menu` DISABLE KEYS */;
INSERT INTO `menu` VALUES (1,'Bosh sahifa','Homepage','Домашняя страница','Бош сахифа',56,'fa-solid fa-house',NULL,1,0);
/*!40000 ALTER TABLE `menu` ENABLE KEYS */;
UNLOCK TABLES;

--
-- Table structure for table `migration`
--

DROP TABLE IF EXISTS `migration`;
/*!40101 SET @saved_cs_client     = @@character_set_client */;
/*!40101 SET character_set_client = utf8 */;
CREATE TABLE `migration` (
  `version` varchar(180) NOT NULL,
  `apply_time` int(11) DEFAULT NULL,
  PRIMARY KEY (`version`)
) ENGINE=InnoDB DEFAULT CHARSET=utf8mb4;
/*!40101 SET character_set_client = @saved_cs_client */;

--
-- Dumping data for table `migration`
--

LOCK TABLES `migration` WRITE;
/*!40000 ALTER TABLE `migration` DISABLE KEYS */;
INSERT INTO `migration` VALUES ('m000000_000000_base',1716476602),('m120530_052402_create_education_table',1716476637),('m130524_201442_init',1716476682),('m180121_120402_create_rbac_tables',1716476683),('m230727_124427_create_auth_child_table',1716476683),('m230727_124920_create_init_rbac_table',1716476683),('m230926_090927_create_actions_table',1716476684),('m230926_091738_create_menu_table',1716476684),('m230929_115526_create_permission_table',1716476684),('m231005_143316_create_employee_table',1716476729),('m231020_141023_insert_week_table',1716476729),('m231106_154450_create_student_table',1718167879),('m231211_091136_create_role_restriction_table',1716476730),('m240524_050733_create_languages_table',1716528012),('m240524_050816_create_subjects_table',1716528012),('m240524_050903_create_questions_table',1717857896),('m240524_050916_create_options_table',1717857896),('m240609_060426_create_edu_year_table',1717915371),('m240609_060456_create_edu_form_table',1717915371),('m240609_060506_create_edu_type_table',1717915371),('m240609_063726_create_edu_year_type_table',1717915371),('m240609_063735_create_edu_year_form_table',1717915407),('m240609_074833_create_direction_table',1718084812),('m240609_074849_create_direction_subject_table',1718084813),('m240610_065317_add_step_column_to_user_table',1718021771),('m240610_130044_add_edu_year_type_id_to_student_table',1718167879),('m240611_120614_add_edu_durection_to_direction_table',1718107793),('m240611_125625_create_course_table',1718111129),('m240611_125652_create_direction_course_table',1718111130),('m240611_171714_add_std_to_student_table',1718167883),('m240612_062233_add_exam_type_column_to_student_table',1718173395),('m240612_114644_create_exam_table',1718194882),('m240612_114657_create_exam_subject_table',1718194955),('m240612_164912_create_student_oferta_table',1718211232),('m240613_041036_create_student_perevot_table',1718252936),('m240613_041045_create_student_dtm_table',1718252936),('m240613_043255_add_std_edu_name_columns_to_student_table',1718253255),('m240613_151706_add_invois_columns_table',1718816097),('m240618_064312_create_exam_student_questions_table',1718816099),('m240621_054254_add_column_to_shartnoma',1718991238),('m240621_062106_add_edu_name_column_to_perevot',1718991239);
/*!40000 ALTER TABLE `migration` ENABLE KEYS */;
UNLOCK TABLES;

--
-- Table structure for table `options`
--

DROP TABLE IF EXISTS `options`;
/*!40101 SET @saved_cs_client     = @@character_set_client */;
/*!40101 SET character_set_client = utf8 */;
CREATE TABLE `options` (
  `id` int(11) NOT NULL AUTO_INCREMENT,
  `question_id` int(11) NOT NULL,
  `subject_id` int(11) NOT NULL,
  `text` longtext DEFAULT NULL,
  `image` varchar(255) DEFAULT NULL,
  `is_correct` tinyint(4) NOT NULL DEFAULT 0,
  `status` tinyint(1) DEFAULT 1,
  `created_at` int(11) DEFAULT NULL,
  `updated_at` int(11) DEFAULT NULL,
  `created_by` int(11) NOT NULL DEFAULT 0,
  `updated_by` int(11) NOT NULL DEFAULT 0,
  `is_deleted` tinyint(4) NOT NULL DEFAULT 0,
  PRIMARY KEY (`id`),
  KEY `ik_options_table_subjects_table` (`subject_id`),
  CONSTRAINT `ik_options_table_subjects_table` FOREIGN KEY (`subject_id`) REFERENCES `subjects` (`id`)
) ENGINE=InnoDB AUTO_INCREMENT=1050 DEFAULT CHARSET=utf8mb4;
/*!40101 SET character_set_client = @saved_cs_client */;

--
-- Dumping data for table `options`
--

LOCK TABLES `options` WRITE;
/*!40000 ALTER TABLE `options` DISABLE KEYS */;
INSERT INTO `options` VALUES (1,2,4,'<p>asdasdsadas asd sadasd a</p>',NULL,0,1,1717858964,1717860764,1,1,0),(2,2,4,'<p>asdasdas dasdas</p>',NULL,1,1,1717858973,1717860281,1,1,0),(3,3,4,'<p>sdadasd wewe223</p>',NULL,0,1,1717860804,1717860813,1,1,0),(4,3,4,'<p>asdasdasd</p>',NULL,1,1,1717860914,1717860914,1,1,0),(5,4,4,'<p>dasd sad</p>',NULL,0,1,1717860990,1717860990,1,1,0),(6,4,4,'<p>&nbsp;asdas das d</p>',NULL,1,1,1717860997,1717860997,1,1,0),(7,5,3,'<p class=\"MsoNormal\">Kapova</p>',NULL,0,1,1718686938,1718686938,1,1,0),(8,5,3,'<p class=\"MsoNormal\">Altamir</p>',NULL,1,1,1718686957,1718686957,1,1,0),(9,5,3,'<p class=\"MsoNormal\">Lasko</p>',NULL,0,1,1718686970,1718686970,1,1,0),(10,5,3,'<p class=\"MsoNormal\">Zarautsoy</p>',NULL,0,1,1718687007,1718687007,1,1,0),(11,6,3,'<p class=\"MsoNormal\">Oqqo&rsquo;rg&rsquo;on</p>',NULL,0,1,1718687133,1718687133,1,1,0),(12,6,3,'<p class=\"MsoNormal\">Suzoq</p>',NULL,0,1,1718687144,1718687144,1,1,0),(13,6,3,'<p class=\"MsoNormal\">Sig&rsquo;noq</p>',NULL,1,1,1718687156,1718687156,1,1,0),(14,6,3,'<p class=\"MsoNormal\">Tura</p>',NULL,0,1,1718687166,1718687166,1,1,0),(15,7,3,'<p class=\"MsoNormal\">Xorazm</p>',NULL,0,1,1718687224,1718687224,1,1,0),(16,7,3,'<p class=\"MsoNormal\">Samarqand</p>',NULL,0,1,1718687233,1718687233,1,1,0),(17,7,3,'<p class=\"MsoNormal\">Buxoro</p>',NULL,1,1,1718687244,1718687244,1,1,0),(18,7,3,'<p class=\"MsoNormal\">Toshkent</p>',NULL,0,1,1718687256,1718687256,1,1,0),(19,8,3,'<p class=\"MsoNormal\">qo&rsquo;shbegi</p>',NULL,0,1,1718687340,1718687340,1,1,0),(20,8,3,'<p class=\"MsoNormal\">dodhoh</p>',NULL,0,1,1718687348,1718687348,1,1,0),(21,8,3,'<p class=\"MsoNormal\">muhtasib</p>',NULL,0,1,1718687357,1718687357,1,1,0),(22,8,3,'<p class=\"MsoNormal\">mirzaboshi</p>',NULL,1,1,1718687368,1718687368,1,1,0),(23,9,3,'<p class=\"MsoNormal\">Sattor Xo&rsquo;jayev</p>',NULL,0,1,1718687414,1718687414,1,1,0),(24,9,3,'<p class=\"MsoNormal\">Porso Xo&rsquo;jayev</p>',NULL,1,1,1718687424,1718687424,1,1,0),(25,9,3,'<p class=\"MsoNormal\">Usmon Xo&rsquo;ja</p>',NULL,0,1,1718687431,1718687431,1,1,0),(26,9,3,'<p class=\"MsoNormal\">Sobir Yusupov</p>',NULL,0,1,1718687439,1718687439,1,1,0),(28,10,3,'<p class=\"MsoNormal\">Turk xoqonligi</p>',NULL,0,1,1718688332,1718688332,1,1,0),(29,10,3,'<p class=\"MsoNormal\">Xioniylar davlati</p>',NULL,0,1,1718688340,1718688340,1,1,0),(30,10,3,'<p class=\"MsoNormal\">Kidariylar davlati</p>',NULL,0,1,1718688351,1718688351,1,1,0),(31,10,3,'<p class=\"MsoNormal\">Eftallar davlati</p>',NULL,1,1,1718688362,1718688362,1,1,0),(32,11,3,'<p class=\"MsoNormal\">Takash</p>',NULL,0,1,1718688432,1718688432,1,1,0),(33,11,3,'<p class=\"MsoNormal\">Alovuddin Muhammad</p>',NULL,0,1,1718688459,1718688471,1,1,0),(34,11,3,'<p class=\"MsoNormal\">Otsiz</p>',NULL,0,1,1718688485,1718688485,1,1,0),(35,11,3,'<p class=\"MsoNormal\">Otsiz</p>',NULL,1,1,1718688486,1718688486,1,1,0),(36,11,3,'<p class=\"MsoNormal\">Jaloliddin Manguberdi</p>',NULL,0,1,1718688496,1718688496,1,1,0),(37,11,3,'<p class=\"MsoNormal\">Mo&rsquo;g&rsquo;ullar tamonidan qaysi shahar egallanishida yuz mingga yaqin odam qatl etilib, qolgan xalqni shahardan haydab chiqib,askarlarga 24 nafardan bo&rsquo;lib berilgan edi?</p>',NULL,0,1,1718688514,1718688514,1,1,0),(38,12,3,'<p class=\"MsoNormal\">Takash</p>',NULL,0,1,1718688671,1718688671,1,1,0),(39,12,3,'<p class=\"MsoNormal\">Alovuddin Muhammad</p>',NULL,0,1,1718688679,1718688679,1,1,0),(40,12,3,'<p class=\"MsoNormal\">Otsiz&nbsp;</p>',NULL,1,1,1718688692,1718688692,1,1,0),(41,12,3,'<p class=\"MsoNormal\">Jaloliddin Manguberdi</p>',NULL,0,1,1718688701,1718688701,1,1,0),(42,13,3,'<p class=\"MsoNormal\">Samarqand</p>',NULL,0,1,1718688782,1718688782,1,1,0),(43,13,3,'<p class=\"MsoNormal\">Urganch</p>',NULL,1,1,1718688797,1718688797,1,1,0),(44,13,3,'<p class=\"MsoNormal\">Buxoro</p>',NULL,0,1,1718688807,1718688807,1,1,0),(45,13,3,'<p class=\"MsoNormal\">O&rsquo;tror</p>',NULL,0,1,1718688814,1718688814,1,1,0),(46,14,3,'<p class=\"MsoNormal\">Qunduz va Xo&rsquo;jand</p>',NULL,0,1,1718688847,1718688847,1,1,0),(47,14,3,'<p class=\"MsoNormal\">Qunduz va Badaxshon</p>',NULL,1,1,1718688861,1718688861,1,1,0),(48,14,3,'<p class=\"MsoNormal\">G&rsquo;azna va Bomiyon</p>',NULL,0,1,1718688870,1718688870,1,1,0),(49,14,3,'<p class=\"MsoNormal\">Kirmon va Sheroz</p>',NULL,0,1,1718688893,1718688893,1,1,0),(50,15,3,'<p class=\"MsoNormal\">Ibn Xaldun</p>',NULL,0,1,1718689128,1718689128,1,1,0),(51,15,3,'<p class=\"MsoNormal\">Xofiz Abru</p>',NULL,0,1,1718689164,1718689164,1,1,0),(52,15,3,'<p class=\"MsoNormal\">Sharafiddin Ali Yazdiy</p>',NULL,0,1,1718689174,1718689174,1,1,0),(53,15,3,'<p class=\"MsoNormal\">Ibn Arabshoh</p>',NULL,1,1,1718689188,1718689188,1,1,0),(54,16,3,'<p class=\"MsoNormal\">qipchoqlar</p>',NULL,0,1,1718689237,1718689237,1,1,0),(55,16,3,'<p class=\"MsoNormal\">qarluqlar</p>',NULL,1,1,1718689248,1718689248,1,1,0),(56,16,3,'<p class=\"MsoNormal\">&nbsp;o&rsquo;g&rsquo;uzlar</p>',NULL,0,1,1718689259,1718689259,1,1,0),(57,16,3,'<p class=\"MsoNormal\">saljuqiylar</p>',NULL,0,1,1718689269,1718689269,1,1,0),(58,17,3,'<p class=\"MsoNormal\">15 gektar</p>',NULL,1,1,1718689509,1718689509,1,1,0),(59,17,3,'<p class=\"MsoNormal\">20 gektar</p>',NULL,0,1,1718689518,1718689518,1,1,0),(60,17,3,'<p class=\"MsoNormal\">200 gektar</p>',NULL,0,1,1718689529,1718689529,1,1,0),(61,17,3,'<p class=\"MsoNormal\">25 gektar</p>',NULL,0,1,1718689539,1718689539,1,1,0),(62,18,3,'<p class=\"MsoNormal\">Elsuvi daryosi vodiysigacha</p>',NULL,0,1,1718689598,1718689598,1,1,0),(63,18,3,'<p class=\"MsoNormal\">yag&lsquo;molar vohasi va Sharqiy Turkiston</p>',NULL,1,1,1718689610,1718689617,1,1,0),(64,18,3,'<p class=\"MsoNormal\">o&lsquo;g&lsquo;uz yurti va Farg&lsquo;ona vodiysi</p>',NULL,0,1,1718689629,1718689629,1,1,0),(65,18,3,'<p class=\"MsoNormal\">chigil qabilasi yaylovlarigacha</p>',NULL,0,1,1718689673,1718689673,1,1,0),(66,19,3,'<p class=\"MsoNormal\">a-2,b-1,c-3</p>',NULL,0,1,1718689803,1718689803,1,1,0),(67,19,3,'<p class=\"MsoNormal\">a-2,b-3,c-1</p>',NULL,1,1,1718689817,1718689817,1,1,0),(68,19,3,'<p class=\"MsoNormal\">a-3,b-2,c-1</p>',NULL,0,1,1718689830,1718689830,1,1,0),(69,19,3,'<p class=\"MsoNormal\">a-3,b-1,c-2</p>',NULL,0,1,1718689840,1718689840,1,1,0),(70,20,3,'<p class=\"MsoNormal\">1932-yil</p>',NULL,0,1,1718689947,1718689947,1,1,0),(71,20,3,'<p class=\"MsoNormal\">1933-yil</p>',NULL,0,1,1718689974,1718689974,1,1,0),(72,20,3,'<p class=\"MsoNormal\">1934-yil</p>',NULL,1,1,1718689985,1718689993,1,1,0),(73,20,3,'<p class=\"MsoNormal\">1935-yil</p>',NULL,0,1,1718690068,1718690068,1,1,0),(74,21,3,'<p class=\"MsoNormal\">Abdurahmon To&rsquo;le tomonidan 1859-yilda</p>',NULL,0,1,1718690340,1718690340,1,1,0),(75,21,3,'<p class=\"MsoNormal\">Muhammad Yusuf tomonidan 1865-yilda</p>',NULL,0,1,1718690352,1718690352,1,1,0),(76,21,3,'<p class=\"MsoNormal\">Muhammad Yunus tomonidan 1859-yilda</p>',NULL,1,1,1718690369,1718690369,1,1,0),(77,21,3,'<p class=\"MsoNormal\">Hofiz Toshkandiy tomonidan 1859-yilda</p>',NULL,0,1,1718690381,1718690381,1,1,0),(78,22,3,'<p class=\"MsoNormal\">1998-yil</p>',NULL,0,1,1718690415,1718690415,1,1,0),(79,22,3,'<p class=\"MsoNormal\">1999-yil</p>',NULL,0,1,1718690428,1718690428,1,1,0),(80,22,3,'<p class=\"MsoNormal\">2000-yil</p>',NULL,1,1,1718690443,1718690443,1,1,0),(81,22,3,'<p class=\"MsoNormal\">1995-yil</p>',NULL,0,1,1718690453,1718690453,1,1,0),(82,23,3,'<p class=\"MsoNormal\">1992-yil 14-fevralda</p>',NULL,0,1,1718690502,1718690502,1,1,0),(83,23,3,'<p class=\"MsoNormal\">1993-yil 2-sentabrda</p>',NULL,0,1,1718690522,1718690522,1,1,0),(84,23,3,'<p class=\"MsoNormal\">1992-yil 4-yanvarda</p>',NULL,1,1,1718690535,1718690535,1,1,0),(85,23,3,'<p class=\"MsoNormal\">1992-yil &nbsp;28-dekabrda</p>',NULL,0,1,1718690546,1718690546,1,1,0),(86,24,3,'<p class=\"MsoNormal\">1905-1906-yillar</p>',NULL,0,1,1718690875,1718690875,1,1,0),(87,24,3,'<p class=\"MsoNormal\">1916-1917-yillar</p>',NULL,0,1,1718690883,1718690883,1,1,0),(88,24,3,'<p class=\"MsoNormal\">1915-1916-yillar</p>',NULL,0,1,1718690892,1718690892,1,1,0),(89,24,3,'<p class=\"MsoNormal\">1884-1889-yillar</p>',NULL,1,1,1718690902,1718690902,1,1,0),(90,25,3,'<p class=\"MsoNormal\">Diodot, Yevtidem, Demetriy</p>',NULL,1,1,1718690944,1718690944,1,1,0),(91,25,3,'<p class=\"MsoNormal\">Yevkradit,Dezideriy, Salavka</p>',NULL,0,1,1718690959,1718690959,1,1,0),(92,25,3,'<p class=\"MsoNormal\">Salavka, Diodot, Yevrika</p>',NULL,0,1,1718690972,1718690972,1,1,0),(93,25,3,'<p class=\"MsoNormal\">Yevtidem,Yevrika, Aleksandr</p>',NULL,0,1,1718690983,1718690983,1,1,0),(94,26,3,'<p>2</p>',NULL,1,1,1718691019,1718691025,1,1,0),(95,26,3,'<p>1</p>',NULL,0,1,1718691032,1718691032,1,1,0),(96,26,3,'<p>4</p>',NULL,0,1,1718691039,1718691039,1,1,0),(97,26,3,'<p>3</p>',NULL,0,1,1718691046,1718691046,1,1,0),(98,27,3,'<p class=\"MsoNormal\">sharqiy</p>',NULL,0,1,1718691082,1718691082,1,1,0),(99,27,3,'<p class=\"MsoNormal\">g&rsquo;arbiy</p>',NULL,1,1,1718691094,1718691094,1,1,0),(100,27,3,'<p class=\"MsoNormal\">janubiy</p>',NULL,0,1,1718691104,1718691104,1,1,0),(101,27,3,'<p class=\"MsoNormal\">shimoliy</p>',NULL,0,1,1718691114,1718691114,1,1,0),(102,28,3,'<p class=\"MsoNormal\">Rossiya-Polsha</p>',NULL,0,1,1718691327,1718691327,1,1,0),(103,28,3,'<p class=\"MsoNormal\">Rossiya -Daniya</p>',NULL,0,1,1718691334,1718691334,1,1,0),(104,28,3,'<p class=\"MsoNormal\">Rossiya -Ukraina</p>',NULL,0,1,1718691342,1718691342,1,1,0),(105,28,3,'<p class=\"MsoNormal\">Shvetsiya- Rossiya</p>',NULL,1,1,1718691353,1718691353,1,1,0),(106,29,3,'<p class=\"MsoNormal\">5-8 yil&nbsp;</p>',NULL,1,1,1718691409,1718691409,1,1,0),(107,29,3,'<p class=\"MsoNormal\">8-9 yil</p>',NULL,0,1,1718691418,1718691418,1,1,0),(108,29,3,'<p class=\"MsoNormal\">10 yil</p>',NULL,0,1,1718691428,1718691428,1,1,0),(109,29,3,'<p class=\"MsoNormal\">&nbsp;15 yil</p>',NULL,0,1,1718691436,1718691436,1,1,0),(110,30,3,'<p class=\"MsoNormal\">1908-1910-yillarda</p>',NULL,0,1,1718691491,1718691491,1,1,0),(111,30,3,'<p class=\"MsoNormal\">1879-1380-yillarda</p>',NULL,0,1,1718691505,1718691505,1,1,0),(112,30,3,'<p class=\"MsoNormal\">1904-1912-yillarda</p>',NULL,1,1,1718691518,1718691611,1,1,0),(113,30,3,'<p class=\"MsoNormal\">1876-yilda</p>',NULL,0,1,1718691621,1718691621,1,1,0),(114,31,3,'<p class=\"MsoNormal\">Qozondaryo</p>',NULL,0,1,1718691717,1718691717,1,1,0),(115,31,3,'<p class=\"MsoNormal\">Qozoqdaryo</p>',NULL,1,1,1718691728,1718691734,1,1,0),(116,31,3,'<p class=\"MsoNormal\">Amudaryo</p>',NULL,0,1,1718691744,1718691744,1,1,0),(117,31,3,'<p class=\"MsoNormal\">To&rsquo;rtko&rsquo;l</p>',NULL,0,1,1718691753,1718691753,1,1,0),(118,32,3,'<p class=\"MsoNormal\">VI asrning &nbsp;60-yillari &nbsp;boshlarida</p>',NULL,0,1,1718692155,1718692155,1,1,0),(119,32,3,'<p class=\"MsoNormal\">VI &nbsp;asrning &nbsp;80- yillari &nbsp;oxirlarida</p>',NULL,1,1,1718692168,1718692168,1,1,0),(120,32,3,'<p class=\"MsoNormal\">VII &nbsp;asrning &nbsp;20 &ndash;yillarida</p>',NULL,0,1,1718692178,1718692178,1,1,0),(121,32,3,'<p class=\"MsoNormal\">VII &nbsp;&nbsp;asrning &nbsp;50- yillarida</p>',NULL,0,1,1718692186,1718692186,1,1,0),(122,33,3,'<p class=\"MsoNormal\">O&rsquo;tror</p>',NULL,0,1,1718692223,1718692223,1,1,0),(123,33,3,'<p class=\"MsoNormal\">Sig&rsquo;noq</p>',NULL,1,1,1718692276,1718692276,1,1,0),(124,33,3,'<p class=\"MsoNormal\">Jand</p>',NULL,0,1,1718692321,1718692321,1,1,0),(125,33,3,'<p class=\"MsoNormal\">Xo&rsquo;jand</p>',NULL,0,1,1718692327,1718692327,1,1,0),(126,34,3,'<p class=\"MsoNormal\">Izabella II &nbsp;</p>',NULL,1,1,1718692376,1718692376,1,1,0),(127,34,3,'<p class=\"MsoNormal\">Yelizaveta II</p>',NULL,0,1,1718692389,1718692389,1,1,0),(128,34,3,'<p class=\"MsoNormal\">Izabella I</p>',NULL,0,1,1718692399,1718692399,1,1,0),(129,34,3,'<p class=\"MsoNormal\">Izabella III</p>',NULL,0,1,1718692407,1718692407,1,1,0),(130,35,3,'<p class=\"MsoNormal\">Taxmasp II</p>\r\n<p>&nbsp;</p>',NULL,0,1,1718693079,1718693079,1,1,0),(131,35,3,'<p class=\"MsoNormal\">Ismoil Safaviy</p>',NULL,0,1,1718693085,1718693085,1,1,0),(132,35,3,'<p class=\"MsoNormal\">Abbos I</p>',NULL,1,1,1718693097,1718693097,1,1,0),(133,35,3,'<p class=\"MsoNormal\">Nodir Quli</p>',NULL,0,1,1718693111,1718693111,1,1,0),(134,36,3,'<p class=\"MsoNormal\">1826-1860-yillar</p>',NULL,1,1,1718693144,1718693144,1,1,0),(135,36,3,'<p class=\"MsoNormal\">1860-1885-yillar</p>',NULL,0,1,1718693154,1718693154,1,1,0),(136,36,3,'<p class=\"MsoNormal\">1756-1920-yillar</p>',NULL,0,1,1718693162,1718693162,1,1,0),(137,36,3,'<p class=\"MsoNormal\">1770-1920-yillar</p>',NULL,0,1,1718693170,1718693170,1,1,0),(138,37,5,'<p class=\"MsoNormal\">2400 m<sup>2</sup></p>',NULL,1,1,1718693513,1718693513,1,1,0),(139,37,5,'<p class=\"MsoNormal\">24 m<sup>2</sup></p>',NULL,0,1,1718693523,1718693523,1,1,0),(140,37,5,'<p class=\"MsoNormal\">240 m<sup>2</sup></p>',NULL,0,1,1718693534,1718693534,1,1,0),(141,37,5,'<p class=\"MsoNormal\">24000 m<sup>2</sup></p>',NULL,0,1,1718693545,1718693545,1,1,0),(142,38,5,'<p>280</p>',NULL,0,1,1718693759,1718693759,1,1,0),(143,38,5,'<p>195</p>',NULL,1,1,1718693770,1718693770,1,1,0),(144,38,5,'<p class=\"MsoNormal\">450</p>',NULL,0,1,1718693777,1718693777,1,1,0),(145,38,5,'<p class=\"MsoNormal\">240</p>',NULL,0,1,1718693784,1718693784,1,1,0),(146,39,5,'<p>2</p>',NULL,0,1,1718694030,1718694030,1,1,0),(147,39,5,'<p>3</p>',NULL,0,1,1718694036,1718694036,1,1,0),(148,39,5,'<p>1</p>',NULL,1,1,1718694043,1718694043,1,1,0),(149,39,5,'<p>10</p>',NULL,0,1,1718694193,1718694193,1,1,0),(150,40,5,'<p>-1</p>',NULL,0,1,1718694544,1718694544,1,1,0),(151,40,5,'<p><math xmlns=\"http://www.w3.org/1998/Math/MathML\"><mfrac><mrow><mn>2</mn><mi>q</mi><mo>(</mo><mi>m</mi><mo>-</mo><mn>2</mn><mi>q</mi><mo>)</mo></mrow><mrow><mn>2</mn><mi>q</mi><mo>+</mo><mi>m</mi></mrow></mfrac></math></p>',NULL,1,1,1718695667,1718695674,1,1,0),(152,40,5,'<p><math xmlns=\"http://www.w3.org/1998/Math/MathML\"><mfrac><mrow><mn>2</mn><mi>q</mi><mo>(</mo><mi>m</mi><mo>+</mo><mn>2</mn><mi>q</mi><mo>)</mo></mrow><mrow><mn>2</mn><mi>q</mi><mo>-</mo><mi>m</mi></mrow></mfrac></math></p>',NULL,0,1,1718695701,1718695701,1,1,0),(153,40,5,'<p>1</p>',NULL,0,1,1718695707,1718695707,1,1,0),(154,41,8,'<p class=\"MsoNormal\">sonlar piramidasi</p>',NULL,0,1,1718697030,1718697030,1,1,0),(155,41,8,'<p class=\"MsoNormal\">biomassa piramidasi &nbsp;</p>',NULL,0,1,1718697037,1718697037,1,1,0),(156,41,8,'<p class=\"MsoNormal\">energiya piramidasi</p>',NULL,0,1,1718697045,1718697045,1,1,0),(157,41,8,'<p class=\"MsoNormal\">Hamma javob to&lsquo;g&lsquo;ri</p>',NULL,1,1,1718697057,1718697057,1,1,0),(158,42,8,'<p class=\"MsoNormal\">produtsent</p>',NULL,0,1,1718697146,1718697146,1,1,0),(159,42,8,'<p class=\"MsoNormal\">&nbsp;konsument</p>',NULL,1,1,1718697156,1718697156,1,1,0),(160,42,8,'<p class=\"MsoNormal\">redutsent</p>',NULL,0,1,1718697165,1718697165,1,1,0),(161,42,8,'<p class=\"MsoNormal\">destruktor</p>',NULL,0,1,1718697175,1718697175,1,1,0),(162,43,8,'<p class=\"MsoNormal\">yashil o&lsquo;simliklar</p>',NULL,0,1,1718697243,1718697243,1,1,0),(163,43,8,'<p class=\"MsoNormal\">chigirtka, tuyoqli hayvonlar</p>',NULL,1,1,1718697252,1718697252,1,1,0),(164,43,8,'<p class=\"MsoNormal\">yirtqich hayvonlar</p>',NULL,0,1,1718697264,1718697264,1,1,0),(165,43,8,'<p class=\"MsoNormal\">zamburug&lsquo;lar</p>',NULL,0,1,1718697274,1718697274,1,1,0),(166,44,8,'<p class=\"MsoNormal\">yashil o&lsquo;simliklar</p>',NULL,0,1,1718697305,1718697305,1,1,0),(167,44,8,'<p class=\"MsoNormal\">chigirtka tuyoqli hayvonlar</p>',NULL,0,1,1718697313,1718697313,1,1,0),(168,44,8,'<p class=\"MsoNormal\">yirtqich hayvonlar</p>',NULL,0,1,1718697321,1718697321,1,1,0),(169,44,8,'<p class=\"MsoNormal\">zamburug&lsquo;lar</p>',NULL,1,1,1718697332,1718697332,1,1,0),(170,45,8,'<p class=\"MsoNormal\">Ch.Elton</p>',NULL,1,1,1718697381,1718697381,1,1,0),(171,45,8,'<p class=\"MsoNormal\">V.V.Dukuchayev</p>',NULL,0,1,1718697389,1718697389,1,1,0),(172,45,8,'<p class=\"MsoNormal\">V.N.Sukachev</p>',NULL,0,1,1718697397,1718697397,1,1,0),(173,45,8,'<p class=\"MsoNormal\">V.I.Vernandiskiy</p>',NULL,0,1,1718697403,1718697403,1,1,0),(174,46,8,'<p class=\"MsoNormal\">detritifaglar</p>',NULL,0,1,1718697433,1718697433,1,1,0),(175,46,8,'<p class=\"MsoNormal\">produtsentlar</p>',NULL,1,1,1718697443,1718697443,1,1,0),(176,46,8,'<p class=\"MsoNormal\">1-tartibli konsumentlar</p>',NULL,0,1,1718697453,1718697453,1,1,0),(177,46,8,'<p class=\"MsoNormal\">2-tartibli konsumentlar</p>',NULL,0,1,1718697461,1718697461,1,1,0),(178,47,8,'<p class=\"MsoNormal\">fitomassa</p>',NULL,0,1,1718697623,1718697623,1,1,0),(179,47,8,'<p class=\"MsoNormal\">zoomassa</p>',NULL,1,1,1718697636,1718697979,1,1,0),(180,47,8,'<p class=\"MsoNormal\">biomassa</p>',NULL,0,1,1718697643,1718698030,1,1,0),(181,47,8,'<p class=\"MsoNormal\">umumiy massa</p>',NULL,0,1,1718697651,1718698043,1,1,0),(182,48,8,'<p class=\"MsoNormal\">&nbsp;9%</p>',NULL,0,1,1718703145,1718703145,1,1,0),(183,48,8,'<p class=\"MsoNormal\">5%</p>',NULL,0,1,1718703152,1718703152,1,1,0),(184,48,8,'<p>1%</p>',NULL,1,1,1718703161,1718703161,1,1,0),(185,48,8,'<p>19%</p>',NULL,0,1,1718703171,1718703171,1,1,0),(186,49,8,'<p class=\"MsoNormal\">produtsent</p>',NULL,1,1,1718703201,1718703201,1,1,0),(187,49,8,'<p class=\"MsoNormal\">konsument</p>',NULL,0,1,1718703210,1718703210,1,1,0),(188,49,8,'<p class=\"MsoNormal\">redutsent</p>',NULL,0,1,1718703217,1718703217,1,1,0),(189,49,8,'<p class=\"MsoNormal\">destructor</p>',NULL,0,1,1718703225,1718703225,1,1,0),(190,50,8,'<p class=\"MsoNormal\">oziq zanjiri</p>',NULL,0,1,1718707110,1718707110,1,1,0),(191,50,8,'<p class=\"MsoNormal\">ekologik piramida qoidasi &nbsp;</p>',NULL,0,1,1718707117,1718707117,1,1,0),(192,50,8,'<p class=\"MsoNormal\">10% qoidasi</p>',NULL,1,1,1718707130,1718707130,1,1,0),(193,50,8,'<p class=\"MsoNormal\">moddalarning davriy aylanishi</p>',NULL,0,1,1718707137,1718707137,1,1,0),(194,51,8,'<p class=\"MsoNormal\">So&lsquo;rg&lsquo;ichlilar</p>',NULL,0,1,1718707160,1718707160,1,1,0),(195,51,8,'<p class=\"MsoNormal\">sporalilar&nbsp;</p>',NULL,1,1,1718707170,1718707170,1,1,0),(196,51,8,'<p class=\"MsoNormal\">kipriklilar</p>',NULL,0,1,1718707182,1718707182,1,1,0),(197,51,8,'<p class=\"MsoNormal\">nematodalar</p>',NULL,0,1,1718707189,1718707189,1,1,0),(198,52,8,'<p class=\"MsoNormal\">ikki xivchin va yadro o&lsquo;rtasida</p>',NULL,1,1,1718707295,1718707295,1,1,0),(199,52,8,'<p class=\"MsoNormal\">ikki xivchin va sitoplazma o&lsquo;rtasida</p>',NULL,0,1,1718707303,1718707303,1,1,0),(200,52,8,'<p class=\"MsoNormal\">og&lsquo;zi va yadro o&lsquo;rtasida &nbsp;&nbsp;&nbsp;&nbsp;</p>',NULL,0,1,1718707320,1718707320,1,1,0),(201,52,8,'<p class=\"MsoNormal\">xivchini va hazm vakuolalari o&lsquo;rtasida <o:p></o:p></p>',NULL,0,1,1718707331,1718707331,1,1,0),(202,53,8,'<p class=\"MsoNormal\">volvoks</p>',NULL,0,1,1718707389,1718707389,1,1,0),(203,53,8,'<p class=\"MsoNormal\">aktiniya</p>',NULL,1,1,1718707402,1718707402,1,1,0),(204,53,8,'<p class=\"MsoNormal\">oq planariya</p>',NULL,0,1,1718707417,1718707417,1,1,0),(205,53,8,'<p class=\"MsoNormal\">yomg&lsquo;ir chuvalchangi</p>',NULL,0,1,1718707422,1718707422,1,1,0),(206,54,8,'<p class=\"MsoNormal\">urug&lsquo;</p>',NULL,0,1,1718707455,1718707455,1,1,0),(207,54,8,'<p class=\"MsoNormal\">oila</p>',NULL,0,1,1718707461,1718707461,1,1,0),(208,54,8,'<p>tur</p>',NULL,1,1,1718707468,1718707468,1,1,0),(209,54,8,'<p>turkum</p>',NULL,0,1,1718707477,1718707477,1,1,0),(210,55,8,'<p>muskul</p>',NULL,0,1,1718707600,1718707600,1,1,0),(211,55,8,'<p>nerv</p>',NULL,1,1,1718707609,1718707609,1,1,0),(212,55,8,'<p class=\"MsoNormal\">biriktiruvchi</p>',NULL,0,1,1718707623,1718707623,1,1,0),(213,55,8,'<p class=\"MsoNormal\">muskul</p>',NULL,0,1,1718707629,1718707629,1,1,0),(214,56,8,'<p class=\"MsoNormal\">amyoba</p>',NULL,0,1,1718707668,1718707668,1,1,0),(215,56,8,'<p class=\"MsoNormal\">leyshmaniya</p>',NULL,0,1,1718707675,1718707675,1,1,0),(216,56,8,'<p class=\"MsoNormal\">nozema</p>',NULL,0,1,1718707685,1718707685,1,1,0),(217,56,8,'<p class=\"MsoNormal\">yashil evglena</p>',NULL,1,1,1718707696,1718707696,1,1,0),(218,57,8,'<p class=\"MsoNormal\">Tajriba</p>',NULL,0,1,1718707720,1718707720,1,1,0),(219,57,8,'<p class=\"MsoNormal\">Kuzatish</p>',NULL,0,1,1718707727,1718707727,1,1,0),(220,57,8,'<p class=\"MsoNormal\">Taqqoslash &nbsp;&nbsp;&nbsp;</p>',NULL,1,1,1718707750,1718707750,1,1,0),(221,57,8,'<p class=\"MsoNormal\">O&lsquo;lchash</p>',NULL,0,1,1718707789,1718707789,1,1,0),(222,58,8,'<p class=\"MsoNormal\">Transpiratsiya</p>',NULL,1,1,1718708518,1718708518,1,1,0),(223,58,8,'<p class=\"MsoNormal\">Guttatsiya</p>',NULL,0,1,1718708527,1718708527,1,1,0),(224,58,8,'<p class=\"MsoNormal\">Nastiya</p>',NULL,0,1,1718708533,1718708533,1,1,0),(225,58,8,'<p class=\"MsoNormal\">Fototaksis</p>',NULL,0,1,1718708551,1718708551,1,1,0),(226,59,8,'<p class=\"MsoNormal\">Xemosintez</p>',NULL,0,1,1718708600,1718708600,1,1,0),(227,59,8,'<p class=\"MsoNormal\">Taksis</p>',NULL,0,1,1718708608,1718708608,1,1,0),(228,59,8,'<p class=\"MsoNormal\">Xazonrezgilik</p>',NULL,1,1,1718708636,1718708645,1,1,0),(229,59,8,'<p class=\"MsoNormal\">Guttatsiya</p>',NULL,0,1,1718708654,1718708654,1,1,0),(230,60,8,'<p class=\"MsoNormal\">Giatsint</p>',NULL,0,1,1718708677,1718708677,1,1,0),(231,60,8,'<p class=\"MsoNormal\">Fitontsid</p>',NULL,1,1,1718708687,1718708695,1,1,0),(232,60,8,'<p class=\"MsoNormal\">Taksis</p>',NULL,0,1,1718708747,1718708747,1,1,0),(233,60,8,'<p class=\"MsoNormal\">Tranzis</p>',NULL,0,1,1718708755,1718708755,1,1,0),(234,61,8,'<p class=\"MsoNormal\">kuzatish</p>',NULL,0,1,1718708820,1718708820,1,1,0),(235,61,8,'<p class=\"MsoNormal\">tarixiy</p>',NULL,0,1,1718708827,1718708827,1,1,0),(236,61,8,'<p class=\"MsoNormal\">taqqoslash</p>',NULL,0,1,1718708835,1718708835,1,1,0),(237,61,8,'<p class=\"MsoNormal\">dala</p>',NULL,1,1,1718708847,1718708847,1,1,0),(238,62,8,'<p class=\"MsoNormal\">taqqoslash</p>',NULL,0,1,1718708893,1718708893,1,1,0),(239,62,8,'<p class=\"MsoNormal\">dala</p>',NULL,0,1,1718708899,1718708899,1,1,0),(240,62,8,'<p class=\"MsoNormal\">tarixiy</p>',NULL,0,1,1718708931,1718708931,1,1,0),(241,62,8,'<p class=\"MsoNormal\">kuzatish</p>',NULL,1,1,1718708946,1718708946,1,1,0),(242,63,8,'<p class=\"MsoNormal\">eksperimental</p>',NULL,0,1,1718709020,1718709020,1,1,0),(243,63,8,'<p class=\"MsoNormal\">tarixiy</p>',NULL,0,1,1718709454,1718709454,1,1,0),(244,63,8,'<p class=\"MsoNormal\">kuzatish&nbsp;</p>',NULL,1,1,1718709466,1718709473,1,1,0),(245,63,8,'<p class=\"MsoNormal\">taqqoslash</p>',NULL,0,1,1718709487,1718709487,1,1,0),(246,64,8,'<p class=\"MsoNormal\">kuzatish</p>',NULL,0,1,1718709522,1718709522,1,1,0),(247,64,8,'<p class=\"MsoNormal\">taqqoslash</p>',NULL,0,1,1718709531,1718709531,1,1,0),(248,64,8,'<p class=\"MsoNormal\">tajriba</p>',NULL,0,1,1718709538,1718709538,1,1,0),(249,64,8,'<p class=\"MsoNormal\">tarixiy</p>',NULL,1,1,1718709549,1718709549,1,1,0),(250,65,8,'<p class=\"MsoNormal\">dala &nbsp;&nbsp;</p>',NULL,0,1,1718709589,1718709589,1,1,0),(251,65,8,'<p class=\"MsoNormal\">tajriba</p>',NULL,1,1,1718709600,1718709600,1,1,0),(252,65,8,'<p class=\"MsoNormal\">tekshirish</p>',NULL,0,1,1718709610,1718709610,1,1,0),(253,65,8,'<p class=\"MsoNormal\">kuzatish</p>',NULL,0,1,1718709617,1718709617,1,1,0),(254,66,8,'<p class=\"MsoNormal\">Linney</p>',NULL,0,1,1718709679,1718709679,1,1,0),(255,66,8,'<p class=\"MsoNormal\">Ibn Sino&nbsp;</p>',NULL,1,1,1718709689,1718709689,1,1,0),(256,66,8,'<p class=\"MsoNormal\">Darvin</p>',NULL,0,1,1718709787,1718709787,1,1,0),(257,66,8,'<p class=\"MsoNormal\">Darvin</p>',NULL,0,1,1718709794,1718709794,1,1,0),(258,67,8,'<p class=\"MsoNormal\">tarixiy</p>',NULL,0,1,1718709822,1718709822,1,1,0),(259,67,8,'<p class=\"MsoNormal\">kuzatish</p>',NULL,0,1,1718709828,1718709828,1,1,0),(260,67,8,'<p class=\"MsoNormal\">taqqoslash</p>',NULL,1,1,1718709844,1718709844,1,1,0),(261,67,8,'<p class=\"MsoNormal\">eksperimental</p>',NULL,0,1,1718709854,1718709854,1,1,0),(262,67,8,'<p class=\"15\">Bir hil predmet yoki hodisalarni boshqalariga o&lsquo;xshash yoki farqini aniqlash yo&lsquo;li bilan ularning mohiyatini ochib beruvchi metod qaysi? <o:p></o:p></p>',NULL,0,1,1718709869,1718709869,1,1,0),(263,67,8,'<p class=\"MsoNormal\">tarixiy</p>',NULL,0,1,1718709881,1718709881,1,1,0),(264,68,8,'<p class=\"MsoNormal\">tarixiy</p>',NULL,0,1,1718709932,1718709932,1,1,0),(265,68,8,'<p class=\"MsoNormal\">kuzatish</p>',NULL,0,1,1718709938,1718709938,1,1,0),(266,68,8,'<p class=\"MsoNormal\">taqqoslash</p>',NULL,1,1,1718709949,1718709949,1,1,0),(267,68,8,'<p class=\"MsoNormal\">eksperimental</p>',NULL,0,1,1718709959,1718709959,1,1,0),(268,69,8,'<p class=\"MsoNormal\">tarixiy</p>',NULL,0,1,1718709987,1718709987,1,1,0),(269,69,8,'<p class=\"MsoNormal\">kuzatish</p>',NULL,0,1,1718709997,1718709997,1,1,0),(270,69,8,'<p class=\"MsoNormal\">taqqoslash</p>',NULL,1,1,1718710008,1718710008,1,1,0),(271,69,8,'<p class=\"MsoNormal\">eksperimental</p>',NULL,0,1,1718710031,1718710031,1,1,0),(272,70,8,'<p class=\"MsoNormal\">tarixiy</p>',NULL,1,1,1718710151,1718710157,1,1,0),(273,70,8,'<p class=\"MsoNormal\">kuzatish</p>',NULL,0,1,1718710165,1718710165,1,1,0),(274,70,8,'<p class=\"MsoNormal\">taqqoslash</p>',NULL,0,1,1718710172,1718710172,1,1,0),(275,70,8,'<p class=\"MsoNormal\">eksperimental</p>',NULL,0,1,1718710178,1718710178,1,1,0),(276,71,8,'<p class=\"MsoNormal\">Eksperimental</p>',NULL,1,1,1718710205,1718710205,1,1,0),(277,71,8,'<p class=\"MsoNormal\">taqqoslash</p>',NULL,0,1,1718710216,1718710216,1,1,0),(278,71,8,'<p class=\"MsoNormal\">kuzatish</p>',NULL,0,1,1718710224,1718710224,1,1,0),(279,71,8,'<p class=\"MsoNormal\">tarixiy</p>',NULL,0,1,1718710234,1718710234,1,1,0),(280,72,8,'<p class=\"MsoNormal\">lotincha</p>',NULL,0,1,1718710258,1718710258,1,1,0),(281,72,8,'<p class=\"MsoNormal\">yunoncha</p>',NULL,1,1,1718710298,1718710298,1,1,0),(282,72,8,'<p class=\"MsoNormal\">forscha</p>',NULL,0,1,1718710306,1718710306,1,1,0),(283,72,8,'<p class=\"MsoNormal\">fransuzcha</p>',NULL,0,1,1718710313,1718710313,1,1,0),(284,73,8,'<p class=\"MsoNormal\">kuzatish</p>',NULL,0,1,1718710345,1718710345,1,1,0),(285,73,8,'<p class=\"MsoNormal\">tarixiy</p>',NULL,0,1,1718710353,1718710353,1,1,0),(286,73,8,'<p class=\"MsoNormal\">tajriba</p>',NULL,0,1,1718710361,1718710361,1,1,0),(287,73,8,'<p class=\"MsoNormal\">taqqoslash</p>',NULL,1,1,1718710378,1718710378,1,1,0),(288,74,8,'<p class=\"MsoNormal\">kuzatish</p>',NULL,0,1,1718710479,1718710479,1,1,0),(289,74,8,'<p class=\"MsoNormal\">tarixiy</p>',NULL,1,1,1718710490,1718710490,1,1,0),(290,74,8,'<p class=\"MsoNormal\">&nbsp;tajriba</p>',NULL,0,1,1718710499,1718710499,1,1,0),(291,74,8,'<p class=\"MsoNormal\">taqqoslash</p>',NULL,0,1,1718710507,1718710507,1,1,0),(292,75,8,'<p class=\"MsoNormal\">kuzatish</p>',NULL,0,1,1718710538,1718710538,1,1,0),(293,75,8,'<p class=\"MsoNormal\">tarixiy</p>',NULL,0,1,1718710544,1718710544,1,1,0),(294,75,8,'<p class=\"MsoNormal\">tajriba</p>',NULL,1,1,1718710555,1718710555,1,1,0),(295,75,8,'<p class=\"MsoNormal\">taqqoslash</p>',NULL,0,1,1718710566,1718710566,1,1,0),(296,76,4,'<p>is</p>',NULL,1,1,1718710984,1718710991,1,1,0),(297,76,4,'<p>are</p>',NULL,0,1,1718710998,1718710998,1,1,0),(298,76,4,'<p>am</p>',NULL,0,1,1718711003,1718711003,1,1,0),(299,76,4,'<p>be</p>',NULL,0,1,1718711010,1718711010,1,1,0),(300,77,4,'<p class=\"MsoNormal\">Your / surname</p>',NULL,0,1,1718711042,1718711042,1,1,0),(301,77,4,'<p class=\"MsoNormal\">My / surname</p>',NULL,1,1,1718711054,1718711061,1,1,0),(302,77,4,'<p class=\"MsoNormal\">I / surname</p>',NULL,0,1,1718711068,1718711068,1,1,0),(303,77,4,'<p class=\"MsoNormal\">I / name</p>',NULL,0,1,1718711101,1718711101,1,1,0),(304,78,4,'<p class=\"MsoNormal\">My am</p>',NULL,0,1,1718711123,1718711123,1,1,0),(305,78,4,'<p class=\"MsoNormal\">I is</p>',NULL,0,1,1718711132,1718711132,1,1,0),(306,78,4,'<p class=\"MsoNormal\">I am</p>',NULL,1,1,1718711140,1718711201,1,1,0),(307,78,4,'<p class=\"MsoNormal\">I&nbsp;</p>',NULL,0,1,1718711145,1718711190,1,1,0),(308,79,4,'<p class=\"MsoNormal\">His / She</p>',NULL,0,1,1718711228,1718711228,1,1,0),(309,79,4,'<p class=\"MsoNormal\">His / He&rsquo;s</p>',NULL,0,1,1718711235,1718711235,1,1,0),(310,79,4,'<p class=\"MsoNormal\">Her / She&rsquo;s</p>',NULL,1,1,1718711245,1718711245,1,1,0),(311,79,4,'<p class=\"MsoNormal\">His / His</p>',NULL,0,1,1718711251,1718711251,1,1,0),(312,80,4,'<p class=\"MsoNormal\">&nbsp;is / He&rsquo;s</p>',NULL,1,1,1718711298,1718711298,1,1,0),(313,80,4,'<p class=\"MsoNormal\">is / His</p>',NULL,0,1,1718711306,1718711306,1,1,0),(314,80,4,'<p class=\"MsoNormal\">am / He&rsquo;s</p>',NULL,0,1,1718711316,1718711316,1,1,0),(315,80,4,'<p class=\"MsoNormal\">is / She&rsquo;s</p>',NULL,0,1,1718711323,1718711323,1,1,0),(316,81,4,'<p class=\"MsoNormal\">What</p>',NULL,0,1,1718711348,1718711348,1,1,0),(317,81,4,'<p class=\"MsoNormal\">Who</p>',NULL,0,1,1718711357,1718711357,1,1,0),(318,81,4,'<p class=\"MsoNormal\">Where</p>',NULL,1,1,1718711364,1718711364,1,1,0),(319,81,4,'<p class=\"MsoNormal\">When</p>',NULL,0,1,1718711371,1718711371,1,1,0),(320,82,4,'<p class=\"MsoNormal\">is / from</p>',NULL,0,1,1718728878,1718728878,1,1,0),(321,82,4,'<p class=\"MsoNormal\">are / in</p>',NULL,0,1,1718728885,1718728885,1,1,0),(322,82,4,'<p class=\"MsoNormal\">are / is</p>',NULL,0,1,1718728892,1718728892,1,1,0),(323,82,4,'<p class=\"MsoNormal\">are / from</p>',NULL,1,1,1718728899,1718728899,1,1,0),(324,83,4,'<p class=\"MsoNormal\">I&rsquo;m</p>',NULL,1,1,1718728948,1718728948,1,1,0),(325,83,4,'<p class=\"MsoNormal\">He&rsquo;s</p>',NULL,0,1,1718728957,1718728957,1,1,0),(326,83,4,'<p class=\"MsoNormal\">You&rsquo;re</p>',NULL,0,1,1718728965,1718728965,1,1,0),(327,83,4,'<p class=\"MsoNormal\">She&rsquo;s</p>',NULL,0,1,1718728970,1718728970,1,1,0),(328,84,4,'<p class=\"MsoNormal\">He&rsquo;s / France</p>',NULL,1,1,1718729005,1718729005,1,1,0),(329,84,4,'<p class=\"MsoNormal\">His&rsquo;s / French</p>',NULL,0,1,1718729015,1718729015,1,1,0),(330,84,4,'<p class=\"MsoNormal\">His / France</p>',NULL,0,1,1718729023,1718729023,1,1,0),(331,84,4,'<p class=\"MsoNormal\">He / France</p>',NULL,0,1,1718729029,1718729029,1,1,0),(332,85,4,'<p class=\"MsoNormal\">There</p>',NULL,0,1,1718730221,1718730221,1,1,0),(333,85,4,'<p class=\"MsoNormal\">Their</p>',NULL,0,1,1718730230,1718730230,1,1,0),(334,85,4,'<p class=\"MsoNormal\">They&rsquo;re</p>',NULL,1,1,1718730237,1718730262,1,1,0),(335,85,4,'<p class=\"MsoNormal\">Their&rsquo;re</p>',NULL,0,1,1718730257,1718730257,1,1,0),(336,86,4,'<p class=\"MsoNormal\">are/name</p>',NULL,0,1,1718770834,1718770834,1,1,0),(337,86,4,'<p class=\"MsoNormal\">is / name</p>',NULL,0,1,1718777247,1718777247,1,1,0),(338,86,4,'<p class=\"MsoNormal\">is / names</p>',NULL,0,1,1718777254,1718777254,1,1,0),(339,86,4,'<p class=\"MsoNormal\">are / names</p>',NULL,1,1,1718777261,1718777261,1,1,0),(340,87,4,'<p class=\"MsoNormal\">&nbsp;am / am</p>',NULL,0,1,1718777304,1718777304,1,1,0),(341,87,4,'<p class=\"MsoNormal\">are / am</p>',NULL,0,1,1718777311,1718777311,1,1,0),(342,87,4,'<p class=\"MsoNormal\">am / is</p>',NULL,0,1,1718777320,1718777320,1,1,0),(343,87,4,'<p class=\"MsoNormal\">are / are</p>',NULL,0,1,1718777326,1718777326,1,1,0),(344,87,4,'<p class=\"MsoNormal\">Mark______ 19, but Brian and Denis ______ 26 and 28.</p>',NULL,1,1,1718777338,1718777338,1,1,0),(345,88,4,'<p class=\"MsoNormal\">&nbsp;am / am</p>',NULL,0,1,1718777372,1718777372,1,1,0),(346,88,4,'<p class=\"MsoNormal\">are / am</p>',NULL,0,1,1718777377,1718777377,1,1,0),(347,88,4,'<p class=\"MsoNormal\">am / is</p>',NULL,1,1,1718777387,1718777387,1,1,0),(348,88,4,'<p class=\"MsoNormal\">are / are</p>',NULL,0,1,1718777394,1718777394,1,1,0),(349,89,4,'<p class=\"MsoNormal\">is / are</p>',NULL,1,1,1718777415,1718777415,1,1,0),(350,89,4,'<p class=\"MsoNormal\">are / is</p>',NULL,0,1,1718777522,1718777522,1,1,0),(351,89,4,'<p class=\"MsoNormal\">are / are</p>',NULL,0,1,1718777528,1718777528,1,1,0),(352,89,4,'<p class=\"MsoNormal\">am / are</p>',NULL,0,1,1718777534,1718777534,1,1,0),(353,90,4,'<p class=\"MsoNormal\">are / a</p>',NULL,0,1,1718777561,1718777561,1,1,0),(354,90,4,'<p class=\"MsoNormal\">is / a</p>',NULL,0,1,1718777568,1718777568,1,1,0),(355,90,4,'<p class=\"MsoNormal\">is / an</p>',NULL,1,1,1718777576,1718777576,1,1,0),(356,90,4,'<p class=\"MsoNormal\">its / an</p>',NULL,0,1,1718777584,1718777584,1,1,0),(357,91,4,'<p class=\"MsoNormal\">&nbsp;an</p>',NULL,1,1,1718777609,1718777609,1,1,0),(358,91,4,'<p>the</p>',NULL,0,1,1718777618,1718777618,1,1,0),(359,91,4,'<p>a</p>',NULL,0,1,1718777622,1718777622,1,1,0),(360,91,4,'<p>*</p>',NULL,0,1,1718777631,1718777631,1,1,0),(361,92,4,'<p class=\"MsoNormal\">is a / car</p>',NULL,0,1,1718777660,1718777660,1,1,0),(362,92,4,'<p class=\"MsoNormal\">is / car</p>',NULL,0,1,1718777668,1718777668,1,1,0),(363,92,4,'<p class=\"MsoNormal\">are / cars</p>',NULL,1,1,1718777676,1718777676,1,1,0),(364,92,4,'<p class=\"MsoNormal\">&nbsp;is / cars</p>',NULL,0,1,1718777686,1718777686,1,1,0),(365,93,4,'<p class=\"MsoNormal\">his job</p>',NULL,0,1,1718777709,1718777709,1,1,0),(366,93,4,'<p class=\"MsoNormal\">she job</p>',NULL,0,1,1718777715,1718777715,1,1,0),(367,93,4,'<p class=\"MsoNormal\">he job</p>',NULL,0,1,1718777721,1718777721,1,1,0),(368,93,4,'<p class=\"MsoNormal\">her job</p>',NULL,1,1,1718777727,1718777727,1,1,0),(369,94,4,'<p class=\"MsoNormal\">oh / twelve / eighteen / twenty</p>',NULL,0,1,1718778750,1718778750,1,1,0),(370,94,4,'<p class=\"MsoNormal\">zero / two / one-one / eighteen / twenty</p>',NULL,0,1,1718778765,1718778765,1,1,0),(371,94,4,'<p class=\"MsoNormal\">&nbsp;zero / two / eleven / eighteen / twenty</p>',NULL,1,1,1718778784,1718778784,1,1,0),(372,94,4,'<p class=\"MsoNormal\">zero / two / eleven / eighty / twenty</p>',NULL,0,1,1718779046,1718779046,1,1,0),(373,95,4,'<p class=\"MsoNormal\">She</p>',NULL,0,1,1718779154,1718779154,1,1,0),(374,95,4,'<p class=\"MsoNormal\">He</p>',NULL,0,1,1718779161,1718779161,1,1,0),(375,95,4,'<p class=\"MsoNormal\">She&rsquo;s</p>',NULL,1,1,1718779170,1718779170,1,1,0),(376,95,4,'<p class=\"MsoNormal\">He&rsquo;s</p>',NULL,0,1,1718779176,1718779176,1,1,0),(377,97,4,'<p class=\"MsoNormal\">are / His</p>',NULL,0,1,1718976307,1718976307,1,1,0),(378,97,4,'<p class=\"MsoNormal\">is / My</p>',NULL,0,1,1718976326,1718976326,1,1,0),(379,97,4,'<p class=\"MsoNormal\">is / His</p>',NULL,1,1,1718976363,1718976363,1,1,0),(380,97,4,'<p class=\"MsoNormal\">his / His</p>',NULL,0,1,1718976373,1718976373,1,1,0),(381,96,4,'<p class=\"MsoNormal\">are / is</p>',NULL,0,1,1718976449,1718976449,1,1,0),(382,96,4,'<p class=\"MsoNormal\">is / is</p>',NULL,1,1,1718976464,1718976464,1,1,0),(383,96,4,'<p class=\"MsoNormal\">is / am</p>',NULL,0,1,1718976475,1718976475,1,1,0),(384,96,4,'<p class=\"MsoNormal\">are / are</p>',NULL,0,1,1718976485,1718976485,1,1,0),(385,98,4,'<p class=\"MsoNormal\">is / is</p>',NULL,0,1,1718976624,1718976624,1,1,0),(386,98,4,'<p class=\"MsoNormal\">are / is</p>',NULL,0,1,1718977751,1718977751,1,1,0),(387,98,4,'<p class=\"MsoNormal\">are / are</p>',NULL,1,1,1718977761,1718977761,1,1,0),(388,98,4,'<p class=\"MsoNormal\">&nbsp;is / is</p>',NULL,0,1,1718977770,1718977770,1,1,0),(389,99,4,'<p class=\"MsoNormal\">his</p>',NULL,0,1,1718977819,1718977819,1,1,0),(390,99,4,'<p class=\"MsoNormal\">her</p>',NULL,0,1,1718977826,1718977826,1,1,0),(391,99,4,'<p class=\"MsoNormal\">your</p>',NULL,1,1,1718977835,1718977835,1,1,0),(392,99,4,'<p class=\"MsoNormal\">my</p>',NULL,0,1,1718977842,1718977842,1,1,0),(393,100,4,'<p class=\"MsoNormal\">His</p>',NULL,0,1,1718977876,1718977876,1,1,0),(394,100,4,'<p class=\"MsoNormal\">My</p>',NULL,0,1,1718977885,1718977885,1,1,0),(395,100,4,'<p class=\"MsoNormal\">Her</p>',NULL,1,1,1718977894,1718977894,1,1,0),(396,100,4,'<p class=\"MsoNormal\">Its</p>',NULL,0,1,1718977900,1718977900,1,1,0),(397,101,4,'<p class=\"MsoNormal\">an / His</p>',NULL,0,1,1718978108,1718978108,1,1,0),(398,101,4,'<p class=\"MsoNormal\">a / Her</p>',NULL,0,1,1718978145,1718978145,1,1,0),(399,101,4,'<p class=\"MsoNormal\">a / His</p>',NULL,1,1,1718978159,1718978159,1,1,0),(400,101,4,'<p class=\"MsoNormal\">* / His</p>',NULL,0,1,1718978166,1718978166,1,1,0),(401,103,7,'<p><em style=\"mso-bidi-font-style: normal;\"><span lang=\"EN-US\" style=\"font-size: 14.0pt; line-height: 115%; font-family: \'Times New Roman\',serif; mso-fareast-font-family: \'Times New Roman\'; mso-ansi-language: EN-US; mso-fareast-language: RU; mso-bidi-language: AR-SA;\">O&lsquo;zini sovuqda qaltirayotgandek his qilgan kampir qizi bergan choydan qaynoq-qaynoq ichgach, tanasiga yoqimli issiqlik yugurdi.</span></em><span lang=\"EN-US\" style=\"font-size: 14.0pt; line-height: 115%; font-family: \'Times New Roman\',serif; mso-fareast-font-family: \'Times New Roman\'; mso-ansi-language: EN-US; mso-fareast-language: RU; mso-bidi-language: AR-SA;\"> Berilgan parchadagi fonetik hodisa asosida yozilgan so&lsquo;zlar haqida berilgan to&lsquo;g&lsquo;ri fikrni belgilang. </span></p>',NULL,1,1,1718978400,1718978400,1,1,0),(402,102,4,'<p>name is / from am</p>',NULL,0,1,1718978410,1718978410,1,1,0),(403,103,7,'<p><span lang=\"EN-US\" style=\"font-size: 14.0pt; line-height: 115%; font-family: \'Times New Roman\',serif; mso-fareast-font-family: \'Times New Roman\'; mso-ansi-language: EN-US; mso-fareast-language: RU; mso-bidi-language: AR-SA;\">Fonetik hodisalar shakl yasovchi va so&lsquo;z yasovchi qo&lsquo;shimchalar ta&rsquo;sirida ro&lsquo;y bergan. </span></p>',NULL,0,1,1718978411,1718978411,1,1,0),(404,102,4,'<p class=\"MsoNormal\">is name / from am</p>',NULL,0,1,1718978419,1718978419,1,1,0),(405,102,4,'<p class=\"MsoNormal\">name is / am from</p>',NULL,1,1,1718978436,1718978436,1,1,0),(406,102,4,'<p class=\"MsoNormal\">name am / is from</p>',NULL,0,1,1718978446,1718978446,1,1,0),(407,103,7,'<p><span lang=\"EN-US\" style=\"font-size: 14.0pt; line-height: 115%; font-family: \'Times New Roman\',serif; mso-fareast-font-family: \'Times New Roman\'; mso-ansi-language: EN-US; mso-fareast-language: RU; mso-bidi-language: AR-SA;\">Tovush almashishi lug&lsquo;aviy shakl yasovchi qo&lsquo;shimchalar ta&rsquo;sirida ro&lsquo;y bergan. <br style=\"mso-special-character: line-break;\"><!-- [if !supportLineBreakNewLine]--><br style=\"mso-special-character: line-break;\"><!--[endif]--></span></p>',NULL,0,1,1718978454,1718978454,1,1,0),(408,103,7,'<p><span lang=\"EN-US\" style=\"font-size: 14.0pt; line-height: 115%; font-family: \'Times New Roman\',serif; mso-fareast-font-family: \'Times New Roman\'; mso-ansi-language: EN-US; mso-fareast-language: RU; mso-bidi-language: AR-SA;\">Fonetik hodisalarning bir turi kuzatilgan. </span></p>',NULL,0,1,1718978466,1718978466,1,1,0),(409,104,4,'<p class=\"MsoNormal\">he</p>',NULL,0,1,1718978478,1718978478,1,1,0),(410,104,4,'<p class=\"MsoNormal\">you</p>',NULL,0,1,1718978489,1718978489,1,1,0),(411,105,7,'<p><span lang=\"EN-US\" style=\"font-size: 14.0pt; line-height: 115%; font-family: \'Times New Roman\',serif; mso-fareast-font-family: \'Times New Roman\'; mso-ansi-language: EN-US; mso-fareast-language: RU; mso-bidi-language: AR-SA;\">Chakka suyaklari turtib chiqqan, peshana &ndash; bo&lsquo;yiga tor, eniga keng va uzun uch chuqur ajinga ega. </span></p>',NULL,0,1,1718978491,1718978491,1,1,0),(412,104,4,'<p class=\"MsoNormal\">your</p>',NULL,1,1,1718978498,1718978498,1,1,0),(413,105,7,'<p><span lang=\"EN-US\" style=\"font-size: 14.0pt; line-height: 115%; font-family: \'Times New Roman\',serif; mso-fareast-font-family: \'Times New Roman\'; mso-ansi-language: EN-US; mso-fareast-language: RU; mso-bidi-language: AR-SA;\">So&lsquo;ngra qo&lsquo;lga olib zalvarli gurzi, <br><span style=\"mso-spacerun: yes;\">&nbsp;&nbsp;&nbsp;&nbsp; </span>Bir-birin savadi, bir-birin ezdi. <br style=\"mso-special-character: line-break;\"><!-- [if !supportLineBreakNewLine]--><br style=\"mso-special-character: line-break;\"><!--[endif]--></span></p>',NULL,0,1,1718978500,1718978500,1,1,0),(414,104,4,'<p class=\"MsoNormal\">yours</p>',NULL,0,1,1718978505,1718978505,1,1,0),(415,105,7,'<p><span lang=\"EN-US\" style=\"font-size: 14.0pt; line-height: 115%; font-family: \'Times New Roman\',serif; mso-fareast-font-family: \'Times New Roman\'; mso-ansi-language: EN-US; mso-fareast-language: RU; mso-bidi-language: AR-SA;\">Chunki jonli bulbul har gal o&lsquo;zicha yurakdan kuylar, sun&rsquo;iy bulbul esa xuddi qo&lsquo;g&lsquo;irchoq sharmankaday faqat bir yo&lsquo;sinda qo&lsquo;shiq aytar edi.<br style=\"mso-special-character: line-break;\"><!--[endif]--></span></p>',NULL,0,1,1718978510,1718978510,1,1,0),(416,105,7,'<p><span lang=\"EN-US\" style=\"font-size: 14.0pt; line-height: 115%; font-family: \'Times New Roman\',serif; mso-fareast-font-family: \'Times New Roman\'; mso-ansi-language: EN-US; mso-fareast-language: RU; mso-bidi-language: AR-SA;\">Fikr ifodalash uchun kerak bo&lsquo;lgan so&lsquo;zlarning ba&rsquo;zilari matn yoki nutq vaziyati taqqozosi bilan ishlatilmagan gaplar to&lsquo;liqsizgap deyiladi.<br style=\"mso-special-character: line-break;\"><!--[endif]--></span></p>',NULL,1,1,1718978518,1718978518,1,1,0),(417,106,4,'<p class=\"MsoNormal\">are a</p>',NULL,0,1,1718978543,1718978543,1,1,0),(418,107,7,'<p><span lang=\"EN-US\" style=\"font-size: 14.0pt; line-height: 115%; font-family: \'Times New Roman\',serif; mso-fareast-font-family: \'Times New Roman\'; mso-ansi-language: EN-US; mso-fareast-language: RU; mso-bidi-language: AR-SA;\">Mana, uch kundan beri <u>qorasoqol</u> yelkasiga ov miltig&lsquo;ini osib, bo&lsquo;rilarni ta&rsquo;qib qiladi.</span></p>',NULL,0,1,1718978550,1718978550,1,1,0),(419,106,4,'<p class=\"MsoNormal\">is</p>',NULL,0,1,1718978550,1718978550,1,1,0),(420,106,4,'<p class=\"MsoNormal\">are</p>',NULL,1,1,1718978557,1718978557,1,1,0),(421,107,7,'<p><span lang=\"EN-US\" style=\"font-size: 14.0pt; line-height: 115%; font-family: \'Times New Roman\',serif; mso-fareast-font-family: \'Times New Roman\'; mso-ansi-language: EN-US; mso-fareast-language: RU; mso-bidi-language: AR-SA;\">Bu olamda Oy tanho, muborak Quyosh tanho, <br><span style=\"mso-spacerun: yes;\">&nbsp;&nbsp;&nbsp;&nbsp; </span>Bo&lsquo;y qizlarning ichinda bir shu <u style=\"text-underline: black;\">egma qosh</u> tanho.<br style=\"mso-special-character: line-break;\"><!--[endif]--></span></p>',NULL,0,1,1718978559,1718978559,1,1,0),(422,106,4,'<p class=\"MsoNormal\">am</p>',NULL,0,1,1718978563,1718978563,1,1,0),(423,107,7,'<p><span lang=\"EN-US\" style=\"font-size: 14.0pt; line-height: 115%; font-family: \'Times New Roman\',serif; mso-fareast-font-family: \'Times New Roman\'; mso-ansi-language: EN-US; mso-fareast-language: RU; mso-bidi-language: AR-SA;\">Taqdir <u style=\"text-underline: black;\">kuldi</u>, o&lsquo;lim tegmasdan O&lsquo;tib ketdi, qilmadi jur&rsquo;at. </span></p>',NULL,1,1,1718978566,1718978566,1,1,0),(424,107,7,'<p><span lang=\"EN-US\" style=\"font-size: 14.0pt; line-height: 115%; font-family: \'Times New Roman\',serif; mso-fareast-font-family: \'Times New Roman\'; mso-ansi-language: EN-US; mso-fareast-language: RU; mso-bidi-language: AR-SA;\">&ndash; Unday demang, eshitgan <u style=\"text-underline: black;\">quloqqa</u> yomon.<br style=\"mso-special-character: line-break;\"><!--[endif]--></span></p>',NULL,0,1,1718978573,1718978573,1,1,0),(425,109,7,'<p><span lang=\"EN-US\" style=\"font-size: 14.0pt; line-height: 115%; font-family: \'Times New Roman\',serif; mso-fareast-font-family: \'Times New Roman\'; mso-ansi-language: EN-US; mso-fareast-language: RU; mso-bidi-language: AR-SA;\"><span style=\"mso-spacerun: yes;\">&nbsp;</span>asil</span></p>',NULL,0,1,1718978607,1718978607,1,1,0),(426,109,7,'<p><span lang=\"EN-US\" style=\"font-size: 14.0pt; line-height: 115%; font-family: \'Times New Roman\',serif; mso-fareast-font-family: \'Times New Roman\'; mso-ansi-language: EN-US; mso-fareast-language: RU; mso-bidi-language: AR-SA;\">halol<span style=\"mso-spacerun: yes;\">&nbsp;&nbsp;&nbsp; </span></span></p>',NULL,0,1,1718978613,1718978613,1,1,0),(427,109,7,'<p><span lang=\"EN-US\" style=\"font-size: 14.0pt; line-height: 115%; font-family: \'Times New Roman\',serif; mso-fareast-font-family: \'Times New Roman\'; mso-ansi-language: EN-US; mso-fareast-language: RU; mso-bidi-language: AR-SA;\">xiyla<span style=\"mso-spacerun: yes;\">&nbsp;&nbsp;&nbsp; </span></span></p>',NULL,0,1,1718978620,1718978620,1,1,0),(428,109,7,'<p><span lang=\"EN-US\" style=\"font-size: 14.0pt; line-height: 115%; font-family: \'Times New Roman\',serif; mso-fareast-font-family: \'Times New Roman\'; mso-ansi-language: EN-US; mso-fareast-language: RU; mso-bidi-language: AR-SA;\">ta&rsquo;rif </span></p>',NULL,1,1,1718978627,1718978627,1,1,0),(429,110,7,'<p><span lang=\"EN-US\" style=\"font-size: 14.0pt; line-height: 115%; font-family: \'Times New Roman\',serif; mso-fareast-font-family: \'Times New Roman\'; mso-ansi-language: EN-US; mso-fareast-language: RU; mso-bidi-language: AR-SA;\">yod, tarif<span style=\"mso-spacerun: yes;\">&nbsp;&nbsp;&nbsp;&nbsp;&nbsp;&nbsp;&nbsp;&nbsp;&nbsp;&nbsp;&nbsp;&nbsp; </span></span></p>',NULL,0,1,1718978643,1718978643,1,1,0),(430,110,7,'<p><span lang=\"EN-US\" style=\"font-size: 14.0pt; line-height: 115%; font-family: \'Times New Roman\',serif; mso-fareast-font-family: \'Times New Roman\'; mso-ansi-language: EN-US; mso-fareast-language: RU; mso-bidi-language: AR-SA;\">mijoz, erk <br style=\"mso-special-character: line-break;\"><!-- [if !supportLineBreakNewLine]--><br style=\"mso-special-character: line-break;\"><!--[endif]--></span></p>',NULL,0,1,1718978649,1718978649,1,1,0),(431,110,7,'<p><span lang=\"EN-US\" style=\"font-size: 14.0pt; line-height: 115%; font-family: \'Times New Roman\',serif; mso-fareast-font-family: \'Times New Roman\'; mso-ansi-language: EN-US; mso-fareast-language: RU; mso-bidi-language: AR-SA;\">dunyo, laqqa<span style=\"mso-spacerun: yes;\">&nbsp;&nbsp;&nbsp;&nbsp;&nbsp;&nbsp; </span></span></p>',NULL,1,1,1718978655,1718978655,1,1,0),(432,110,7,'<p><span lang=\"EN-US\" style=\"font-size: 14.0pt; line-height: 115%; font-family: \'Times New Roman\',serif; mso-fareast-font-family: \'Times New Roman\'; mso-ansi-language: EN-US; mso-fareast-language: RU; mso-bidi-language: AR-SA;\">mahal, she&rsquo;r<span style=\"mso-spacerun: yes;\">&nbsp; </span></span></p>',NULL,0,1,1718978660,1718978660,1,1,0),(433,111,7,'<p><span lang=\"EN-US\" style=\"font-size: 14.0pt; line-height: 115%; font-family: \'Times New Roman\',serif; mso-fareast-font-family: \'Times New Roman\'; mso-ansi-language: EN-US; mso-fareast-language: RU; mso-bidi-language: AR-SA;\">namgarchilik, bo&lsquo;yoqchilik, ko&lsquo;pchilik </span></p>',NULL,0,1,1718978676,1718978676,1,1,0),(434,111,7,'<p><span lang=\"EN-US\" style=\"font-size: 14.0pt; line-height: 115%; font-family: \'Times New Roman\',serif; mso-fareast-font-family: \'Times New Roman\'; mso-ansi-language: EN-US; mso-fareast-language: RU; mso-bidi-language: AR-SA;\">tiniq, yo&lsquo;liq, ekin </span></p>',NULL,0,1,1718978684,1718978684,1,1,0),(435,111,7,'<p><span lang=\"EN-US\" style=\"font-size: 14.0pt; line-height: 115%; font-family: \'Times New Roman\',serif; mso-fareast-font-family: \'Times New Roman\'; mso-ansi-language: EN-US; mso-fareast-language: RU; mso-bidi-language: AR-SA;\">unum, uyum, qo&lsquo;nim </span></p>',NULL,1,1,1718978691,1718978691,1,1,0),(436,111,7,'<p><span lang=\"EN-US\" style=\"font-size: 14.0pt; line-height: 115%; font-family: \'Times New Roman\',serif; mso-fareast-font-family: \'Times New Roman\'; mso-ansi-language: EN-US; mso-fareast-language: RU; mso-bidi-language: AR-SA;\">ishonch, ovunch, tiqilinch </span></p>',NULL,0,1,1718978698,1718978698,1,1,0),(437,112,7,'<p><span lang=\"EN-US\" style=\"font-size: 14.0pt; line-height: 115%; font-family: \'Times New Roman\',serif; mso-fareast-font-family: \'Times New Roman\'; mso-ansi-language: EN-US; mso-fareast-language: RU; mso-bidi-language: AR-SA;\">Bu davrda 14 jildlik qomusiy lug&lsquo;at, 2 jildlik izohli lug&lsquo;at va to&lsquo;plamlar nashr qilindi.<span style=\"mso-spacerun: yes;\">&nbsp; </span></span></p>',NULL,1,1,1718978735,1718978735,1,1,0),(438,112,7,'<p><span lang=\"EN-US\" style=\"font-size: 14.0pt; line-height: 115%; font-family: \'Times New Roman\',serif; mso-fareast-font-family: \'Times New Roman\'; mso-ansi-language: EN-US; mso-fareast-language: RU; mso-bidi-language: AR-SA;\">Ozgina totib ko&lsquo;r-chi, bolam, zora ishtahang ochilsa.<br style=\"mso-special-character: line-break;\"><!--[endif]--></span></p>',NULL,0,1,1718978743,1718978743,1,1,0),(439,112,7,'<p><span lang=\"EN-US\" style=\"font-size: 14.0pt; line-height: 115%; font-family: \'Times New Roman\',serif; mso-fareast-font-family: \'Times New Roman\'; mso-ansi-language: EN-US; mso-fareast-language: RU; mso-bidi-language: AR-SA;\">Men kitobimning shunchaki ermak uchungina o&lsquo;qilishini aslo istamayman.<br style=\"mso-special-character: line-break;\"><!--[endif]--></span></p>',NULL,0,1,1718978750,1718978750,1,1,0),(440,112,7,'<p><span lang=\"EN-US\" style=\"font-size: 14.0pt; line-height: 115%; font-family: \'Times New Roman\',serif; mso-fareast-font-family: \'Times New Roman\'; mso-ansi-language: EN-US; mso-fareast-language: RU; mso-bidi-language: AR-SA;\">Tepamdan go&lsquo;yo yashin urgandek, sapchib o&lsquo;rnimdan turdim.<br style=\"mso-special-character: line-break;\"><!--[endif]--></span></p>',NULL,0,1,1718978757,1718978757,1,1,0),(441,113,7,'<p><span lang=\"EN-US\" style=\"font-size: 14.0pt; line-height: 115%; font-family: \'Times New Roman\',serif; mso-fareast-font-family: \'Times New Roman\'; mso-ansi-language: EN-US; mso-fareast-language: RU; mso-bidi-language: AR-SA;\">1, 2, 4</span></p>',NULL,0,1,1718978804,1718978804,1,1,0),(442,113,7,'<p><span lang=\"EN-US\" style=\"font-size: 14.0pt; line-height: 115%; font-family: \'Times New Roman\',serif; mso-fareast-font-family: \'Times New Roman\'; mso-ansi-language: EN-US; mso-fareast-language: RU; mso-bidi-language: AR-SA;\">2 , 4<span style=\"mso-spacerun: yes;\">&nbsp;&nbsp;&nbsp; </span></span></p>',NULL,0,1,1718978812,1718978812,1,1,0),(443,113,7,'<p><span lang=\"EN-US\" style=\"font-size: 14.0pt; line-height: 115%; font-family: \'Times New Roman\',serif; mso-fareast-font-family: \'Times New Roman\'; mso-ansi-language: EN-US; mso-fareast-language: RU; mso-bidi-language: AR-SA;\">1, 3, 4<span style=\"mso-spacerun: yes;\">&nbsp;&nbsp;&nbsp; </span></span></p>',NULL,0,1,1718978817,1718978817,1,1,0),(444,113,7,'<p>3</p>',NULL,1,1,1718978823,1718978823,1,1,0),(445,114,7,'<p><span lang=\"EN-US\" style=\"font-size: 14.0pt; line-height: 115%; font-family: \'Times New Roman\',serif; mso-fareast-font-family: \'Times New Roman\'; mso-ansi-language: EN-US; mso-fareast-language: RU; mso-bidi-language: AR-SA;\">Hikoya davomida Fanorchi ota kayfiyati va ruhiyatida yuz bergan bir o&lsquo;zgarishni sezgandirsiz. </span></p>',NULL,0,1,1718978845,1718978845,1,1,0),(446,114,7,'<p><span lang=\"EN-US\" style=\"font-size: 14.0pt; line-height: 115%; font-family: \'Times New Roman\',serif; mso-fareast-font-family: \'Times New Roman\'; mso-ansi-language: EN-US; mso-fareast-language: RU; mso-bidi-language: AR-SA;\">Bu hislar hozirgina beboshlik qilib, keksa kishining urinishlaridan kekkayib turgan, hatto uning ustidan &laquo;piq-piq&raquo; kulayotgan bolalar ko&lsquo;ngliga ham ko&lsquo;chadi, ularni insof, shafqat ko&lsquo;chasiga yetaklaydi.<br style=\"mso-special-character: line-break;\"><!--[endif]--></span></p>',NULL,0,1,1718978852,1718978852,1,1,0),(447,114,7,'<p><span lang=\"EN-US\" style=\"font-size: 14.0pt; line-height: 115%; font-family: \'Times New Roman\',serif; mso-fareast-font-family: \'Times New Roman\'; mso-ansi-language: EN-US; mso-fareast-language: RU; mso-bidi-language: AR-SA;\">Bizning uydan tor ko&lsquo;cha bo&lsquo;ylab yuz qadamcha yurilsa, tosh terilgan katta ko&lsquo;chaga &ndash; &laquo;Oqmachit&raquo; mahallasiga chiqiladi. </span></p>',NULL,1,1,1718978863,1718978863,1,1,0),(448,114,7,'<p class=\"MsoNormal\" style=\"line-height: 150%; tab-stops: 14.2pt; margin: 0in 7.05pt .0001pt 0in;\"><span lang=\"EN-US\" style=\"font-size: 14.0pt; line-height: 150%; font-family: \'Times New Roman\',serif; mso-ansi-language: EN-US;\">Bobom qalashib yotgan handalaklardan bitta kichkmasini oladi-da, hidlab qo&lsquo;limga tutqazadi, keyin bahosini so&lsquo;raydi.<span style=\"mso-spacerun: yes;\">&nbsp; </span><o:p></o:p></span></p>',NULL,0,1,1718978870,1718978870,1,1,0),(449,115,7,'<p><span lang=\"EN-US\" style=\"font-size: 14.0pt; line-height: 115%; font-family: \'Times New Roman\',serif; mso-fareast-font-family: \'Times New Roman\'; mso-ansi-language: EN-US; mso-fareast-language: RU; mso-bidi-language: AR-SA;\">Bu ingichka xirilloq ovozning egasi, har bir so&lsquo;zidan zahar tomchilab turgan bu odam... amir Sulton Jondor edi!.. </span></p>',NULL,0,1,1718978895,1718978895,1,1,0),(450,115,7,'<p><span lang=\"EN-US\" style=\"font-size: 14.0pt; line-height: 115%; font-family: \'Times New Roman\',serif; mso-fareast-font-family: \'Times New Roman\'; mso-ansi-language: EN-US; mso-fareast-language: RU; mso-bidi-language: AR-SA;\">Yoyning o&lsquo;qi yashinday oqib ketdi, tosh tablani teshib o&lsquo;tdi, ot o&lsquo;zini o&lsquo;ng&lsquo;arguncha G&lsquo;irotning jilovini ushlab, egarlab olib keldi.<br style=\"mso-special-character: line-break;\"><!--[endif]--></span></p>',NULL,0,1,1718978900,1718978915,1,1,0),(451,115,7,'<p><span lang=\"EN-US\" style=\"font-size: 14.0pt; line-height: 115%; font-family: \'Times New Roman\',serif; mso-fareast-font-family: \'Times New Roman\'; mso-ansi-language: EN-US; mso-fareast-language: RU; mso-bidi-language: AR-SA;\">Beruniy, guzarga chiqqach, tanish meshkobchidan bir kosa sovuq suv so&lsquo;rab oldi-da, uni ichib, sada tagida uzoq o&lsquo;yga tolib o&lsquo;tirdi. </span></p>',NULL,1,1,1718978925,1718978925,1,1,0),(452,115,7,'<p><span lang=\"EN-US\" style=\"font-size: 14.0pt; line-height: 115%; font-family: \'Times New Roman\',serif; mso-fareast-font-family: \'Times New Roman\'; mso-ansi-language: EN-US; mso-fareast-language: RU; mso-bidi-language: AR-SA;\">Amiral mo&lsquo;mininning bu odati esiga tushgan Unsuriy ko&lsquo;rpa tagidan chiqib turgan qoqsuyak oyoqlarga asta qo&lsquo;l cho&lsquo;zdi.<br style=\"mso-special-character: line-break;\"><!--[endif]--></span></p>',NULL,0,1,1718978932,1718978932,1,1,0),(453,116,7,'<p>5</p>',NULL,0,1,1718978957,1718978957,1,1,0),(454,116,7,'<p>4</p>',NULL,0,1,1718978962,1718978962,1,1,0),(455,116,7,'<p>7</p>',NULL,0,1,1718978968,1718978968,1,1,0),(456,116,7,'<p>6</p>',NULL,1,1,1718978974,1718978974,1,1,0),(457,117,7,'<p><span lang=\"EN-US\" style=\"font-size: 14.0pt; line-height: 115%; font-family: \'Times New Roman\',serif; mso-fareast-font-family: \'Times New Roman\'; mso-ansi-language: EN-US; mso-fareast-language: RU; mso-bidi-language: AR-SA;\">Ona til, ona tilim, Asl, durdona tilim. <br><span style=\"mso-spacerun: yes;\">&nbsp;&nbsp;&nbsp; </span>Sen millatning mulkisan, Chiroyisan, ko&lsquo;rkisan. <br style=\"mso-special-character: line-break;\"><!-- [if !supportLineBreakNewLine]--><br style=\"mso-special-character: line-break;\"><!--[endif]--></span></p>',NULL,0,1,1718978995,1718978995,1,1,0),(458,117,7,'<p><span lang=\"EN-US\" style=\"font-size: 14.0pt; line-height: 115%; font-family: \'Times New Roman\',serif; mso-fareast-font-family: \'Times New Roman\'; mso-ansi-language: EN-US; mso-fareast-language: RU; mso-bidi-language: AR-SA;\">Biz sizlarni gazeta sharhi bilan tanishtirdik.<br style=\"mso-special-character: line-break;\"><!--[endif]--></span></p>',NULL,0,1,1718979006,1718979006,1,1,0),(459,117,7,'<p><span lang=\"EN-US\" style=\"font-size: 14.0pt; line-height: 115%; font-family: \'Times New Roman\',serif; mso-fareast-font-family: \'Times New Roman\'; mso-ansi-language: EN-US; mso-fareast-language: RU; mso-bidi-language: AR-SA;\">Inson farzandi uchun pokizalikdan ulug&lsquo; baxt bormi? Kamol topishi Sizga, menga &ndash; hammamizga bog&lsquo;liq emasm.<br style=\"mso-special-character: line-break;\"><!--[endif]--></span></p>',NULL,0,1,1718979014,1718979014,1,1,0),(460,117,7,'<p><span lang=\"EN-US\" style=\"font-size: 14.0pt; line-height: 115%; font-family: \'Times New Roman\',serif; mso-fareast-font-family: \'Times New Roman\'; mso-ansi-language: EN-US; mso-fareast-language: RU; mso-bidi-language: AR-SA;\">Birov bor &ndash; baxtini pulda ko&lsquo;radi, <br>Birov bor &ndash; baxtini ko&lsquo;radi qizda. <br style=\"mso-special-character: line-break;\"><!-- [if !supportLineBreakNewLine]--><br style=\"mso-special-character: line-break;\"><!--[endif]--></span></p>',NULL,1,1,1718979028,1718979028,1,1,0),(461,118,7,'<p><span lang=\"EN-US\" style=\"font-size: 14.0pt; line-height: 115%; font-family: \'Times New Roman\',serif; mso-fareast-font-family: \'Times New Roman\'; mso-ansi-language: EN-US; mso-fareast-language: RU; mso-bidi-language: AR-SA;\">olmosh bilan ifodalangan gap bo&lsquo;lagi bir o&lsquo;rinda aniqlovchini o&lsquo;ziga tobelantirib kelgan </span></p>',NULL,1,1,1718979052,1718979052,1,1,0),(462,118,7,'<p><span lang=\"EN-US\" style=\"font-size: 14.0pt; line-height: 115%; font-family: \'Times New Roman\',serif; mso-fareast-font-family: \'Times New Roman\'; mso-ansi-language: EN-US; mso-fareast-language: RU; mso-bidi-language: AR-SA;\">ikki o&lsquo;rinda aniqlovchini tobelantirgan vositali to&lsquo;ldiruvchi kesimga bevosita bog&lsquo;langan </span></p>',NULL,0,1,1718979059,1718979059,1,1,0),(463,118,7,'<p><span lang=\"EN-US\" style=\"font-size: 14.0pt; line-height: 115%; font-family: \'Times New Roman\',serif; mso-fareast-font-family: \'Times New Roman\'; mso-ansi-language: EN-US; mso-fareast-language: RU; mso-bidi-language: AR-SA;\">gap bo&lsquo;laklarini shakllantirishda sof va vazifadosh ko&lsquo;makchilar ishtirok etgan</span></p>',NULL,0,1,1718979066,1718979066,1,1,0),(464,118,7,'<p><span lang=\"EN-US\" style=\"font-size: 14.0pt; line-height: 115%; font-family: \'Times New Roman\',serif; mso-fareast-font-family: \'Times New Roman\'; mso-ansi-language: EN-US; mso-fareast-language: RU; mso-bidi-language: AR-SA;\">kesimi qo&lsquo;shma ot-kesim sanaladi </span></p>',NULL,0,1,1718979071,1718979071,1,1,0),(465,119,7,'<p><span lang=\"EN-US\" style=\"font-size: 14.0pt; line-height: 115%; font-family: \'Times New Roman\',serif; mso-fareast-font-family: \'Times New Roman\'; mso-ansi-language: EN-US; mso-fareast-language: RU; mso-bidi-language: AR-SA;\">Aytdim-ku, hech kimdan ko&lsquo;rmaganingni mana shu Fotmadan ko&lsquo;rasan. </span></p>',NULL,0,1,1718979094,1718979094,1,1,0),(466,119,7,'<p><span lang=\"EN-US\" style=\"font-size: 14.0pt; line-height: 115%; font-family: \'Times New Roman\',serif; mso-fareast-font-family: \'Times New Roman\'; mso-ansi-language: EN-US; mso-fareast-language: RU; mso-bidi-language: AR-SA;\">Moziy va istiqbolga munosib bo&lsquo;lish uchun, keling, Siz ham mana shu tabarruk ayyomlarning totini teran his qilib shukronalik bilan hayot kechiraylik.<br style=\"mso-special-character: line-break;\"><!--[endif]--></span></p>',NULL,1,1,1718979102,1718979102,1,1,0),(467,119,7,'<p><span lang=\"EN-US\" style=\"font-size: 14.0pt; line-height: 115%; font-family: \'Times New Roman\',serif; mso-fareast-font-family: \'Times New Roman\'; mso-ansi-language: EN-US; mso-fareast-language: RU; mso-bidi-language: AR-SA;\">Opaning ko&lsquo;zlariga yana bir bora boq, horg&lsquo;inligiga e&rsquo;tibor ber.<br style=\"mso-special-character: line-break;\"><!--[endif]--></span></p>',NULL,0,1,1718979109,1718979109,1,1,0),(468,119,7,'<p><span lang=\"EN-US\" style=\"font-size: 14.0pt; line-height: 115%; font-family: \'Times New Roman\',serif; mso-fareast-font-family: \'Times New Roman\'; mso-ansi-language: EN-US; mso-fareast-language: RU; mso-bidi-language: AR-SA;\">Agar sen go&lsquo;daklik zamoningda onang sen bilan qanday hayot kechirganini, o&lsquo;zingning esa osmon bilan yerning farqini bilmaydigan bir chaqaloq bo&lsquo;lganingni bilishni istasang, atrofingdagi onalarga qara.<br style=\"mso-special-character: line-break;\"><!--[endif]--></span></p>',NULL,0,1,1718979115,1718979115,1,1,0),(469,120,7,'<p><span lang=\"EN-US\" style=\"font-size: 14.0pt; line-height: 115%; font-family: \'Times New Roman\',serif; mso-fareast-font-family: \'Times New Roman\'; mso-ansi-language: EN-US; mso-fareast-language: RU; mso-bidi-language: AR-SA;\">Bulutlar haydar shamol, Goh yog&lsquo;ib </span><span style=\"font-size: 14.0pt; line-height: 115%; font-family: \'Times New Roman\',serif; mso-fareast-font-family: \'Times New Roman\'; mso-ansi-language: RU; mso-fareast-language: RU; mso-bidi-language: AR-SA;\">о</span><span lang=\"EN-US\" style=\"font-size: 14.0pt; line-height: 115%; font-family: \'Times New Roman\',serif; mso-fareast-font-family: \'Times New Roman\'; mso-ansi-language: EN-US; mso-fareast-language: RU; mso-bidi-language: AR-SA;\">&rsquo;tar yomg&lsquo;ir,<span style=\"mso-spacerun: yes;\">&nbsp;&nbsp;&nbsp;&nbsp;&nbsp;&nbsp;&nbsp;&nbsp;&nbsp; </span>Barglar pokiza, zilol, Goh quyosh to&lsquo;kadi nur.<br style=\"mso-special-character: line-break;\"><!--[endif]--></span></p>',NULL,1,1,1718979137,1718979137,1,1,0),(470,120,7,'<p><span lang=\"EN-US\" style=\"font-size: 14.0pt; line-height: 115%; font-family: \'Times New Roman\',serif; mso-fareast-font-family: \'Times New Roman\'; mso-ansi-language: EN-US; mso-fareast-language: RU; mso-bidi-language: AR-SA;\">Mevani gullata bilishgina emas, balki undan mo&lsquo;l va shirin hosil yetkaza bilish san&rsquo;atdir. </span></p>',NULL,0,1,1718979144,1718979144,1,1,0),(471,120,7,'<p><span lang=\"EN-US\" style=\"font-size: 14.0pt; line-height: 115%; font-family: \'Times New Roman\',serif; mso-fareast-font-family: \'Times New Roman\'; mso-ansi-language: EN-US; mso-fareast-language: RU; mso-bidi-language: AR-SA;\">Jomiy va Navoiy o&lsquo;rtasidagi yakdillik va do&lsquo;stlik o&lsquo;zbek hamda tojik xalqlarining birodarligi va do&lsquo;stligining yorqin timsolidir.<br style=\"mso-special-character: line-break;\"><!--[endif]--></span></p>',NULL,0,1,1718979152,1718979152,1,1,0),(472,120,7,'<p><span lang=\"EN-US\" style=\"font-size: 14.0pt; line-height: 115%; font-family: \'Times New Roman\',serif; mso-fareast-font-family: \'Times New Roman\'; mso-ansi-language: EN-US; mso-fareast-language: RU; mso-bidi-language: AR-SA;\">Qirlardagi lolalar va tog&lsquo; etaklaridagi binafshalar kishiga huzur bag&lsquo;ishlaydi. </span></p>',NULL,0,1,1718979159,1718979159,1,1,0),(473,121,7,'<p><span lang=\"EN-US\" style=\"font-size: 14.0pt; line-height: 115%; font-family: \'Times New Roman\',serif; mso-fareast-font-family: \'Times New Roman\'; mso-ansi-language: EN-US; mso-fareast-language: RU; mso-bidi-language: AR-SA;\">Ushbu gapda qatnashgan fe&rsquo;l kesimlarning barchasi yasama so&lsquo;z bilan ifodalangan.<br style=\"mso-special-character: line-break;\"><!--[endif]--></span></p>',NULL,0,1,1718979193,1718979193,1,1,0),(474,121,7,'<p><span lang=\"EN-US\" style=\"font-size: 14.0pt; line-height: 115%; font-family: \'Times New Roman\',serif; mso-fareast-font-family: \'Times New Roman\'; mso-ansi-language: EN-US; mso-fareast-language: RU; mso-bidi-language: AR-SA;\">Ushbu gapda qatnashgan fe&rsquo;l kesimlar sodda va qo&lsquo;shma fe&rsquo;l kesimlar sanaladi.<br style=\"mso-special-character: line-break;\"><!--[endif]--></span></p>',NULL,0,1,1718979199,1718979199,1,1,0),(475,121,7,'<p><span lang=\"EN-US\" style=\"font-size: 14.0pt; line-height: 115%; font-family: \'Times New Roman\',serif; mso-fareast-font-family: \'Times New Roman\'; mso-ansi-language: EN-US; mso-fareast-language: RU; mso-bidi-language: AR-SA;\">Ushbu gapda qatnashgan fe&rsquo;l kesimlar buyruq-istak va xabar maylidagi fe&rsquo;llar bilan ifodalagan.<br style=\"mso-special-character: line-break;\"><!--[endif]--></span></p>',NULL,1,1,1718979208,1718979208,1,1,0),(476,121,7,'<p><span lang=\"EN-US\" style=\"font-size: 14.0pt; line-height: 115%; font-family: \'Times New Roman\',serif; mso-fareast-font-family: \'Times New Roman\'; mso-ansi-language: EN-US; mso-fareast-language: RU; mso-bidi-language: AR-SA;\">Uch o&lsquo;rinda fe&rsquo;l kesim ishtirok etgan.<br style=\"mso-special-character: line-break;\"><!--[endif]--></span></p>',NULL,0,1,1718979215,1718979215,1,1,0),(477,122,7,'<p><span lang=\"EN-US\" style=\"font-size: 14.0pt; line-height: 115%; font-family: \'Times New Roman\',serif; mso-fareast-font-family: \'Times New Roman\'; mso-ansi-language: EN-US; mso-fareast-language: RU; mso-bidi-language: AR-SA;\">1, 2, 4, 5<span style=\"mso-spacerun: yes;\">&nbsp;&nbsp; </span></span></p>',NULL,0,1,1718979246,1718979246,1,1,0),(478,122,7,'<p><span lang=\"EN-US\" style=\"font-size: 14.0pt; line-height: 115%; font-family: \'Times New Roman\',serif; mso-fareast-font-family: \'Times New Roman\'; mso-ansi-language: EN-US; mso-fareast-language: RU; mso-bidi-language: AR-SA;\">l, 2, 5<span style=\"mso-spacerun: yes;\">&nbsp;&nbsp;&nbsp; </span></span></p>',NULL,0,1,1718979260,1718979260,1,1,0),(479,122,7,'<p><span lang=\"EN-US\" style=\"font-size: 14.0pt; line-height: 115%; font-family: \'Times New Roman\',serif; mso-fareast-font-family: \'Times New Roman\'; mso-ansi-language: EN-US; mso-fareast-language: RU; mso-bidi-language: AR-SA;\">1, 2, 4<span style=\"mso-spacerun: yes;\">&nbsp;&nbsp;&nbsp; </span></span></p>',NULL,0,1,1718979265,1718979265,1,1,0),(480,122,7,'<p><span lang=\"EN-US\" style=\"font-size: 14.0pt; line-height: 115%; font-family: \'Times New Roman\',serif; mso-fareast-font-family: \'Times New Roman\'; mso-ansi-language: EN-US; mso-fareast-language: RU; mso-bidi-language: AR-SA;\">faqat 4<br style=\"mso-special-character: line-break;\"><!--[endif]--></span></p>',NULL,1,1,1718979273,1718979273,1,1,0),(481,123,7,'<p><span lang=\"EN-US\" style=\"font-size: 14.0pt; line-height: 115%; font-family: \'Times New Roman\',serif; mso-fareast-font-family: \'Times New Roman\'; mso-ansi-language: EN-US; mso-fareast-language: RU; mso-bidi-language: AR-SA;\">Buning natijasi shu bo&lsquo;ldiki, To&lsquo;laganning qanshariga musht tushdi. </span></p>',NULL,0,1,1718979296,1718979296,1,1,0),(482,123,7,'<p><span lang=\"EN-US\" style=\"font-size: 14.0pt; line-height: 115%; font-family: \'Times New Roman\',serif; mso-fareast-font-family: \'Times New Roman\'; mso-ansi-language: EN-US; mso-fareast-language: RU; mso-bidi-language: AR-SA;\">U shunday og&lsquo;ir xayollar bilan charchoq qadam tashlab vokzaldan eski shaharga jo&lsquo;narkan, kimdir uning yelkasiga qo&lsquo;lini qo&lsquo;ydi.<br style=\"mso-special-character: line-break;\"><!--[endif]--></span></p>',NULL,0,1,1718979303,1718979303,1,1,0),(483,123,7,'<p><span lang=\"EN-US\" style=\"font-size: 14.0pt; line-height: 115%; font-family: \'Times New Roman\',serif; mso-fareast-font-family: \'Times New Roman\'; mso-ansi-language: EN-US; mso-fareast-language: RU; mso-bidi-language: AR-SA;\">Shuni angladimki, inson qobiliyati cbeksiz ekan.<br style=\"mso-special-character: line-break;\"><!--[endif]--></span></p>',NULL,0,1,1718979314,1718979314,1,1,0),(484,123,7,'<p><span lang=\"EN-US\" style=\"font-size: 14.0pt; line-height: 115%; font-family: \'Times New Roman\',serif; mso-fareast-font-family: \'Times New Roman\'; mso-ansi-language: EN-US; mso-fareast-language: RU; mso-bidi-language: AR-SA;\">Keragi shuki, ana shu miqqiyni ham boqish kerak.<br style=\"mso-special-character: line-break;\"><!--[endif]--></span></p>',NULL,1,1,1718979322,1718979322,1,1,0),(485,124,7,'<p><span lang=\"EN-US\" style=\"font-size: 14.0pt; line-height: 115%; font-family: \'Times New Roman\',serif; mso-fareast-font-family: \'Times New Roman\'; mso-ansi-language: EN-US; mso-fareast-language: RU; mso-bidi-language: AR-SA;\">qisqa hijo &ndash; &laquo;<strong style=\"mso-bidi-font-weight: normal;\">&ndash;</strong>&raquo;; cho&lsquo;ziq hijo &ndash; &laquo;V&raquo;; <br>o&lsquo;ta cho&lsquo;ziq hijo &ndash; &laquo;~ &raquo; </span></p>',NULL,0,1,1718979337,1718979337,1,1,0),(486,124,7,'<p><span lang=\"EN-US\" style=\"font-size: 14.0pt; line-height: 115%; font-family: \'Times New Roman\',serif; mso-fareast-font-family: \'Times New Roman\'; mso-ansi-language: EN-US; mso-fareast-language: RU; mso-bidi-language: AR-SA;\">qisqa hijo &ndash; &laquo;V&raquo;; cho&lsquo;ziq hijo &ndash; &laquo;~ &raquo;; <br>o&lsquo;ta cho&lsquo;ziq hijo &ndash; &laquo;&ndash;&raquo;<br style=\"mso-special-character: line-break;\"><!--[endif]--></span></p>',NULL,0,1,1718979344,1718979344,1,1,0),(487,124,7,'<p><span lang=\"EN-US\" style=\"font-size: 14.0pt; line-height: 115%; font-family: \'Times New Roman\',serif; mso-fareast-font-family: \'Times New Roman\'; mso-ansi-language: EN-US; mso-fareast-language: RU; mso-bidi-language: AR-SA;\">qisqa hijo &ndash; &laquo;V&raquo;; cho&lsquo;ziq hijo &ndash; &laquo;&ndash; &raquo;; <br>o&lsquo;ta cho&lsquo;ziq hijo &ndash; &laquo;~ &raquo;<br style=\"mso-special-character: line-break;\"><!--[endif]--></span></p>',NULL,1,1,1718979354,1718979354,1,1,0),(488,124,7,'<p><span lang=\"EN-US\" style=\"font-size: 14.0pt; line-height: 115%; font-family: \'Times New Roman\',serif; mso-fareast-font-family: \'Times New Roman\'; mso-ansi-language: EN-US; mso-fareast-language: RU; mso-bidi-language: AR-SA;\">qisqa hijo &ndash; &laquo;V&raquo;; cho&lsquo;ziq hijo &ndash; &laquo;&ndash; &raquo;; <br>o&lsquo;ta cho&lsquo;ziq hijo &ndash; &laquo;~ &raquo;<br style=\"mso-special-character: line-break;\"><!--[endif]--></span></p>',NULL,0,1,1718979360,1718979360,1,1,0),(489,125,7,'<p><span lang=\"EN-US\" style=\"font-size: 14.0pt; line-height: 115%; font-family: \'Times New Roman\',serif; mso-fareast-font-family: \'Times New Roman\'; mso-ansi-language: EN-US; mso-fareast-language: RU; mso-bidi-language: AR-SA;\">S.Yesenin &ldquo;Singlimga xat&rdquo; </span></p>',NULL,1,1,1718979380,1718979397,1,1,0),(490,125,7,'<p><span lang=\"EN-US\" style=\"font-size: 14.0pt; line-height: 115%; font-family: \'Times New Roman\',serif; mso-fareast-font-family: \'Times New Roman\'; mso-ansi-language: EN-US; mso-fareast-language: RU; mso-bidi-language: AR-SA;\">Mirtemir &ldquo;Qishlog&lsquo;im&rdquo; </span></p>',NULL,0,1,1718979391,1718979391,1,1,0),(491,125,7,'<p><span lang=\"EN-US\" style=\"font-size: 14.0pt; line-height: 115%; font-family: \'Times New Roman\',serif; mso-fareast-font-family: \'Times New Roman\'; mso-ansi-language: EN-US; mso-fareast-language: RU; mso-bidi-language: AR-SA;\">S.Yesenin &ldquo;Dog&lsquo;lar ketmish majruh ko&lsquo;ngildan&rdquo; <br style=\"mso-special-character: line-break;\"><!-- [if !supportLineBreakNewLine]--><br style=\"mso-special-character: line-break;\"><!--[endif]--></span></p>',NULL,0,1,1718979409,1718979409,1,1,0),(492,125,7,'<p><span lang=\"EN-US\" style=\"font-size: 14.0pt; line-height: 115%; font-family: \'Times New Roman\',serif; mso-fareast-font-family: \'Times New Roman\'; mso-ansi-language: EN-US; mso-fareast-language: RU; mso-bidi-language: AR-SA;\">Usmon Nosir &ldquo;Bolalik&rdquo;</span></p>',NULL,0,1,1718979415,1718979415,1,1,0),(493,126,7,'<p><span lang=\"EN-US\" style=\"font-size: 14.0pt; line-height: 115%; font-family: \'Times New Roman\',serif; mso-fareast-font-family: \'Times New Roman\'; mso-ansi-language: EN-US; mso-fareast-language: RU; mso-bidi-language: AR-SA;\">&ldquo;Asrga tatigulik kun&rdquo; Edigey </span></p>',NULL,1,1,1718979431,1718979431,1,1,0),(494,126,7,'<p><span lang=\"EN-US\" style=\"font-size: 14.0pt; line-height: 115%; font-family: \'Times New Roman\',serif; mso-fareast-font-family: \'Times New Roman\'; mso-ansi-language: EN-US; mso-fareast-language: RU; mso-bidi-language: AR-SA;\">&ldquo;Oq kema&rdquo; Baymoq kampir <br style=\"mso-special-character: line-break;\"><!-- [if !supportLineBreakNewLine]--><br style=\"mso-special-character: line-break;\"><!--[endif]--></span></p>',NULL,0,1,1718979438,1718979438,1,1,0),(495,126,7,'<p><span lang=\"EN-US\" style=\"font-size: 14.0pt; line-height: 115%; font-family: \'Times New Roman\',serif; mso-fareast-font-family: \'Times New Roman\'; mso-ansi-language: EN-US; mso-fareast-language: RU; mso-bidi-language: AR-SA;\">&ldquo;Yulduzlar mangu yonadi&rdquo; Bo&lsquo;ri polvon </span></p>',NULL,0,1,1718979444,1718979444,1,1,0),(496,126,7,'<p><span lang=\"EN-US\" style=\"font-size: 14.0pt; line-height: 115%; font-family: \'Times New Roman\',serif; mso-fareast-font-family: \'Times New Roman\'; mso-ansi-language: EN-US; mso-fareast-language: RU; mso-bidi-language: AR-SA;\">&ldquo;Chinor&rdquo; Ochil buva</span></p>',NULL,0,1,1718979450,1718979450,1,1,0),(497,127,7,'<p><span lang=\"EN-US\" style=\"font-size: 14.0pt; line-height: 115%; font-family: \'Times New Roman\',serif; mso-fareast-font-family: \'Times New Roman\'; mso-ansi-language: EN-US; mso-fareast-language: RU; mso-bidi-language: AR-SA;\">Azim Suyun<span style=\"mso-spacerun: yes;\">&nbsp; </span><span style=\"mso-spacerun: yes;\">&nbsp;&nbsp;&nbsp;&nbsp;</span></span></p>',NULL,1,1,1718979470,1718979470,1,1,0),(498,127,7,'<p><span lang=\"EN-US\" style=\"font-size: 14.0pt; line-height: 115%; font-family: \'Times New Roman\',serif; mso-fareast-font-family: \'Times New Roman\'; mso-ansi-language: EN-US; mso-fareast-language: RU; mso-bidi-language: AR-SA;\">Sh.Rahmon </span></p>',NULL,0,1,1718979477,1718979477,1,1,0),(499,127,7,'<p><span lang=\"EN-US\" style=\"font-size: 14.0pt; line-height: 115%; font-family: \'Times New Roman\',serif; mso-fareast-font-family: \'Times New Roman\'; mso-ansi-language: EN-US; mso-fareast-language: RU; mso-bidi-language: AR-SA;\">S.Sayyid<span style=\"mso-spacerun: yes;\">&nbsp;&nbsp;&nbsp;&nbsp;&nbsp;&nbsp;&nbsp;&nbsp;&nbsp;&nbsp;&nbsp; </span></span></p>',NULL,0,1,1718979482,1718979482,1,1,0),(500,127,7,'<p><span lang=\"EN-US\" style=\"font-size: 14.0pt; line-height: 115%; font-family: \'Times New Roman\',serif; mso-fareast-font-family: \'Times New Roman\'; mso-ansi-language: EN-US; mso-fareast-language: RU; mso-bidi-language: AR-SA;\">Usmon Azim<br style=\"mso-special-character: line-break;\"><!--[endif]--></span></p>',NULL,0,1,1718979487,1718979487,1,1,0),(501,128,7,'<p><span lang=\"EN-US\" style=\"font-size: 14.0pt; line-height: 115%; font-family: \'Times New Roman\',serif; mso-fareast-font-family: \'Times New Roman\'; mso-ansi-language: EN-US; mso-fareast-language: RU; mso-bidi-language: AR-SA;\">o&lsquo;qituvchisi<span style=\"mso-spacerun: yes;\">&nbsp;&nbsp; </span></span></p>',NULL,1,1,1718979508,1718979529,1,1,0),(502,128,7,'<p><span lang=\"EN-US\" style=\"font-size: 14.0pt; line-height: 115%; font-family: \'Times New Roman\',serif; mso-fareast-font-family: \'Times New Roman\'; mso-ansi-language: EN-US; mso-fareast-language: RU; mso-bidi-language: AR-SA;\">buvisi<span style=\"mso-spacerun: yes;\">&nbsp;&nbsp; </span></span></p>',NULL,0,1,1718979513,1718979513,1,1,0),(503,128,7,'<p><span lang=\"EN-US\" style=\"font-size: 14.0pt; line-height: 115%; font-family: \'Times New Roman\',serif; mso-fareast-font-family: \'Times New Roman\'; mso-ansi-language: EN-US; mso-fareast-language: RU; mso-bidi-language: AR-SA;\">onasi<span style=\"mso-spacerun: yes;\">&nbsp;&nbsp; </span></span></p>',NULL,0,1,1718979517,1718979517,1,1,0),(504,128,7,'<p><span lang=\"EN-US\" style=\"font-size: 14.0pt; line-height: 115%; font-family: \'Times New Roman\',serif; mso-fareast-font-family: \'Times New Roman\'; mso-ansi-language: EN-US; mso-fareast-language: RU; mso-bidi-language: AR-SA;\">do&lsquo;stlari </span></p>',NULL,0,1,1718979523,1718979523,1,1,0),(505,129,7,'<p><span lang=\"EN-US\" style=\"font-size: 14.0pt; line-height: 115%; font-family: \'Times New Roman\',serif; mso-fareast-font-family: \'Times New Roman\'; mso-ansi-language: EN-US; mso-fareast-language: RU; mso-bidi-language: AR-SA;\">Baliqchilar va Oygul<span style=\"mso-spacerun: yes;\">&nbsp;&nbsp;&nbsp;&nbsp; </span></span></p>',NULL,0,1,1718979551,1718979551,1,1,0),(506,129,7,'<p><span lang=\"EN-US\" style=\"font-size: 14.0pt; line-height: 115%; font-family: \'Times New Roman\',serif; mso-fareast-font-family: \'Times New Roman\'; mso-ansi-language: EN-US; mso-fareast-language: RU; mso-bidi-language: AR-SA;\">Oygul va Baxtiyor </span></p>',NULL,0,1,1718979555,1718979555,1,1,0),(507,129,7,'<p><span lang=\"EN-US\" style=\"font-size: 14.0pt; line-height: 115%; font-family: \'Times New Roman\',serif; mso-fareast-font-family: \'Times New Roman\'; mso-ansi-language: EN-US; mso-fareast-language: RU; mso-bidi-language: AR-SA;\">Baxtiyor va baliqchilar<span style=\"mso-spacerun: yes;\">&nbsp; </span></span></p>',NULL,1,1,1718979560,1718979560,1,1,0),(508,129,7,'<p><span lang=\"EN-US\" style=\"font-size: 14.0pt; line-height: 115%; font-family: \'Times New Roman\',serif; mso-fareast-font-family: \'Times New Roman\'; mso-ansi-language: EN-US; mso-fareast-language: RU; mso-bidi-language: AR-SA;\">Oygul va o&lsquo;tinchi chol</span></p>',NULL,0,1,1718979566,1718979566,1,1,0),(509,130,7,'<p><span lang=\"EN-US\" style=\"font-size: 14.0pt; line-height: 115%; font-family: \'Times New Roman\',serif; mso-fareast-font-family: \'Times New Roman\'; mso-ansi-language: EN-US; mso-fareast-language: RU; mso-bidi-language: AR-SA;\">Mahmud Kpshg&lsquo;ariyning<span style=\"mso-spacerun: yes;\">&nbsp; </span>&ldquo;Devonu lug&lsquo;ot at-turk&rdquo;<span style=\"mso-spacerun: yes;\">&nbsp; </span>asarida<br style=\"mso-special-character: line-break;\"><!-- [if !supportLineBreakNewLine]--><br style=\"mso-special-character: line-break;\"><!--[endif]--></span></p>',NULL,0,1,1718979583,1718979583,1,1,0),(510,130,7,'<p><span lang=\"EN-US\" style=\"font-size: 14.0pt; line-height: 115%; font-family: \'Times New Roman\',serif; mso-fareast-font-family: \'Times New Roman\'; mso-ansi-language: EN-US; mso-fareast-language: RU; mso-bidi-language: AR-SA;\">Yusuf Xos Hojibning<span style=\"mso-spacerun: yes;\">&nbsp; </span>&ldquo;Qutadg&lsquo;u bilig&rdquo; asarida</span></p>',NULL,0,1,1718979588,1718979588,1,1,0),(511,130,7,'<p><span lang=\"EN-US\" style=\"font-size: 14.0pt; line-height: 115%; font-family: \'Times New Roman\',serif; mso-fareast-font-family: \'Times New Roman\'; mso-ansi-language: EN-US; mso-fareast-language: RU; mso-bidi-language: AR-SA;\">&ldquo;Go&lsquo;ro&lsquo;lining tug&lsquo;ilishi&rdquo; dostonida</span></p>',NULL,1,1,1718979595,1718979595,1,1,0),(512,130,7,'<p><span lang=\"EN-US\" style=\"font-size: 14.0pt; line-height: 115%; font-family: \'Times New Roman\',serif; mso-fareast-font-family: \'Times New Roman\'; mso-ansi-language: EN-US; mso-fareast-language: RU; mso-bidi-language: AR-SA;\">Alisher Navoiyning &ldquo;Saddi Iskandariy&rdquo; asarida</span></p>',NULL,0,1,1718979600,1718979600,1,1,0),(513,131,7,'<p><span lang=\"EN-US\" style=\"font-size: 14.0pt; line-height: 115%; font-family: \'Times New Roman\',serif; mso-fareast-font-family: \'Times New Roman\'; mso-ansi-language: EN-US; mso-fareast-language: RU; mso-bidi-language: AR-SA;\">2 yosh<span style=\"mso-spacerun: yes;\">&nbsp;&nbsp;&nbsp; </span></span></p>',NULL,0,1,1718979617,1718979617,1,1,0),(514,131,7,'<p><span lang=\"EN-US\" style=\"font-size: 14.0pt; line-height: 115%; font-family: \'Times New Roman\',serif; mso-fareast-font-family: \'Times New Roman\'; mso-ansi-language: EN-US; mso-fareast-language: RU; mso-bidi-language: AR-SA;\">3 oylik<span style=\"mso-spacerun: yes;\">&nbsp;&nbsp;&nbsp;&nbsp; </span></span></p>',NULL,0,1,1718979622,1718979622,1,1,0),(515,131,7,'<p><span lang=\"EN-US\" style=\"font-size: 14.0pt; line-height: 115%; font-family: \'Times New Roman\',serif; mso-fareast-font-family: \'Times New Roman\'; mso-ansi-language: EN-US; mso-fareast-language: RU; mso-bidi-language: AR-SA;\">3 oylik<span style=\"mso-spacerun: yes;\">&nbsp;&nbsp;&nbsp;&nbsp; </span></span></p>',NULL,1,1,1718979629,1718979629,1,1,0),(516,131,7,'<p><span lang=\"EN-US\" style=\"font-size: 14.0pt; line-height: 115%; font-family: \'Times New Roman\',serif; mso-fareast-font-family: \'Times New Roman\'; mso-ansi-language: EN-US; mso-fareast-language: RU; mso-bidi-language: AR-SA;\">5 oylik</span></p>',NULL,0,1,1718979634,1718979634,1,1,0),(517,132,7,'<p><span lang=\"EN-US\" style=\"font-size: 14.0pt; line-height: 115%; font-family: \'Times New Roman\',serif; mso-fareast-font-family: \'Times New Roman\'; mso-ansi-language: EN-US; mso-fareast-language: RU; mso-bidi-language: AR-SA;\">Toshketda<span style=\"mso-spacerun: yes;\">&nbsp;&nbsp;&nbsp;&nbsp;&nbsp;&nbsp;&nbsp;&nbsp; </span></span></p>',NULL,0,1,1718979654,1718979654,1,1,0),(518,132,7,'<p><span lang=\"EN-US\" style=\"font-size: 14.0pt; line-height: 115%; font-family: \'Times New Roman\',serif; mso-fareast-font-family: \'Times New Roman\'; mso-ansi-language: EN-US; mso-fareast-language: RU; mso-bidi-language: AR-SA;\">Samarqandda</span></p>',NULL,0,1,1718979658,1718979658,1,1,0),(519,132,7,'<p><span lang=\"EN-US\" style=\"font-size: 14.0pt; line-height: 115%; font-family: \'Times New Roman\',serif; mso-fareast-font-family: \'Times New Roman\'; mso-ansi-language: EN-US; mso-fareast-language: RU; mso-bidi-language: AR-SA;\">O&lsquo;ratepada</span></p>',NULL,1,1,1718979668,1718979668,1,1,0),(520,132,7,'<p><span lang=\"EN-US\" style=\"font-size: 14.0pt; line-height: 115%; font-family: \'Times New Roman\',serif; mso-fareast-font-family: \'Times New Roman\'; mso-ansi-language: EN-US; mso-fareast-language: RU; mso-bidi-language: AR-SA;\">Andijonda</span></p>',NULL,0,1,1718979674,1718979674,1,1,0),(521,133,7,'<p><span lang=\"EN-US\" style=\"font-size: 14.0pt; line-height: 115%; font-family: \'Times New Roman\',serif; mso-fareast-font-family: \'Times New Roman\'; mso-ansi-language: EN-US; mso-fareast-language: RU; mso-bidi-language: AR-SA;\">Majdiddinni<span style=\"mso-spacerun: yes;\">&nbsp;&nbsp;&nbsp;&nbsp; </span></span></p>',NULL,0,1,1718979686,1718979686,1,1,0),(522,133,7,'<p><span lang=\"EN-US\" style=\"font-size: 14.0pt; line-height: 115%; font-family: \'Times New Roman\',serif; mso-fareast-font-family: \'Times New Roman\'; mso-ansi-language: EN-US; mso-fareast-language: RU; mso-bidi-language: AR-SA;\">Shahobiddinni</span></p>',NULL,0,1,1718979692,1718979692,1,1,0),(523,133,7,'<p><span lang=\"EN-US\" style=\"font-size: 14.0pt; line-height: 115%; font-family: \'Times New Roman\',serif; mso-fareast-font-family: \'Times New Roman\'; mso-ansi-language: EN-US; mso-fareast-language: RU; mso-bidi-language: AR-SA;\">Alishohni<span style=\"mso-spacerun: yes;\">&nbsp;&nbsp;&nbsp;&nbsp;&nbsp;&nbsp;&nbsp;&nbsp; </span></span></p>',NULL,1,1,1718979700,1718979700,1,1,0),(524,133,7,'<p><span lang=\"EN-US\" style=\"font-size: 14.0pt; line-height: 115%; font-family: \'Times New Roman\',serif; mso-fareast-font-family: \'Times New Roman\'; mso-ansi-language: EN-US; mso-fareast-language: RU; mso-bidi-language: AR-SA;\">dushmanni</span></p>',NULL,0,1,1718979704,1718979704,1,1,0),(525,108,4,'<p class=\"MsoNormal\">is / an</p>',NULL,0,1,1718979728,1718979728,1,1,0),(526,134,7,'<p><span lang=\"EN-US\" style=\"font-size: 14.0pt; line-height: 115%; font-family: \'Times New Roman\',serif; mso-fareast-font-family: \'Times New Roman\'; mso-ansi-language: EN-US; mso-fareast-language: RU; mso-bidi-language: AR-SA;\">Rahmatni polvonni<span style=\"mso-spacerun: yes;\">&nbsp;&nbsp;&nbsp;&nbsp; </span></span></p>',NULL,0,1,1718979735,1718979735,1,1,0),(527,108,4,'<p class=\"MsoNormal\">&nbsp;am / *</p>',NULL,0,1,1718979738,1718979738,1,1,0),(528,134,7,'<p><span lang=\"EN-US\" style=\"font-size: 14.0pt; line-height: 115%; font-family: \'Times New Roman\',serif; mso-fareast-font-family: \'Times New Roman\'; mso-ansi-language: EN-US; mso-fareast-language: RU; mso-bidi-language: AR-SA;\">Sher polvonni</span></p>',NULL,0,1,1718979740,1718979740,1,1,0),(529,108,4,'<p class=\"MsoNormal\">&nbsp;am / a</p>',NULL,1,1,1718979747,1718979747,1,1,0),(530,134,7,'<p><span lang=\"EN-US\" style=\"font-size: 14.0pt; line-height: 115%; font-family: \'Times New Roman\',serif; mso-fareast-font-family: \'Times New Roman\'; mso-ansi-language: EN-US; mso-fareast-language: RU; mso-bidi-language: AR-SA;\">Karim po&lsquo;stakni</span></p>',NULL,1,1,1718979750,1718979750,1,1,0),(531,134,7,'<p><span lang=\"EN-US\" style=\"font-size: 14.0pt; line-height: 115%; font-family: \'Times New Roman\',serif; mso-fareast-font-family: \'Times New Roman\'; mso-ansi-language: EN-US; mso-fareast-language: RU; mso-bidi-language: AR-SA;\">Juma polvonni</span></p>',NULL,0,1,1718979756,1718979756,1,1,0),(532,108,4,'<p class=\"MsoNormal\">am / the</p>',NULL,0,1,1718979761,1718979761,1,1,0),(533,135,7,'<p>2</p>',NULL,1,1,1718979788,1718979788,1,1,0),(534,135,7,'<p>3</p>',NULL,0,1,1718979793,1718979793,1,1,0),(535,135,7,'<p>4</p>',NULL,0,1,1718979797,1718979797,1,1,0),(536,135,7,'<p>1</p>',NULL,0,1,1718979802,1718979802,1,1,0),(537,136,4,'<p class=\"MsoNormal\">are from</p>',NULL,0,1,1718979805,1718979805,1,1,0),(538,136,4,'<p class=\"MsoNormal\">is at</p>',NULL,0,1,1718979818,1718979827,1,1,0),(539,136,4,'<p class=\"MsoNormal\">&nbsp;is from</p>',NULL,1,1,1718979839,1718979839,1,1,0),(540,136,4,'<p class=\"MsoNormal\">am from</p>',NULL,0,1,1718979851,1718979851,1,1,0),(541,138,7,'<p><span lang=\"EN-US\" style=\"font-size: 14.0pt; line-height: 115%; font-family: \'Times New Roman\',serif; mso-fareast-font-family: \'Times New Roman\'; mso-ansi-language: EN-US; mso-fareast-language: RU; mso-bidi-language: AR-SA;\">yot, adip, burch</span></p>',NULL,1,1,1718979902,1718979902,1,1,0),(542,138,7,'<p><span lang=\"EN-US\" style=\"font-size: 14.0pt; line-height: 115%; font-family: \'Times New Roman\',serif; mso-fareast-font-family: \'Times New Roman\'; mso-ansi-language: EN-US; mso-fareast-language: RU; mso-bidi-language: AR-SA;\">alpoz, kashf, palak </span></p>',NULL,0,1,1718979908,1718979908,1,1,0),(543,138,7,'<p><span lang=\"EN-US\" style=\"font-size: 14.0pt; line-height: 115%; font-family: \'Times New Roman\',serif; mso-fareast-font-family: \'Times New Roman\'; mso-ansi-language: EN-US; mso-fareast-language: RU; mso-bidi-language: AR-SA;\">arkon, karta, jiyron<span style=\"mso-spacerun: yes;\">&nbsp;&nbsp; </span></span></p>',NULL,0,1,1718979913,1718979913,1,1,0),(544,138,7,'<p><span lang=\"EN-US\" style=\"font-size: 14.0pt; line-height: 115%; font-family: \'Times New Roman\',serif; mso-fareast-font-family: \'Times New Roman\'; mso-ansi-language: EN-US; mso-fareast-language: RU; mso-bidi-language: AR-SA;\">axir, ham, bob </span></p>',NULL,0,1,1718979918,1718979918,1,1,0),(545,139,7,'<p><span lang=\"EN-US\" style=\"font-size: 14.0pt; line-height: 115%; font-family: \'Times New Roman\',serif; mso-fareast-font-family: \'Times New Roman\'; mso-ansi-language: EN-US; mso-fareast-language: RU; mso-bidi-language: AR-SA;\">2, 3, 4<span style=\"mso-spacerun: yes;\">&nbsp;&nbsp;&nbsp;&nbsp;&nbsp;&nbsp;&nbsp;&nbsp; </span></span></p>',NULL,0,1,1718979939,1718979939,1,1,0),(546,139,7,'<p><span lang=\"EN-US\" style=\"font-size: 14.0pt; line-height: 115%; font-family: \'Times New Roman\',serif; mso-fareast-font-family: \'Times New Roman\'; mso-ansi-language: EN-US; mso-fareast-language: RU; mso-bidi-language: AR-SA;\">1, 3, 5<span style=\"mso-spacerun: yes;\">&nbsp;&nbsp; </span></span></p>',NULL,0,1,1718979945,1718979945,1,1,0),(547,139,7,'<p><span lang=\"EN-US\" style=\"font-size: 14.0pt; line-height: 115%; font-family: \'Times New Roman\',serif; mso-fareast-font-family: \'Times New Roman\'; mso-ansi-language: EN-US; mso-fareast-language: RU; mso-bidi-language: AR-SA;\">1, 2, 4, 5<span style=\"mso-spacerun: yes;\">&nbsp;&nbsp;&nbsp; </span></span></p>',NULL,0,1,1718979952,1718979952,1,1,0),(548,139,7,'<p><span lang=\"EN-US\" style=\"font-size: 14.0pt; line-height: 115%; font-family: \'Times New Roman\',serif; mso-fareast-font-family: \'Times New Roman\'; mso-ansi-language: EN-US; mso-fareast-language: RU; mso-bidi-language: AR-SA;\">1, 2, 4 </span></p>',NULL,1,1,1718979959,1718979959,1,1,0),(549,140,7,'<p><span lang=\"EN-US\" style=\"font-size: 14.0pt; line-height: 115%; font-family: \'Times New Roman\',serif; mso-fareast-font-family: \'Times New Roman\'; mso-ansi-language: EN-US; mso-fareast-language: RU; mso-bidi-language: AR-SA;\">senikdoxa<span style=\"mso-spacerun: yes;\">&nbsp;&nbsp;&nbsp;&nbsp;&nbsp;&nbsp; </span></span></p>',NULL,0,1,1718979984,1718979984,1,1,0),(550,140,7,'<p><span lang=\"EN-US\" style=\"font-size: 14.0pt; line-height: 115%; font-family: \'Times New Roman\',serif; mso-fareast-font-family: \'Times New Roman\'; mso-ansi-language: EN-US; mso-fareast-language: RU; mso-bidi-language: AR-SA;\">metafora </span></p>',NULL,0,1,1718979989,1718979989,1,1,0),(551,140,7,'<p><span lang=\"EN-US\" style=\"font-size: 14.0pt; line-height: 115%; font-family: \'Times New Roman\',serif; mso-fareast-font-family: \'Times New Roman\'; mso-ansi-language: EN-US; mso-fareast-language: RU; mso-bidi-language: AR-SA;\">metonimiya<span style=\"mso-spacerun: yes;\">&nbsp;&nbsp;&nbsp; </span></span></p>',NULL,1,1,1718979994,1718979994,1,1,0),(552,140,7,'<p><span lang=\"EN-US\" style=\"font-size: 14.0pt; line-height: 115%; font-family: \'Times New Roman\',serif; mso-fareast-font-family: \'Times New Roman\'; mso-ansi-language: EN-US; mso-fareast-language: RU; mso-bidi-language: AR-SA;\">vazifadoshlik </span></p>',NULL,0,1,1718979999,1718979999,1,1,0),(553,141,7,'<p><span lang=\"EN-US\" style=\"font-size: 14.0pt; line-height: 115%; font-family: \'Times New Roman\',serif; mso-fareast-font-family: \'Times New Roman\'; mso-ansi-language: EN-US; mso-fareast-language: RU; mso-bidi-language: AR-SA;\">Hunarlaringni, didlaringni rosa ishlatib, chiroyli bino solib bersalaring, bas. Kamtarlik kishiga zeb-u ziynatdir. </span></p>',NULL,0,1,1718980040,1718980040,1,1,0),(554,141,7,'<p><span lang=\"EN-US\" style=\"font-size: 14.0pt; line-height: 115%; font-family: \'Times New Roman\',serif; mso-fareast-font-family: \'Times New Roman\'; mso-ansi-language: EN-US; mso-fareast-language: RU; mso-bidi-language: AR-SA;\">Yangi binolar qishloqlarning husniga husn qo&lsquo;shmoqda. Tog&lsquo;ning ko&lsquo;rki &ndash; tosh bilan, odamning ko&lsquo;rki &ndash; bosh bilan. <br style=\"mso-special-character: line-break;\"><!-- [if !supportLineBreakNewLine]--><br style=\"mso-special-character: line-break;\"><!--[endif]--></span></p>',NULL,1,1,1718980048,1718980048,1,1,0),(555,141,7,'<p><span lang=\"EN-US\" style=\"font-size: 14.0pt; line-height: 115%; font-family: \'Times New Roman\',serif; mso-fareast-font-family: \'Times New Roman\'; mso-ansi-language: EN-US; mso-fareast-language: RU; mso-bidi-language: AR-SA;\">Qadim Turkistonning tanti o&lsquo;g&lsquo;loni, Pokiza edingiz misli oq qog&lsquo;oz. Gulnor chiroyli va erka tabassum bilan &laquo;</span><span style=\"font-size: 14.0pt; line-height: 115%; font-family: \'Times New Roman\',serif; mso-fareast-font-family: \'Times New Roman\'; mso-ansi-language: RU; mso-fareast-language: RU; mso-bidi-language: AR-SA;\">хо</span><span lang=\"EN-US\" style=\"font-size: 14.0pt; line-height: 115%; font-family: \'Times New Roman\',serif; mso-fareast-font-family: \'Times New Roman\'; mso-ansi-language: EN-US; mso-fareast-language: RU; mso-bidi-language: AR-SA;\">&rsquo;</span><span style=\"font-size: 14.0pt; line-height: 115%; font-family: \'Times New Roman\',serif; mso-fareast-font-family: \'Times New Roman\'; mso-ansi-language: RU; mso-fareast-language: RU; mso-bidi-language: AR-SA;\">р</span><span lang=\"EN-US\" style=\"font-size: 14.0pt; line-height: 115%; font-family: \'Times New Roman\',serif; mso-fareast-font-family: \'Times New Roman\'; mso-ansi-language: EN-US; mso-fareast-language: RU; mso-bidi-language: AR-SA;\">&raquo; deganday boshini qimirlatdi. </span></p>',NULL,0,1,1718980053,1718980053,1,1,0),(556,141,7,'<p><span lang=\"EN-US\" style=\"font-size: 14.0pt; line-height: 115%; font-family: \'Times New Roman\',serif; mso-fareast-font-family: \'Times New Roman\'; mso-ansi-language: EN-US; mso-fareast-language: RU; mso-bidi-language: AR-SA;\">Barzangining jag&lsquo;iga bir urib, qadimgiday juvoldiz qilib, yoqasiga tuyrab qo&lsquo;yib, qalandarning boshini tizzasiga qo&lsquo;yib, o&lsquo;tira berdi. Nimjon bo&lsquo;lsang ham osmonni ko&lsquo;taradigan quvvating bor ekan. <br style=\"mso-special-character: line-break;\"><!-- [if !supportLineBreakNewLine]--><br style=\"mso-special-character: line-break;\"><!--[endif]--></span></p>',NULL,0,1,1718980058,1718980058,1,1,0),(557,142,7,'<p><span lang=\"EN-US\" style=\"font-size: 14.0pt; line-height: 115%; font-family: \'Times New Roman\',serif; mso-fareast-font-family: \'Times New Roman\'; mso-ansi-language: EN-US; mso-fareast-language: RU; mso-bidi-language: AR-SA;\">2, 3, 5, 6, 7</span></p>',NULL,0,1,1718980091,1718980091,1,1,0),(558,142,7,'<p><span lang=\"EN-US\" style=\"font-size: 14.0pt; line-height: 115%; font-family: \'Times New Roman\',serif; mso-fareast-font-family: \'Times New Roman\'; mso-ansi-language: EN-US; mso-fareast-language: RU; mso-bidi-language: AR-SA;\">1, 2, 3, 6, 7<br style=\"mso-special-character: line-break;\"><!--[endif]--></span></p>',NULL,1,1,1718980101,1718980101,1,1,0),(559,142,7,'<p><span lang=\"EN-US\" style=\"font-size: 14.0pt; line-height: 115%; font-family: \'Times New Roman\',serif; mso-fareast-font-family: \'Times New Roman\'; mso-ansi-language: EN-US; mso-fareast-language: RU; mso-bidi-language: AR-SA;\">1, 2, 3, 4, 5, 7</span></p>',NULL,0,1,1718980109,1718980109,1,1,0),(560,142,7,'<p><span lang=\"EN-US\" style=\"font-size: 14.0pt; line-height: 115%; font-family: \'Times New Roman\',serif; mso-fareast-font-family: \'Times New Roman\'; mso-ansi-language: EN-US; mso-fareast-language: RU; mso-bidi-language: AR-SA;\">1, 2, 4, 5, 6<!--[endif]--></span></p>',NULL,0,1,1718980124,1718980124,1,1,0),(561,137,4,'<p class=\"MsoNormal\">What / it isn&rsquo;t</p>',NULL,0,1,1718980149,1718980149,1,1,0),(562,137,4,'<p class=\"MsoNormal\">Is / she isn&rsquo;t</p>',NULL,0,1,1718980156,1718980156,1,1,0),(563,137,4,'<p class=\"MsoNormal\">&nbsp;Is / it is not</p>',NULL,0,1,1718980161,1718980161,1,1,0),(564,137,4,'<p class=\"MsoNormal\">Is / it isn&rsquo;t</p>',NULL,1,1,1718980170,1718980170,1,1,0),(565,143,4,'<p class=\"MsoNormal\">Yes, you are.</p>',NULL,0,1,1718980594,1718980594,1,1,0),(566,144,5,'<p>14</p>',NULL,1,1,1718980673,1718980673,1,1,0),(567,144,5,'<p>-2</p>',NULL,0,1,1718980691,1718980691,1,1,0),(568,144,5,'<p>-3</p>',NULL,0,1,1718980700,1718980700,1,1,0),(569,144,5,'<p>8</p>',NULL,0,1,1718980705,1718980705,1,1,0),(570,145,5,'<p>400</p>',NULL,0,1,1718980831,1718980831,1,1,0),(571,145,5,'<p>499</p>',NULL,1,1,1718980838,1718980838,1,1,0),(572,145,5,'<p>450</p>',NULL,0,1,1718980844,1718980844,1,1,0),(573,145,5,'<p>240</p>',NULL,0,1,1718980850,1718980850,1,1,0),(574,146,5,'<p>3</p>',NULL,0,1,1718980900,1718980900,1,1,0),(575,146,5,'<p>4</p>',NULL,0,1,1718980904,1718980904,1,1,0),(576,146,5,'<p>1</p>',NULL,0,1,1718980908,1718980908,1,1,0),(577,146,5,'<p>2</p>',NULL,1,1,1718980914,1718980914,1,1,0),(578,143,4,'<p class=\"MsoNormal\">Yes, it is.</p>',NULL,1,1,1718981035,1718981035,1,1,0),(579,147,5,'<p><span lang=\"EN-US\" style=\"font-size: 12.0pt; line-height: 115%; font-family: \'Times New Roman\',serif; mso-fareast-font-family: Calibri; mso-fareast-theme-font: minor-latin; mso-ansi-language: EN-US; mso-fareast-language: EN-US; mso-bidi-language: AR-SA;\">0,68<span style=\"mso-spacerun: yes;\">&nbsp;&nbsp;&nbsp;&nbsp; </span></span></p>',NULL,0,1,1718981049,1718981049,1,1,0),(580,147,5,'<p><span lang=\"EN-US\" style=\"font-size: 12.0pt; line-height: 115%; font-family: \'Times New Roman\',serif; mso-fareast-font-family: Calibri; mso-fareast-theme-font: minor-latin; mso-ansi-language: EN-US; mso-fareast-language: EN-US; mso-bidi-language: AR-SA;\">0,7</span></p>',NULL,0,1,1718981053,1718981053,1,1,0),(581,147,5,'<p><span lang=\"EN-US\" style=\"font-size: 12.0pt; line-height: 115%; font-family: \'Times New Roman\',serif; mso-fareast-font-family: Calibri; mso-fareast-theme-font: minor-latin; mso-ansi-language: EN-US; mso-fareast-language: EN-US; mso-bidi-language: AR-SA;\">0,75</span></p>',NULL,1,1,1718981070,1718981070,1,1,0),(582,147,5,'<p><span lang=\"EN-US\" style=\"font-size: 12.0pt; line-height: 115%; font-family: \'Times New Roman\',serif; mso-fareast-font-family: Calibri; mso-fareast-theme-font: minor-latin; mso-ansi-language: EN-US; mso-fareast-language: EN-US; mso-bidi-language: AR-SA;\">0,78</span></p>',NULL,0,1,1718981077,1718981077,1,1,0),(583,148,5,'<p><span lang=\"EN-US\" style=\"font-size: 12.0pt; line-height: 115%; font-family: \'Times New Roman\',serif; mso-fareast-font-family: Calibri; mso-fareast-theme-font: minor-latin; mso-ansi-language: EN-US; mso-fareast-language: EN-US; mso-bidi-language: AR-SA;\">62 </span><span style=\"font-size: 12.0pt; line-height: 115%; font-family: \'Times New Roman\',serif; mso-fareast-font-family: Calibri; mso-fareast-theme-font: minor-latin; mso-ansi-language: RU; mso-fareast-language: EN-US; mso-bidi-language: AR-SA;\"><span style=\"mso-spacerun: yes;\">&nbsp;&nbsp;</span></span><span style=\"font-size: 12.0pt; line-height: 115%; font-family: \'Times New Roman\',serif; mso-fareast-font-family: Calibri; mso-fareast-theme-font: minor-latin; mso-ansi-language: EN-US; mso-fareast-language: EN-US; mso-bidi-language: AR-SA;\"><span style=\"mso-spacerun: yes;\">&nbsp;</span></span></p>',NULL,0,1,1718981125,1718981125,1,1,0),(584,148,5,'<p><span lang=\"EN-US\" style=\"font-size: 12.0pt; line-height: 115%; font-family: \'Times New Roman\',serif; mso-fareast-font-family: Calibri; mso-fareast-theme-font: minor-latin; mso-ansi-language: EN-US; mso-fareast-language: EN-US; mso-bidi-language: AR-SA;\">68<span style=\"mso-spacerun: yes;\">&nbsp; </span></span><span lang=\"EN-US\" style=\"font-size: 12.0pt; line-height: 115%; font-family: \'Times New Roman\',serif; mso-fareast-font-family: Calibri; mso-fareast-theme-font: minor-latin; mso-ansi-language: RU; mso-fareast-language: EN-US; mso-bidi-language: AR-SA;\"><span style=\"mso-spacerun: yes;\">&nbsp;</span></span></p>',NULL,1,1,1718981133,1718981133,1,1,0),(585,148,5,'<p><span lang=\"EN-US\" style=\"font-size: 12.0pt; line-height: 115%; font-family: \'Times New Roman\',serif; mso-fareast-font-family: Calibri; mso-fareast-theme-font: minor-latin; mso-ansi-language: EN-US; mso-fareast-language: EN-US; mso-bidi-language: AR-SA;\">66<span style=\"mso-spacerun: yes;\">&nbsp; </span></span><span style=\"font-size: 12.0pt; line-height: 115%; font-family: \'Times New Roman\',serif; mso-fareast-font-family: Calibri; mso-fareast-theme-font: minor-latin; mso-ansi-language: RU; mso-fareast-language: EN-US; mso-bidi-language: AR-SA;\"><span style=\"mso-spacerun: yes;\">&nbsp;&nbsp;</span></span></p>',NULL,0,1,1718981138,1718981138,1,1,0),(586,148,5,'<p><span lang=\"EN-US\" style=\"font-size: 12.0pt; line-height: 115%; font-family: \'Times New Roman\',serif; mso-fareast-font-family: Calibri; mso-fareast-theme-font: minor-latin; mso-ansi-language: EN-US; mso-fareast-language: EN-US; mso-bidi-language: AR-SA;\">60 </span></p>',NULL,0,1,1718981142,1718981142,1,1,0),(587,143,4,'<p class=\"MsoNormal\">Yes, I am.</p>',NULL,0,1,1718981233,1718981233,1,1,0),(588,143,4,'<p class=\"MsoNormal\">Yes, my is.</p>',NULL,0,1,1718981239,1718981239,1,1,0),(589,149,4,'<p class=\"MsoNormal\">hers isn&rsquo;t</p>',NULL,0,1,1718981274,1718981274,1,1,0),(590,149,4,'<p class=\"MsoNormal\">she isn&rsquo;t</p>',NULL,1,1,1718981281,1718981281,1,1,0),(591,149,4,'<p class=\"MsoNormal\">she is not</p>',NULL,0,1,1718981286,1718981286,1,1,0),(592,149,4,'<p class=\"MsoNormal\">she her isn&rsquo;t</p>',NULL,0,1,1718981293,1718981293,1,1,0),(593,150,5,'<p>1</p>',NULL,0,1,1718981304,1718981304,1,1,0),(594,150,5,'<p><math xmlns=\"http://www.w3.org/1998/Math/MathML\"><mfrac><mn>1</mn><mn>2</mn></mfrac></math></p>',NULL,1,1,1718981324,1718981329,1,1,0),(595,150,5,'<p><math xmlns=\"http://www.w3.org/1998/Math/MathML\"><mfrac><mn>1</mn><mn>3</mn></mfrac></math></p>',NULL,0,1,1718981345,1718981345,1,1,0),(596,150,5,'<p><math xmlns=\"http://www.w3.org/1998/Math/MathML\"><mfrac><mn>2</mn><mn>3</mn></mfrac></math></p>',NULL,0,1,1718981362,1718981362,1,1,0),(597,151,4,'<p class=\"MsoNormal\">Are / they are</p>',NULL,1,1,1718981408,1718981408,1,1,0),(598,151,4,'<p class=\"MsoNormal\">Aren&rsquo;t / there are</p>',NULL,0,1,1718981414,1718981414,1,1,0),(599,151,4,'<p class=\"MsoNormal\">Am / their</p>',NULL,0,1,1718981421,1718981421,1,1,0),(600,151,4,'<p class=\"MsoNormal\">&nbsp;Is / they&rsquo;re</p>',NULL,0,1,1718981427,1718981427,1,1,0),(601,152,4,'<p class=\"MsoNormal\">it&rsquo;s</p>',NULL,0,1,1718981457,1718981457,1,1,0),(602,152,4,'<p class=\"MsoNormal\">dog is</p>',NULL,0,1,1718981464,1718981464,1,1,0),(603,152,4,'<p class=\"MsoNormal\">&nbsp;it is</p>',NULL,1,1,1718981470,1718981470,1,1,0),(604,152,4,'<p class=\"MsoNormal\">its</p>',NULL,0,1,1718981476,1718981476,1,1,0),(605,153,4,'<p class=\"MsoNormal\">brother isn&rsquo;t</p>',NULL,0,1,1718981508,1718981508,1,1,0),(606,153,4,'<p class=\"MsoNormal\">he isn&rsquo;t</p>',NULL,1,1,1718981515,1718981515,1,1,0),(607,153,4,'<p class=\"MsoNormal\">he is not</p>',NULL,0,1,1718981527,1718981527,1,1,0),(608,153,4,'<p class=\"MsoNormal\">she isn&rsquo;t</p>',NULL,0,1,1718981533,1718981533,1,1,0),(609,154,5,'<p><span lang=\"EN-US\" style=\"font-size: 12.0pt; line-height: 115%; font-family: \'Times New Roman\',serif; mso-fareast-font-family: Calibri; mso-fareast-theme-font: minor-latin; mso-ansi-language: EN-US; mso-fareast-language: EN-US; mso-bidi-language: AR-SA;\"><span style=\"mso-spacerun: yes;\">a + 4&nbsp;</span></span></p>',NULL,0,1,1718981556,1718981556,1,1,0),(610,154,5,'<p>4</p>',NULL,1,1,1718981562,1718981562,1,1,0),(611,155,4,'<p class=\"MsoNormal\">I&rsquo;m not</p>',NULL,1,1,1718981567,1718981567,1,1,0),(612,155,4,'<p class=\"MsoNormal\">I amn&rsquo;t</p>',NULL,0,1,1718981576,1718981576,1,1,0),(613,155,4,'<p class=\"MsoNormal\">I are not</p>',NULL,0,1,1718981583,1718981583,1,1,0),(614,155,4,'<p class=\"MsoNormal\">&nbsp;I not</p>',NULL,0,1,1718981591,1718981591,1,1,0),(615,154,5,'<p><math xmlns=\"http://www.w3.org/1998/Math/MathML\"><mo>-</mo><mfrac><mn>4</mn><mrow><mi>a</mi><mo>+</mo><mn>4</mn></mrow></mfrac></math></p>',NULL,0,1,1718981594,1718981594,1,1,0),(616,154,5,'<p><math xmlns=\"http://www.w3.org/1998/Math/MathML\"><mfrac><mn>4</mn><mrow><mi>a</mi><mo>-</mo><mn>4</mn></mrow></mfrac></math></p>',NULL,0,1,1718981620,1718981620,1,1,0),(617,156,4,'<p class=\"MsoNormal\">&nbsp;Is / isn&rsquo;t</p>',NULL,0,1,1718981649,1718981649,1,1,0),(618,156,4,'<p class=\"MsoNormal\">Are / is</p>',NULL,0,1,1718981655,1718981655,1,1,0),(619,156,4,'<p class=\"MsoNormal\">Is / is</p>',NULL,1,1,1718981661,1718981670,1,1,0),(620,156,4,'<p class=\"MsoNormal\">Are / is</p>',NULL,0,1,1718981674,1718981674,1,1,0),(621,158,4,'<p class=\"MsoNormal\">What / isn&rsquo;t</p>',NULL,0,1,1718981706,1718981706,1,1,0),(622,157,5,'<p><math xmlns=\"http://www.w3.org/1998/Math/MathML\"><mfrac><mn>64</mn><mn>103</mn></mfrac></math></p>',NULL,0,1,1718981713,1718981713,1,1,0),(623,158,4,'<p class=\"MsoNormal\">Is / is</p>',NULL,0,1,1718981716,1718981716,1,1,0),(624,158,4,'<p class=\"MsoNormal\">Is / isn&rsquo;t</p>',NULL,1,1,1718981725,1718981725,1,1,0),(625,158,4,'<p class=\"MsoNormal\">Are / isn&rsquo;t</p>',NULL,0,1,1718981731,1718981731,1,1,0),(626,157,5,'<p><math xmlns=\"http://www.w3.org/1998/Math/MathML\"><mfrac><mn>67</mn><mn>103</mn></mfrac></math></p>',NULL,0,1,1718981732,1718981732,1,1,0),(627,157,5,'<p><math xmlns=\"http://www.w3.org/1998/Math/MathML\"><mfrac><mn>145</mn><mpadded lspace=\"-1px\"><mn>515</mn></mpadded></mfrac></math></p>',NULL,0,1,1718981749,1718981749,1,1,0),(628,159,4,'<p class=\"MsoNormal\">am</p>',NULL,1,1,1718981766,1718981766,1,1,0),(629,157,5,'<p><math xmlns=\"http://www.w3.org/1998/Math/MathML\"><mfrac><mn>416</mn><mn>515</mn></mfrac></math></p>',NULL,1,1,1718981771,1718984705,1,1,0),(630,159,4,'<p class=\"MsoNormal\">have</p>',NULL,0,1,1718981772,1718981772,1,1,0),(631,159,4,'<p class=\"MsoNormal\">is</p>',NULL,0,1,1718981777,1718981777,1,1,0),(632,159,4,'<p class=\"MsoNormal\"><span style=\"font-family: Times New Roman;\">&lsquo;m not</span></p>',NULL,0,1,1718981782,1718981782,1,1,0),(633,160,5,'<p><math xmlns=\"http://www.w3.org/1998/Math/MathML\"><mfrac><mrow><mi>a</mi><mi>b</mi></mrow><mrow><mi>a</mi><mo>+</mo><mi>b</mi></mrow></mfrac></math></p>',NULL,1,1,1718981851,1718981851,1,1,0),(634,160,5,'<p><math xmlns=\"http://www.w3.org/1998/Math/MathML\"><mfrac><mrow><mi>a</mi><mi>b</mi></mrow><mrow><mi>a</mi><mo>-</mo><mi>b</mi></mrow></mfrac></math></p>',NULL,0,1,1718981864,1718981864,1,1,0),(635,160,5,'<p><math xmlns=\"http://www.w3.org/1998/Math/MathML\"><mfrac><mrow><mi>a</mi><mo>+</mo><mi>b</mi></mrow><mrow><mi>a</mi><mi>b</mi></mrow></mfrac></math></p>',NULL,0,1,1718981894,1718981894,1,1,0),(636,160,5,'<p><math xmlns=\"http://www.w3.org/1998/Math/MathML\"><mfrac><mrow><mi>a</mi><mo>-</mo><mi>b</mi></mrow><mrow><mi>a</mi><mi>b</mi></mrow></mfrac></math></p>',NULL,0,1,1718981906,1718981906,1,1,0),(637,161,14,'<p class=\"MsoNormal\"><span style=\"font-family: Times New Roman;\">Свободный арендатор</span></p>',NULL,1,1,1718981976,1718981976,1,1,0),(638,161,14,'<p class=\"MsoNormal\"><span style=\"font-family: Times New Roman;\">Раб, посаженный на землю</span></p>',NULL,0,1,1718981983,1718981983,1,1,0),(639,162,5,'<p>50</p>',NULL,0,1,1718982115,1718982115,1,1,0),(640,162,5,'<p>30</p>',NULL,0,1,1718982120,1718982120,1,1,0),(641,162,5,'<p>38</p>',NULL,0,1,1718982125,1718982125,1,1,0),(642,162,5,'<p>40</p>',NULL,1,1,1718982133,1718982133,1,1,0),(643,163,5,'<p><span lang=\"EN-US\" style=\"font-size: 12.0pt; line-height: 115%; font-family: \'Times New Roman\',serif; mso-fareast-font-family: Calibri; mso-fareast-theme-font: minor-latin; mso-ansi-language: EN-US; mso-fareast-language: EN-US; mso-bidi-language: AR-SA;\"><math xmlns=\"http://www.w3.org/1998/Math/MathML\"><mfrac><mrow><mn>9</mn><msup><mi>x</mi><mn>2</mn></msup><mo>&#160;</mo><mo>+</mo><mo>&#160;</mo><mn>4</mn></mrow><mrow><mn>27</mn><msup><mi>x</mi><mn>3</mn></msup><mo>&#160;</mo><mo>-</mo><mo>&#160;</mo><mn>64</mn></mrow></mfrac></math></span></p>',NULL,0,1,1718982295,1718982295,1,1,0),(644,163,5,'<p><math xmlns=\"http://www.w3.org/1998/Math/MathML\"><mfrac><mrow><mn>12</mn><mi>x</mi></mrow><mrow><mn>27</mn><msup><mi>x</mi><mn>3</mn></msup><mo>&#160;</mo><mo>+</mo><mo>&#160;</mo><mn>64</mn></mrow></mfrac></math></p>',NULL,1,1,1718982337,1718982384,1,1,0),(645,163,5,'<p><math xmlns=\"http://www.w3.org/1998/Math/MathML\"><mfrac><mrow><mo>-</mo><mn>12</mn><mi>x</mi></mrow><mrow><mn>27</mn><msup><mi>x</mi><mn>3</mn></msup><mo>&#160;</mo><mo>+</mo><mo>&#160;</mo><mn>64</mn></mrow></mfrac></math></p>',NULL,0,1,1718982370,1718982370,1,1,0),(646,163,5,'<p><math xmlns=\"http://www.w3.org/1998/Math/MathML\"><mfrac><mrow><mn>9</mn><msup><mi>x</mi><mn>2</mn></msup><mo>&#160;</mo><mo>+</mo><mo>&#160;</mo><mn>16</mn></mrow><mrow><mn>3</mn><mi>x</mi><mo>+</mo><mn>4</mn></mrow></mfrac></math></p>',NULL,0,1,1718982412,1718982412,1,1,0),(647,164,5,'<p>AC</p>',NULL,0,1,1718982494,1718982494,1,1,0),(648,164,5,'<p><span lang=\"EN-US\" style=\"font-size: 12.0pt; line-height: 115%; font-family: \'Times New Roman\',serif; mso-fareast-font-family: Calibri; mso-fareast-theme-font: minor-latin; mso-ansi-language: EN-US; mso-fareast-language: EN-US; mso-bidi-language: AR-SA;\">aniqlab bo&lsquo;lmaydi<span style=\"mso-spacerun: yes;\">&nbsp;&nbsp;&nbsp;&nbsp;&nbsp; </span></span></p>',NULL,0,1,1718982499,1718982499,1,1,0),(649,164,5,'<p><span lang=\"EN-US\" style=\"font-size: 12.0pt; line-height: 115%; font-family: \'Times New Roman\',serif; mso-fareast-font-family: Calibri; mso-fareast-theme-font: minor-latin; mso-ansi-language: EN-US; mso-fareast-language: EN-US; mso-bidi-language: AR-SA;\">AB<span style=\"mso-spacerun: yes;\">&nbsp;&nbsp;&nbsp;&nbsp;&nbsp; </span></span></p>',NULL,1,1,1718982505,1718982505,1,1,0),(650,164,5,'<p><span lang=\"EN-US\" style=\"font-size: 12.0pt; line-height: 115%; font-family: \'Times New Roman\',serif; mso-fareast-font-family: Calibri; mso-fareast-theme-font: minor-latin; mso-ansi-language: EN-US; mso-fareast-language: EN-US; mso-bidi-language: AR-SA;\">BC</span></p>',NULL,0,1,1718982509,1718982509,1,1,0),(651,165,5,'<p><span lang=\"EN-US\" style=\"font-size: 12.0pt; line-height: 115%; font-family: \'Times New Roman\',serif; mso-fareast-font-family: Calibri; mso-fareast-theme-font: minor-latin; mso-ansi-language: EN-US; mso-fareast-language: EN-US; mso-bidi-language: AR-SA;\">1040<span style=\"mso-spacerun: yes;\">&nbsp;&nbsp;&nbsp; </span></span></p>',NULL,0,1,1718982530,1718982530,1,1,0),(652,165,5,'<p><span lang=\"EN-US\" style=\"font-size: 12.0pt; line-height: 115%; font-family: \'Times New Roman\',serif; mso-fareast-font-family: Calibri; mso-fareast-theme-font: minor-latin; mso-ansi-language: EN-US; mso-fareast-language: EN-US; mso-bidi-language: AR-SA;\">760<span style=\"mso-spacerun: yes;\">&nbsp;&nbsp;&nbsp; </span></span></p>',NULL,1,1,1718982536,1718982536,1,1,0),(653,165,5,'<p><span lang=\"EN-US\" style=\"font-size: 12.0pt; line-height: 115%; font-family: \'Times New Roman\',serif; mso-fareast-font-family: Calibri; mso-fareast-theme-font: minor-latin; mso-ansi-language: EN-US; mso-fareast-language: EN-US; mso-bidi-language: AR-SA;\">720<span style=\"mso-spacerun: yes;\">&nbsp;&nbsp; </span></span></p>',NULL,0,1,1718982540,1718982540,1,1,0),(654,165,5,'<p><span lang=\"EN-US\" style=\"font-size: 12.0pt; line-height: 115%; font-family: \'Times New Roman\',serif; mso-fareast-font-family: Calibri; mso-fareast-theme-font: minor-latin; mso-ansi-language: EN-US; mso-fareast-language: EN-US; mso-bidi-language: AR-SA;\">660</span></p>',NULL,0,1,1718982545,1718982545,1,1,0),(655,166,5,'<p><math xmlns=\"http://www.w3.org/1998/Math/MathML\"><mo>(</mo><msup><mi>x</mi><mn>2</mn></msup><mo>&#160;</mo><mo>+</mo><mo>&#160;</mo><mi>x</mi><mo>&#160;</mo><mo>-</mo><mpadded lspace=\"-2px\"><mo>&#160;</mo><mn>1</mn></mpadded><mo>)</mo><mo>(</mo><msup><mi>x</mi><mn>2</mn></msup><mo>&#160;</mo><mo>+</mo><mo>&#160;</mo><mi>x</mi><mo>&#160;</mo><mo>+</mo><mo>&#160;</mo><mn>1</mn><mo>)</mo></math></p>',NULL,0,1,1718982658,1718982658,1,1,0),(656,166,5,'<p><math xmlns=\"http://www.w3.org/1998/Math/MathML\"><mo>(</mo><msup><mi>x</mi><mn>2</mn></msup><mo>&#160;</mo><mo>+</mo><mo>&#160;</mo><mi>x</mi><mo>&#160;</mo><mo>-</mo><mpadded lspace=\"-2px\"><mo>&#160;</mo><mn>1</mn></mpadded><mo>)</mo><mo>(</mo><msup><mi>x</mi><mn>2</mn></msup><mo>&#160;</mo><mo>-</mo><mo>&#160;</mo><mi>x</mi><mo>&#160;</mo><mo>+</mo><mpadded lspace=\"-2px\"><mo>&#160;</mo><mn>1</mn></mpadded><mo>)</mo></math></p>',NULL,0,1,1718982682,1718982682,1,1,0),(657,166,5,'<p><math xmlns=\"http://www.w3.org/1998/Math/MathML\"><mo>(</mo><msup><mi>x</mi><mn>2</mn></msup><mo>&#160;</mo><mo>-</mo><mo>&#160;</mo><mi>x</mi><mo>&#160;</mo><mo>-</mo><mpadded lspace=\"-2px\"><mo>&#160;</mo><mn>1</mn></mpadded><mo>)</mo><mo>(</mo><msup><mi>x</mi><mn>2</mn></msup><mo>&#160;</mo><mo>-</mo><mo>&#160;</mo><mi>x</mi><mo>&#160;</mo><mo>+</mo><mpadded lspace=\"-2px\"><mo>&#160;</mo><mn>1</mn></mpadded><mo>)</mo></math></p>',NULL,0,1,1718982706,1718982706,1,1,0),(658,166,5,'<p><math xmlns=\"http://www.w3.org/1998/Math/MathML\"><mo>(</mo><msup><mi>x</mi><mn>2</mn></msup><mo>&#160;</mo><mo>-</mo><mo>&#160;</mo><mi>x</mi><mo>&#160;</mo><mo>-</mo><mpadded lspace=\"-2px\"><mo>&#160;</mo><mn>1</mn></mpadded><mo>)</mo><mo>(</mo><msup><mi>x</mi><mn>2</mn></msup><mo>&#160;</mo><mo>+</mo><mo>&#160;</mo><mi>x</mi><mo>&#160;</mo><mo>-</mo><mpadded lspace=\"-2px\"><mo>&#160;</mo><mn>1</mn></mpadded><mo>)</mo></math></p>',NULL,1,1,1718982724,1718982729,1,1,0),(659,167,5,'<p>1</p>',NULL,1,1,1718982797,1718982797,1,1,0),(660,167,5,'<p>3</p>',NULL,0,1,1718982808,1718982808,1,1,0),(661,167,5,'<p>5</p>',NULL,0,1,1718982814,1718982814,1,1,0),(662,167,5,'<p>7</p>',NULL,0,1,1718982819,1718982819,1,1,0),(663,168,5,'<p><span lang=\"EN-US\" style=\"font-size: 12.0pt; line-height: 115%; font-family: \'Times New Roman\',serif; mso-fareast-font-family: Calibri; mso-fareast-theme-font: minor-latin; mso-ansi-language: EN-US; mso-fareast-language: EN-US; mso-bidi-language: AR-SA;\">3-a<span style=\"mso-spacerun: yes;\">&nbsp;&nbsp;&nbsp;&nbsp;&nbsp;&nbsp;&nbsp;&nbsp; </span></span></p>',NULL,0,1,1718982974,1718982974,1,1,0),(664,168,5,'<p><span lang=\"EN-US\" style=\"font-size: 12.0pt; line-height: 115%; font-family: \'Times New Roman\',serif; mso-fareast-font-family: Calibri; mso-fareast-theme-font: minor-latin; mso-ansi-language: EN-US; mso-fareast-language: EN-US; mso-bidi-language: AR-SA;\">4-a</span></p>',NULL,0,1,1718982982,1718982982,1,1,0),(665,168,5,'<p><span lang=\"EN-US\" style=\"font-size: 12.0pt; line-height: 115%; font-family: \'Times New Roman\',serif; mso-fareast-font-family: Calibri; mso-fareast-theme-font: minor-latin; mso-ansi-language: EN-US; mso-fareast-language: EN-US; mso-bidi-language: AR-SA;\">2-a<span style=\"mso-spacerun: yes;\">&nbsp;&nbsp;&nbsp;&nbsp;&nbsp;&nbsp;&nbsp;&nbsp; </span></span></p>',NULL,1,1,1718982989,1718982989,1,1,0),(666,168,5,'<p class=\"MsoNormal\" style=\"line-height: normal;\"><span lang=\"EN-US\" style=\"font-size: 12.0pt; font-family: \'Times New Roman\',serif; mso-ansi-language: EN-US;\">3-2a<o:p></o:p></span></p>',NULL,0,1,1718982994,1718982994,1,1,0),(667,169,5,'<p><span lang=\"EN-US\" style=\"font-size: 12.0pt; line-height: 115%; font-family: \'Times New Roman\',serif; mso-fareast-font-family: Calibri; mso-fareast-theme-font: minor-latin; mso-ansi-language: EN-US; mso-fareast-language: EN-US; mso-bidi-language: AR-SA;\">530<span style=\"mso-spacerun: yes;\">&nbsp;&nbsp;&nbsp;&nbsp; </span></span></p>',NULL,0,1,1718983016,1718983016,1,1,0),(668,169,5,'<p><span lang=\"EN-US\" style=\"font-size: 12.0pt; line-height: 115%; font-family: \'Times New Roman\',serif; mso-fareast-font-family: Calibri; mso-fareast-theme-font: minor-latin; mso-ansi-language: EN-US; mso-fareast-language: EN-US; mso-bidi-language: AR-SA;\">830<span style=\"mso-spacerun: yes;\">&nbsp;&nbsp;&nbsp;&nbsp; </span></span></p>',NULL,0,1,1718983021,1718983021,1,1,0),(669,169,5,'<p><span lang=\"EN-US\" style=\"font-size: 12.0pt; line-height: 115%; font-family: \'Times New Roman\',serif; mso-fareast-font-family: Calibri; mso-fareast-theme-font: minor-latin; mso-ansi-language: EN-US; mso-fareast-language: EN-US; mso-bidi-language: AR-SA;\">970<span style=\"mso-spacerun: yes;\">&nbsp;&nbsp;&nbsp;&nbsp;&nbsp; </span></span></p>',NULL,1,1,1718983026,1718983026,1,1,0),(670,169,5,'<p><span lang=\"EN-US\" style=\"font-size: 12.0pt; line-height: 115%; font-family: \'Times New Roman\',serif; mso-fareast-font-family: Calibri; mso-fareast-theme-font: minor-latin; mso-ansi-language: EN-US; mso-fareast-language: EN-US; mso-bidi-language: AR-SA;\">1270</span></p>',NULL,0,1,1718983031,1718983031,1,1,0),(671,170,5,'<p><math xmlns=\"http://www.w3.org/1998/Math/MathML\"><mfrac><mrow><mn>2</mn><mi>a</mi><mo>&#160;</mo><mo>-</mo><mo>&#160;</mo><mn>3</mn><mi>b</mi></mrow><mrow><mi>a</mi><mo>&#160;</mo><mo>-</mo><mo>&#160;</mo><mi>b</mi></mrow></mfrac></math></p>',NULL,1,1,1718983155,1718983155,1,1,0),(672,170,5,'<p><math xmlns=\"http://www.w3.org/1998/Math/MathML\"><mfrac><mrow><mn>2</mn><mi>a</mi><mo>&#160;</mo><mo>-</mo><mo>&#160;</mo><mn>3</mn><mi>b</mi></mrow><mrow><mi>a</mi><mo>&#160;</mo><mo>+</mo><mo>&#160;</mo><mi>b</mi></mrow></mfrac></math></p>',NULL,0,1,1718983169,1718983169,1,1,0),(673,170,5,'<p><math xmlns=\"http://www.w3.org/1998/Math/MathML\"><mfrac><mrow><mn>3</mn><mi>b</mi><mo>&#160;</mo><mo>-</mo><mo>&#160;</mo><mn>2</mn><mi>a</mi></mrow><mrow><mi>a</mi><mo>&#160;</mo><mo>+</mo><mo>&#160;</mo><mi>b</mi></mrow></mfrac></math></p>',NULL,0,1,1718983199,1718983199,1,1,0),(674,170,5,'<p><math xmlns=\"http://www.w3.org/1998/Math/MathML\"><mfrac><mrow><mn>3</mn><mi>a</mi><mo>&#160;</mo><mo>-</mo><mo>&#160;</mo><mn>2</mn><mi>b</mi></mrow><mrow><mi>a</mi><mo>&#160;</mo><mo>+</mo><mo>&#160;</mo><mi>b</mi></mrow></mfrac></math></p>',NULL,0,1,1718983220,1718983220,1,1,0),(675,171,5,'<p><span lang=\"EN-US\" style=\"font-size: 12.0pt; line-height: 115%; font-family: \'Times New Roman\',serif; mso-fareast-font-family: Calibri; mso-fareast-theme-font: minor-latin; mso-ansi-language: EN-US; mso-fareast-language: EN-US; mso-bidi-language: AR-SA;\">36<span style=\"mso-spacerun: yes;\">&nbsp;&nbsp;&nbsp; </span></span></p>',NULL,1,1,1718983245,1718983245,1,1,0),(676,171,5,'<p><span lang=\"EN-US\" style=\"font-size: 12.0pt; line-height: 115%; font-family: \'Times New Roman\',serif; mso-fareast-font-family: Calibri; mso-fareast-theme-font: minor-latin; mso-ansi-language: EN-US; mso-fareast-language: EN-US; mso-bidi-language: AR-SA;\">48<span style=\"mso-spacerun: yes;\">&nbsp;&nbsp; </span></span></p>',NULL,0,1,1718983250,1718983250,1,1,0),(677,171,5,'<p><span lang=\"EN-US\" style=\"font-size: 12.0pt; line-height: 115%; font-family: \'Times New Roman\',serif; mso-fareast-font-family: Calibri; mso-fareast-theme-font: minor-latin; mso-ansi-language: EN-US; mso-fareast-language: EN-US; mso-bidi-language: AR-SA;\">72<span style=\"mso-spacerun: yes;\">&nbsp;&nbsp;&nbsp; </span></span></p>',NULL,0,1,1718983254,1718983254,1,1,0),(678,171,5,'<p><span lang=\"EN-US\" style=\"font-size: 12.0pt; line-height: 115%; font-family: \'Times New Roman\',serif; mso-fareast-font-family: Calibri; mso-fareast-theme-font: minor-latin; mso-ansi-language: EN-US; mso-fareast-language: EN-US; mso-bidi-language: AR-SA;\">12<span style=\"mso-spacerun: yes;\">&nbsp;&nbsp;&nbsp; </span></span></p>',NULL,0,1,1718983259,1718983259,1,1,0),(679,172,5,'<p><math xmlns=\"http://www.w3.org/1998/Math/MathML\"><mfrac><mn>6</mn><mrow><mn>3</mn><mi>a</mi><mo>&#160;</mo><mo>-</mo><mo>&#160;</mo><mn>2</mn><mi>b</mi></mrow></mfrac></math></p>',NULL,0,1,1718983426,1718983426,1,1,0),(680,172,5,'<p><math xmlns=\"http://www.w3.org/1998/Math/MathML\"><mfrac><mn>6</mn><mrow><mn>3</mn><mi>a</mi><mo>&#160;</mo><mo>+</mo><mo>&#160;</mo><mn>2</mn><mi>b</mi></mrow></mfrac></math></p>',NULL,1,1,1718983443,1718983443,1,1,0),(681,172,5,'<p><math xmlns=\"http://www.w3.org/1998/Math/MathML\"><mfrac><mrow><mo>-</mo><mn>18</mn><mi>a</mi></mrow><mrow><mn>9</mn><msup><mi>a</mi><mn>2</mn></msup><mo>&#160;</mo><mo>-</mo><mo>&#160;</mo><mn>4</mn><msup><mi>b</mi><mn>2</mn></msup></mrow></mfrac></math></p>',NULL,0,1,1718983486,1718983486,1,1,0),(682,161,14,'<p class=\"MsoNormal\"><span style=\"font-family: Times New Roman;\">Завоеванный земледелец</span></p>',NULL,0,1,1718983501,1718983501,1,1,0),(683,161,14,'<p class=\"MsoNormal\"><span style=\"font-family: Times New Roman;\">Вольноотпущен</span><o:p></o:p><span style=\"font-family: Times New Roman;\">ник</span></p>',NULL,0,1,1718983509,1718983509,1,1,0),(684,172,5,'<p><math xmlns=\"http://www.w3.org/1998/Math/MathML\"><mfrac><mrow><mn>12</mn><mi>b</mi></mrow><mrow><mn>2</mn><mi>b</mi><mo>&#160;</mo><mo>-</mo><mo>&#160;</mo><mn>3</mn><mi>a</mi></mrow></mfrac></math></p>',NULL,0,1,1718983515,1718983515,1,1,0),(685,174,5,'<p><span lang=\"EN-US\" style=\"font-size: 12.0pt; line-height: 115%; font-family: \'Times New Roman\',serif; mso-fareast-font-family: Calibri; mso-fareast-theme-font: minor-latin; mso-ansi-language: EN-US; mso-fareast-language: EN-US; mso-bidi-language: AR-SA;\">9 km/soat</span></p>',NULL,1,1,1718983550,1718983550,1,1,0),(686,174,5,'<p><span lang=\"EN-US\" style=\"font-size: 12.0pt; line-height: 115%; font-family: \'Times New Roman\',serif; mso-fareast-font-family: Calibri; mso-fareast-theme-font: minor-latin; mso-ansi-language: EN-US; mso-fareast-language: EN-US; mso-bidi-language: AR-SA;\">8 km/soat<span style=\"mso-spacerun: yes;\">&nbsp;&nbsp;&nbsp;&nbsp;&nbsp;&nbsp;&nbsp;&nbsp; </span></span></p>',NULL,0,1,1718983556,1718983556,1,1,0),(687,174,5,'<p><span lang=\"EN-US\" style=\"font-size: 12.0pt; line-height: 115%; font-family: \'Times New Roman\',serif; mso-fareast-font-family: Calibri; mso-fareast-theme-font: minor-latin; mso-ansi-language: EN-US; mso-fareast-language: EN-US; mso-bidi-language: AR-SA;\">0,8 km/soat<span style=\"mso-spacerun: yes;\">&nbsp;&nbsp;&nbsp;&nbsp;&nbsp;&nbsp;&nbsp;&nbsp; </span></span></p>',NULL,0,1,1718983563,1718983563,1,1,0),(688,174,5,'<p class=\"MsoNormal\" style=\"line-height: normal;\"><span lang=\"EN-US\" style=\"font-size: 12.0pt; font-family: \'Times New Roman\',serif; mso-ansi-language: EN-US;\">0,9 km/soat<o:p></o:p></span></p>',NULL,0,1,1718983567,1718983567,1,1,0),(689,173,14,'<p class=\"MsoNormal\"><span style=\"font-family: Times New Roman;\">От Матфея</span></p>',NULL,1,1,1718983574,1718983574,1,1,0),(690,173,14,'<p class=\"MsoNormal\"><span style=\"font-family: Times New Roman;\">От Иоанна</span></p>',NULL,0,1,1718983583,1718983583,1,1,0),(691,175,5,'<p><span lang=\"EN-US\" style=\"font-size: 12.0pt; line-height: 115%; font-family: \'Times New Roman\',serif; mso-fareast-font-family: Calibri; mso-fareast-theme-font: minor-latin; mso-ansi-language: EN-US; mso-fareast-language: EN-US; mso-bidi-language: AR-SA;\">40<span style=\"mso-spacerun: yes;\">&nbsp;&nbsp;&nbsp;&nbsp;&nbsp;&nbsp;&nbsp;&nbsp; </span></span></p>',NULL,0,1,1718983584,1718983584,1,1,0),(692,173,14,'<p class=\"MsoNormal\"><span style=\"font-family: Times New Roman;\">От Луки</span></p>',NULL,0,1,1718983590,1718983590,1,1,0),(693,175,5,'<p><span lang=\"EN-US\" style=\"font-size: 12.0pt; line-height: 115%; font-family: \'Times New Roman\',serif; mso-fareast-font-family: Calibri; mso-fareast-theme-font: minor-latin; mso-ansi-language: EN-US; mso-fareast-language: EN-US; mso-bidi-language: AR-SA;\">36<span style=\"mso-spacerun: yes;\">&nbsp;&nbsp;&nbsp;&nbsp;&nbsp;&nbsp;&nbsp;&nbsp; </span></span></p>',NULL,1,1,1718983593,1718983593,1,1,0),(694,173,14,'<p class=\"MsoNormal\"><span style=\"font-family: Times New Roman;\">От Марка</span></p>',NULL,0,1,1718983596,1718983596,1,1,0),(695,175,5,'<p><span style=\"font-family: Times New Roman, serif;\">43</span></p>',NULL,0,1,1718983598,1718983607,1,1,0),(696,175,5,'<p>38</p>',NULL,0,1,1718983614,1718983614,1,1,0),(697,176,14,'<p class=\"MsoNormal\"><span style=\"font-family: Times New Roman;\">Милет</span></p>',NULL,1,1,1718983625,1718983625,1,1,0),(698,176,14,'<p class=\"MsoNormal\"><span style=\"font-family: Times New Roman;\">Коринф</span></p>',NULL,0,1,1718983634,1718983634,1,1,0),(699,177,5,'<p><span lang=\"EN-US\" style=\"font-size: 12.0pt; line-height: 115%; font-family: \'Times New Roman\',serif; mso-fareast-font-family: Calibri; mso-fareast-theme-font: minor-latin; mso-ansi-language: EN-US; mso-fareast-language: EN-US; mso-bidi-language: AR-SA;\">1,5 soat<span style=\"mso-spacerun: yes;\">&nbsp;&nbsp;&nbsp;&nbsp;&nbsp;&nbsp;&nbsp;&nbsp; </span></span></p>',NULL,1,1,1718983637,1718983637,1,1,0),(700,176,14,'<p class=\"MsoNormal\"><span style=\"font-family: Times New Roman;\">Афины</span></p>',NULL,0,1,1718983640,1718983640,1,1,0),(701,177,5,'<p><span lang=\"EN-US\" style=\"font-size: 12.0pt; line-height: 115%; font-family: \'Times New Roman\',serif; mso-fareast-font-family: Calibri; mso-fareast-theme-font: minor-latin; mso-ansi-language: EN-US; mso-fareast-language: EN-US; mso-bidi-language: AR-SA;\">2 soat<span style=\"mso-spacerun: yes;\">&nbsp;&nbsp;&nbsp;&nbsp;&nbsp;&nbsp;&nbsp;&nbsp; </span></span></p>',NULL,0,1,1718983641,1718983641,1,1,0),(702,176,14,'<p class=\"MsoNormal\"><span style=\"font-family: Times New Roman;\">Эретрия</span></p>',NULL,0,1,1718983645,1718983645,1,1,0),(703,177,5,'<p><span lang=\"EN-US\" style=\"font-size: 12.0pt; line-height: 115%; font-family: \'Times New Roman\',serif; mso-fareast-font-family: Calibri; mso-fareast-theme-font: minor-latin; mso-ansi-language: EN-US; mso-fareast-language: EN-US; mso-bidi-language: AR-SA;\">2,5 soat<span style=\"mso-spacerun: yes;\">&nbsp;&nbsp;&nbsp;&nbsp;&nbsp;&nbsp;&nbsp;&nbsp; </span></span></p>',NULL,0,1,1718983647,1718983647,1,1,0),(704,177,5,'<p><span lang=\"EN-US\" style=\"font-size: 12.0pt; line-height: 115%; font-family: \'Times New Roman\',serif; mso-fareast-font-family: Calibri; mso-fareast-theme-font: minor-latin; mso-ansi-language: EN-US; mso-fareast-language: EN-US; mso-bidi-language: AR-SA;\">3 soat</span></p>',NULL,0,1,1718983653,1718983653,1,1,0),(705,178,14,'<p class=\"MsoNormal\"><span style=\"font-family: Times New Roman;\">Александрийская</span></p>',NULL,1,1,1718983668,1718983668,1,1,0),(706,178,14,'<p class=\"MsoNormal\"><span style=\"font-family: Times New Roman;\">При храме Сарапис</span></p>',NULL,0,1,1718983674,1718983674,1,1,0),(707,178,14,'<p class=\"MsoNormal\"><span style=\"font-family: Times New Roman;\">В Афинах</span></p>',NULL,0,1,1718983681,1718983681,1,1,0),(708,178,14,'<p class=\"MsoNormal\"><span style=\"font-family: Times New Roman;\">В Спарте</span></p>',NULL,0,1,1718983686,1718983686,1,1,0),(709,179,5,'<p><math xmlns=\"http://www.w3.org/1998/Math/MathML\"><mn>4</mn><mfrac><mn>1</mn><mn>6</mn></mfrac></math></p>',NULL,1,1,1718983704,1718983704,1,1,0),(710,179,5,'<p><math xmlns=\"http://www.w3.org/1998/Math/MathML\"><mn>5</mn><mfrac><mn>5</mn><mn>6</mn></mfrac></math></p>',NULL,0,1,1718983720,1718983720,1,1,0),(711,180,14,'<p class=\"MsoNormal\"><span style=\"font-family: Times New Roman;\">Евклид</span></p>',NULL,1,1,1718983727,1718983727,1,1,0),(712,180,14,'<p class=\"MsoNormal\"><span style=\"font-family: Times New Roman;\">Архимед</span></p>',NULL,0,1,1718983733,1718983733,1,1,0),(713,179,5,'<p><math xmlns=\"http://www.w3.org/1998/Math/MathML\"><mn>5</mn><mfrac><mn>1</mn><mn>6</mn></mfrac></math></p>',NULL,0,1,1718983735,1718983735,1,1,0),(714,180,14,'<p class=\"MsoNormal\"><span style=\"font-family: Times New Roman;\">Аристарх</span></p>',NULL,0,1,1718983738,1718983738,1,1,0),(715,180,14,'<p class=\"MsoNormal\"><span style=\"font-family: Times New Roman;\">Гиппарх</span></p>',NULL,0,1,1718983743,1718983743,1,1,0),(716,179,5,'<p><math xmlns=\"http://www.w3.org/1998/Math/MathML\"><mn>4</mn><mfrac><mn>5</mn><mn>6</mn></mfrac></math></p>',NULL,0,1,1718983747,1718983747,1,1,0),(717,181,14,'<p class=\"MsoNormal\"><span style=\"font-family: Times New Roman;\">Аристарх </span></p>',NULL,1,1,1718983763,1718983782,1,1,0),(718,181,14,'<p class=\"MsoNormal\"><span style=\"font-family: Times New Roman;\">Кидинна</span></p>',NULL,0,1,1718983768,1718983768,1,1,0),(719,181,14,'<p class=\"MsoNormal\"><span style=\"font-family: Times New Roman;\">Галилей</span></p>',NULL,0,1,1718983773,1718983773,1,1,0),(720,181,14,'<p class=\"MsoNormal\"><span style=\"font-family: Times New Roman;\">Селевк</span></p>',NULL,0,1,1718983778,1718983778,1,1,0),(721,182,5,'<p><span lang=\"EN-US\" style=\"font-size: 12.0pt; line-height: 115%; font-family: \'Times New Roman\',serif; mso-fareast-font-family: Calibri; mso-fareast-theme-font: minor-latin; mso-ansi-language: EN-US; mso-fareast-language: EN-US; mso-bidi-language: AR-SA;\">b&lt;d&lt;a&lt;c</span></p>',NULL,1,1,1718983792,1718983792,1,1,0),(722,182,5,'<p><span lang=\"EN-US\" style=\"font-size: 12.0pt; line-height: 115%; font-family: \'Times New Roman\',serif; mso-fareast-font-family: Calibri; mso-fareast-theme-font: minor-latin; mso-ansi-language: EN-US; mso-fareast-language: EN-US; mso-bidi-language: AR-SA;\">a&lt;b&lt;c&lt;d<span style=\"mso-spacerun: yes;\">&nbsp;&nbsp;&nbsp;&nbsp;&nbsp;&nbsp;&nbsp;&nbsp;&nbsp; </span></span></p>',NULL,0,1,1718983798,1718983798,1,1,0),(723,182,5,'<p><span lang=\"EN-US\" style=\"font-size: 12.0pt; line-height: 115%; font-family: \'Times New Roman\',serif; mso-fareast-font-family: Calibri; mso-fareast-theme-font: minor-latin; mso-ansi-language: EN-US; mso-fareast-language: EN-US; mso-bidi-language: AR-SA;\">b&lt;d&lt;c&lt;a<span style=\"mso-spacerun: yes;\">&nbsp;&nbsp;&nbsp;&nbsp;&nbsp; </span></span></p>',NULL,0,1,1718983803,1718983803,1,1,0),(724,183,14,'<p class=\"MsoNormal\"><span style=\"font-family: Times New Roman;\">Эратосфен</span></p>',NULL,1,1,1718983804,1718983804,1,1,0),(725,182,5,'<p class=\"MsoNormal\" style=\"line-height: normal;\"><span lang=\"EN-US\" style=\"font-size: 12.0pt; font-family: \'Times New Roman\',serif; mso-ansi-language: EN-US;\">d&lt;b&lt;c&lt;a<o:p></o:p></span></p>',NULL,0,1,1718983807,1718983807,1,1,0),(726,183,14,'<p class=\"MsoNormal\"><span style=\"font-family: Times New Roman;\">Селевк</span></p>',NULL,0,1,1718983810,1718983810,1,1,0),(727,183,14,'<p class=\"MsoNormal\"><span style=\"font-family: Times New Roman;\">Феофраст</span></p>',NULL,0,1,1718983815,1718983815,1,1,0),(728,183,14,'<p class=\"MsoNormal\"><span style=\"font-family: Times New Roman;\">Аристарх</span></p>',NULL,0,1,1718983821,1718983821,1,1,0),(729,184,5,'<p><span lang=\"EN-US\" style=\"font-size: 12.0pt; line-height: 115%; font-family: \'Times New Roman\',serif; mso-fareast-font-family: Calibri; mso-fareast-theme-font: minor-latin; mso-ansi-language: EN-US; mso-fareast-language: EN-US; mso-bidi-language: AR-SA;\">3,087 t<span style=\"mso-spacerun: yes;\">&nbsp;&nbsp;&nbsp;&nbsp;&nbsp;&nbsp;&nbsp;&nbsp;&nbsp;&nbsp;&nbsp;&nbsp; </span></span></p>',NULL,0,1,1718983831,1718983831,1,1,0),(730,184,5,'<p><span lang=\"EN-US\" style=\"font-size: 12.0pt; line-height: 115%; font-family: \'Times New Roman\',serif; mso-fareast-font-family: Calibri; mso-fareast-theme-font: minor-latin; mso-ansi-language: EN-US; mso-fareast-language: EN-US; mso-bidi-language: AR-SA;\">0,3t<span style=\"mso-spacerun: yes;\"> &nbsp;</span></span></p>',NULL,0,1,1718983840,1718983840,1,1,0),(731,185,14,'<p class=\"MsoNormal\"><span style=\"font-family: Times New Roman;\">Обязанность тратить часть своих средств на общественные нужды</span></p>',NULL,1,1,1718983842,1718983848,1,1,0),(732,184,5,'<p><span lang=\"EN-US\" style=\"font-size: 12.0pt; line-height: 115%; font-family: \'Times New Roman\',serif; mso-fareast-font-family: Calibri; mso-fareast-theme-font: minor-latin; mso-ansi-language: EN-US; mso-fareast-language: EN-US; mso-bidi-language: AR-SA;\">0,387t<span style=\"mso-spacerun: yes;\">&nbsp;&nbsp;&nbsp;&nbsp;&nbsp;&nbsp;&nbsp;&nbsp;&nbsp; </span></span></p>',NULL,1,1,1718983846,1718983846,1,1,0),(733,184,5,'<p><span lang=\"EN-US\" style=\"font-size: 12.0pt; line-height: 115%; font-family: \'Times New Roman\',serif; mso-fareast-font-family: Calibri; mso-fareast-theme-font: minor-latin; mso-ansi-language: EN-US; mso-fareast-language: EN-US; mso-bidi-language: AR-SA;\">3,8t</span></p>',NULL,0,1,1718983851,1718983851,1,1,0),(734,186,5,'<p><span lang=\"EN-US\" style=\"font-size: 12.0pt; line-height: 115%; font-family: \'Times New Roman\',serif; mso-fareast-font-family: Calibri; mso-fareast-theme-font: minor-latin; mso-ansi-language: EN-US; mso-fareast-language: EN-US; mso-bidi-language: AR-SA;\">11,64</span></p>',NULL,0,1,1718983872,1718983872,1,1,0),(735,186,5,'<p><span lang=\"EN-US\" style=\"font-size: 12.0pt; line-height: 115%; font-family: \'Times New Roman\',serif; mso-fareast-font-family: Calibri; mso-fareast-theme-font: minor-latin; mso-ansi-language: EN-US; mso-fareast-language: EN-US; mso-bidi-language: AR-SA;\">8,13</span></p>',NULL,1,1,1718983877,1718983886,1,1,0),(736,186,5,'<p><span lang=\"EN-US\" style=\"font-size: 12.0pt; line-height: 115%; font-family: \'Times New Roman\',serif; mso-fareast-font-family: Calibri; mso-fareast-theme-font: minor-latin; mso-ansi-language: EN-US; mso-fareast-language: EN-US; mso-bidi-language: AR-SA;\">3,76</span></p>',NULL,0,1,1718983891,1718983891,1,1,0),(737,185,14,'<p class=\"MsoNormal\"><span style=\"font-family: Times New Roman;\">Выделять часть илотов в греческую армию</span></p>',NULL,0,1,1718983893,1718983893,1,1,0),(738,186,5,'<p class=\"MsoNormal\" style=\"line-height: normal; tab-stops: 86.0pt 177.5pt center 233.85pt;\"><span lang=\"EN-US\" style=\"font-size: 12.0pt; font-family: \'Times New Roman\',serif; mso-ansi-language: EN-US;\">1,5<o:p></o:p></span></p>',NULL,0,1,1718983896,1718983896,1,1,0),(739,185,14,'<p class=\"MsoNormal\"><span style=\"font-family: Times New Roman;\">Религиозные шествия</span></p>',NULL,0,1,1718983898,1718983898,1,1,0),(740,185,14,'<p class=\"MsoNormal\"><span style=\"font-family: Times New Roman;\">Гладиаторские бои</span></p>',NULL,0,1,1718983904,1718983904,1,1,0),(741,186,5,'<p><span lang=\"EN-US\" style=\"font-size: 12.0pt; line-height: 115%; font-family: \'Times New Roman\',serif; mso-fareast-font-family: Calibri; mso-fareast-theme-font: minor-latin; mso-ansi-language: EN-US; mso-fareast-language: EN-US; mso-bidi-language: AR-SA;\">240 sonining<span style=\"mso-spacerun: yes;\">&nbsp; </span>15 % ini toping.</span></p>',NULL,0,1,1718983904,1718983904,1,1,0),(742,187,14,'<p class=\"MsoNormal\"><span style=\"font-family: Times New Roman;\">Республиканское устройство</span></p>',NULL,1,1,1718983934,1718983934,1,1,0),(743,187,14,'<p class=\"MsoNormal\"><span style=\"font-family: Times New Roman;\">Диктатуру тиранов</span></p>',NULL,0,1,1718983940,1718983940,1,1,0),(744,187,14,'<p class=\"MsoNormal\"><span style=\"font-family: Times New Roman;\">Абсолютистская монархия</span></p>',NULL,0,1,1718983947,1718983947,1,1,0),(745,187,14,'<p class=\"MsoNormal\"><span style=\"font-family: Times New Roman;\">Анархия</span></p>',NULL,0,1,1718983953,1718983953,1,1,0),(746,189,14,'<p class=\"MsoNormal\">500-449 гг. до н.э.</p>',NULL,1,1,1718983979,1718983984,1,1,0),(747,188,5,'<p>36</p>',NULL,1,1,1718983990,1718983990,1,1,0),(748,189,14,'<p class=\"MsoNormal\">500-339 гг. до н.э.</p>',NULL,0,1,1718983993,1718983993,1,1,0),(749,189,14,'<p class=\"MsoNormal\">490-480 гг. до н.э.</p>',NULL,0,1,1718984000,1718984000,1,1,0),(750,188,5,'<p><span lang=\"EN-US\" style=\"font-size: 12.0pt; line-height: 115%; font-family: \'Times New Roman\',serif; mso-fareast-font-family: Calibri; mso-fareast-theme-font: minor-latin; mso-ansi-language: EN-US; mso-fareast-language: EN-US; mso-bidi-language: AR-SA;\">3,6</span></p>',NULL,0,1,1718984002,1718984002,1,1,0),(751,188,5,'<p><span lang=\"EN-US\" style=\"font-size: 12.0pt; line-height: 115%; font-family: \'Times New Roman\',serif; mso-fareast-font-family: Calibri; mso-fareast-theme-font: minor-latin; mso-ansi-language: EN-US; mso-fareast-language: EN-US; mso-bidi-language: AR-SA;\">360</span></p>',NULL,0,1,1718984007,1718984007,1,1,0),(752,189,14,'<p class=\"MsoNormal\">I <span style=\"font-family: Times New Roman;\">в. до н.э.</span></p>',NULL,0,1,1718984008,1718984008,1,1,0),(753,188,5,'<p class=\"MsoNormal\" style=\"line-height: normal; tab-stops: 82.5pt 167.5pt center 233.85pt;\"><span lang=\"EN-US\" style=\"font-size: 12.0pt; font-family: \'Times New Roman\',serif; mso-ansi-language: EN-US;\">6<o:p></o:p></span></p>',NULL,0,1,1718984013,1718984013,1,1,0),(754,190,14,'<p class=\"MsoNormal\">4</p>',NULL,0,1,1718984041,1718984087,1,1,0),(755,190,14,'<p>5</p>',NULL,1,1,1718984048,1718984096,1,1,0),(756,190,14,'<p>3</p>',NULL,0,1,1718984055,1718984055,1,1,0),(757,191,5,'<p><span lang=\"EN-US\" style=\"font-size: 12.0pt; line-height: 115%; font-family: \'Times New Roman\',serif; mso-fareast-font-family: Calibri; mso-fareast-theme-font: minor-latin; mso-ansi-language: EN-US; mso-fareast-language: EN-US; mso-bidi-language: AR-SA;\">-19</span></p>',NULL,1,1,1718984057,1718984061,1,1,0),(758,190,14,'<p>2</p>',NULL,0,1,1718984059,1718984059,1,1,0),(759,191,5,'<p><span lang=\"EN-US\" style=\"font-size: 12.0pt; line-height: 115%; font-family: \'Times New Roman\',serif; mso-fareast-font-family: Calibri; mso-fareast-theme-font: minor-latin; mso-ansi-language: EN-US; mso-fareast-language: EN-US; mso-bidi-language: AR-SA;\">-21</span></p>',NULL,0,1,1718984071,1718984071,1,1,0),(760,191,5,'<p><span lang=\"EN-US\" style=\"font-size: 12.0pt; line-height: 115%; font-family: \'Times New Roman\',serif; mso-fareast-font-family: Calibri; mso-fareast-theme-font: minor-latin; mso-ansi-language: EN-US; mso-fareast-language: EN-US; mso-bidi-language: AR-SA;\">20</span></p>',NULL,0,1,1718984077,1718984077,1,1,0),(761,191,5,'<p><span lang=\"EN-US\" style=\"font-size: 12.0pt; line-height: 115%; font-family: \'Times New Roman\',serif; mso-fareast-font-family: Calibri; mso-fareast-theme-font: minor-latin; mso-ansi-language: EN-US; mso-fareast-language: EN-US; mso-bidi-language: AR-SA;\">22</span></p>',NULL,0,1,1718984082,1718984082,1,1,0),(762,192,5,'<p><span lang=\"EN-US\" style=\"font-size: 12.0pt; line-height: 115%; font-family: \'Times New Roman\',serif; mso-fareast-font-family: Calibri; mso-fareast-theme-font: minor-latin; mso-ansi-language: EN-US; mso-fareast-language: EN-US; mso-bidi-language: AR-SA;\">20 ta 100 so`mlik,30 ta 200 so`mlik<span style=\"mso-spacerun: yes;\">&nbsp;&nbsp;&nbsp;&nbsp;&nbsp;&nbsp;&nbsp; </span></span></p>',NULL,1,1,1718984111,1718984111,1,1,0),(763,192,5,'<p><span lang=\"EN-US\" style=\"font-size: 12.0pt; line-height: 115%; font-family: \'Times New Roman\',serif; mso-fareast-font-family: Calibri; mso-fareast-theme-font: minor-latin; mso-ansi-language: EN-US; mso-fareast-language: EN-US; mso-bidi-language: AR-SA;\">30 ta 100 so`mlik ,20 ta 200 so`mlik</span></p>',NULL,0,1,1718984116,1718984116,1,1,0),(764,192,5,'<p><span lang=\"EN-US\" style=\"font-size: 12.0pt; line-height: 115%; font-family: \'Times New Roman\',serif; mso-fareast-font-family: Calibri; mso-fareast-theme-font: minor-latin; mso-ansi-language: EN-US; mso-fareast-language: EN-US; mso-bidi-language: AR-SA;\">10ta100 so`mlik,<span style=\"mso-spacerun: yes;\">&nbsp; </span>40 ta 200 so`mlik<span style=\"mso-spacerun: yes;\">&nbsp;&nbsp;&nbsp;&nbsp;&nbsp;&nbsp;&nbsp; </span></span></p>',NULL,0,1,1718984122,1718984122,1,1,0),(765,192,5,'<p class=\"MsoNormal\" style=\"line-height: normal; tab-stops: 35.4pt 70.8pt 106.2pt 141.6pt 209.0pt;\"><span lang=\"EN-US\" style=\"font-size: 12.0pt; font-family: \'Times New Roman\',serif; mso-ansi-language: EN-US;\">40 ta 100 so`mlik va 10 ta 200 so`mlik<o:p></o:p></span></p>',NULL,0,1,1718984127,1718984127,1,1,0),(766,193,14,'<p class=\"MsoNormal\">1000 фокидян</p>',NULL,0,1,1718984135,1718984135,1,1,0),(767,193,14,'<p class=\"MsoNormal\">300 спартанцев</p>',NULL,1,1,1718984140,1718984140,1,1,0),(768,194,5,'<p><span lang=\"EN-US\" style=\"font-size: 12.0pt; line-height: 115%; font-family: \'Times New Roman\',serif; mso-fareast-font-family: Calibri; mso-fareast-theme-font: minor-latin; mso-ansi-language: EN-US; mso-fareast-language: EN-US; mso-bidi-language: AR-SA;\">96 sm<sup>2</sup><span style=\"mso-spacerun: yes;\">&nbsp;&nbsp;&nbsp;&nbsp;&nbsp;&nbsp;&nbsp;&nbsp;&nbsp; </span></span></p>',NULL,1,1,1718984143,1718984143,1,1,0),(769,193,14,'<p class=\"MsoNormal\">10 морских эскадр</p>',NULL,0,1,1718984146,1718984146,1,1,0),(770,194,5,'<p><span lang=\"EN-US\" style=\"font-size: 12.0pt; line-height: 115%; font-family: \'Times New Roman\',serif; mso-fareast-font-family: Calibri; mso-fareast-theme-font: minor-latin; mso-ansi-language: EN-US; mso-fareast-language: EN-US; mso-bidi-language: AR-SA;\">24sm<sup>2</sup></span></p>',NULL,0,1,1718984149,1718984149,1,1,0),(771,193,14,'<p class=\"MsoNormal\"><span style=\"font-family: Times New Roman;\">Отряды илотов и гоплитов</span></p>',NULL,0,1,1718984152,1718984152,1,1,0),(772,194,5,'<p><span lang=\"EN-US\" style=\"font-size: 12.0pt; line-height: 115%; font-family: \'Times New Roman\',serif; mso-fareast-font-family: Calibri; mso-fareast-theme-font: minor-latin; mso-ansi-language: EN-US; mso-fareast-language: EN-US; mso-bidi-language: AR-SA;\">48sm<sup>2</sup></span></p>',NULL,0,1,1718984154,1718984154,1,1,0),(773,194,5,'<p class=\"MsoNormal\" style=\"line-height: normal; tab-stops: 35.4pt 70.8pt 106.2pt 162.5pt 259.0pt;\"><span lang=\"EN-US\" style=\"font-size: 12.0pt; font-family: \'Times New Roman\',serif; mso-ansi-language: EN-US;\">56sm<sup>2</sup><o:p></o:p></span></p>',NULL,0,1,1718984159,1718984159,1,1,0),(774,195,14,'<p class=\"MsoNormal\"><span style=\"font-family: Times New Roman;\">Спарта</span></p>',NULL,0,1,1718984192,1718984192,1,1,0),(775,195,14,'<p class=\"MsoNormal\"><span style=\"font-family: Times New Roman;\">Афины</span></p>',NULL,1,1,1718984198,1718984198,1,1,0),(776,195,14,'<p class=\"MsoNormal\"><span style=\"font-family: Times New Roman;\">Милет</span></p>',NULL,0,1,1718984206,1718984206,1,1,0),(777,195,14,'<p class=\"MsoNormal\"><span style=\"font-family: Times New Roman;\">Коринф</span></p>',NULL,0,1,1718984210,1718984210,1,1,0),(778,196,14,'<p class=\"MsoNormal\"><span style=\"font-family: Times New Roman;\">Обсуждение ассигнований на военные нужды</span></p>',NULL,0,1,1718984233,1718984233,1,1,0),(779,196,14,'<p class=\"MsoNormal\"><span style=\"font-family: Times New Roman;\">Издание законов и псефисмов</span></p>',NULL,1,1,1718984237,1718984250,1,1,0),(780,196,14,'<p class=\"MsoNormal\"><span style=\"font-family: Times New Roman;\">Заслушивание отчетов должностных лиц</span></p>',NULL,0,1,1718984244,1718984244,1,1,0),(781,196,14,'<p class=\"MsoNormal\"><span style=\"font-family: Times New Roman;\">Заключение договоров с иностранными государствами</span></p>',NULL,0,1,1718984256,1718984256,1,1,0),(782,197,14,'<p class=\"MsoNormal\"><span style=\"font-family: Times New Roman;\">Тайное голосование </span></p>',NULL,0,1,1718984281,1718984281,1,1,0),(783,197,14,'<p class=\"MsoNormal\"><span style=\"font-family: Times New Roman;\">Открытое голосование путем поднятия рук</span></p>',NULL,1,1,1718984288,1718984288,1,1,0),(784,197,14,'<p class=\"MsoNormal\"><span style=\"font-family: Times New Roman;\">Выборы депутатов по жребию</span></p>',NULL,0,1,1718984294,1718984294,1,1,0),(785,197,14,'<p class=\"MsoNormal\"><span style=\"font-family: Times New Roman;\">Изгнание из страны</span></p>',NULL,0,1,1718984300,1718984300,1,1,0),(786,198,14,'<p class=\"MsoNormal\"><span style=\"font-family: Times New Roman;\">Открытое голосование путем поднятия рук</span></p>',NULL,0,1,1718984320,1718984320,1,1,0),(787,198,14,'<p class=\"MsoNormal\"><span style=\"font-family: Times New Roman;\">Изгнание из страны</span></p>',NULL,1,1,1718984328,1718984328,1,1,0),(788,198,14,'<p class=\"MsoNormal\"><span style=\"font-family: Times New Roman;\">Тайное голосование </span></p>',NULL,0,1,1718984334,1718984334,1,1,0),(789,198,14,'<p class=\"MsoNormal\"><span style=\"font-family: Times New Roman;\">Выборы депутатов по жребию</span></p>',NULL,0,1,1718984339,1718984339,1,1,0),(790,199,14,'<p class=\"MsoNormal\"><span style=\"font-family: Times New Roman;\">адвокаты</span></p>',NULL,0,1,1718984368,1718984368,1,1,0),(791,199,14,'<p class=\"MsoNormal\"><span style=\"font-family: Times New Roman;\">Выбиравшиеся на год афинские военноначальники</span></p>',NULL,1,1,1718984369,1718984382,1,1,0),(792,199,14,'<p class=\"MsoNormal\"><span style=\"font-family: Times New Roman;\">Члены суда присяжных</span></p>',NULL,0,1,1718984390,1718984390,1,1,0),(793,199,14,'<p class=\"MsoNormal\"><span style=\"font-family: Times New Roman;\">полководцы</span></p>',NULL,0,1,1718984395,1718984395,1,1,0),(794,200,14,'<p class=\"MsoNormal\"><span style=\"font-family: Times New Roman;\">Солона</span></p>',NULL,0,1,1718984426,1718984426,1,1,0),(795,200,14,'<p class=\"MsoNormal\"><span style=\"font-family: Times New Roman;\">Перикла</span></p>',NULL,1,1,1718984430,1718984436,1,1,0),(796,200,14,'<p class=\"MsoNormal\"><span style=\"font-family: Times New Roman;\">Фукидида</span></p>',NULL,0,1,1718984441,1718984441,1,1,0),(797,200,14,'<p class=\"MsoNormal\"><span style=\"font-family: Times New Roman;\">Гомера</span></p>',NULL,0,1,1718984447,1718984447,1,1,0),(798,201,14,'<p class=\"MsoNormal\"><span style=\"font-family: Times New Roman;\">Захват Грецией территорий в Малой Азии</span></p>',NULL,0,1,1718984594,1718984594,1,1,0),(799,201,14,'<p class=\"MsoNormal\"><span style=\"font-family: Times New Roman;\">Соперничество и антагонизм Спарты и Афин</span></p>',NULL,1,1,1718984602,1718984602,1,1,0),(800,201,14,'<p class=\"MsoNormal\"><span style=\"font-family: Times New Roman;\">Желание Персии установить свое господство над всей Грецией</span></p>',NULL,0,1,1718984607,1718984607,1,1,0),(801,201,14,'<p class=\"MsoNormal\"><span style=\"font-family: Times New Roman;\">Торговые интересы</span></p>',NULL,0,1,1718984612,1718984612,1,1,0),(802,202,14,'<p class=\"MsoNormal\"><span style=\"font-family: Times New Roman;\">Линейное письмо А</span></p>',NULL,0,1,1718984631,1718984631,1,1,0),(803,202,14,'<p class=\"MsoNormal\"><span style=\"font-family: Times New Roman;\">Роспись на сырой штукатурке</span></p>',NULL,1,1,1718984638,1718984638,1,1,0),(804,202,14,'<p class=\"MsoNormal\"><span style=\"font-family: Times New Roman;\">Линейное письмо В</span></p>',NULL,0,1,1718984644,1718984644,1,1,0),(805,202,14,'<p class=\"MsoNormal\"><span style=\"font-family: Times New Roman;\">Икона</span></p>',NULL,0,1,1718984648,1718984648,1,1,0),(806,203,14,'<p class=\"MsoNormal\">457-446 гг. до н.э.</p>',NULL,0,1,1718984678,1718984678,1,1,0),(807,203,14,'<p class=\"MsoNormal\">431-404 гг. до н.э.</p>',NULL,0,1,1718984682,1718984682,1,1,0),(808,203,14,'<p class=\"MsoNormal\">431-421 гг. до н.э.</p>',NULL,1,1,1718984689,1718984689,1,1,0),(809,203,14,'<p class=\"MsoNormal\">427 г. до н.э.</p>',NULL,0,1,1718984695,1718984695,1,1,0),(810,204,14,'<p class=\"MsoNormal\"><span style=\"font-family: Times New Roman;\">Полное и окончательное поражение Спарты в их борьбе с Афинами</span></p>',NULL,0,1,1718984790,1718984790,1,1,0),(811,204,14,'<p class=\"MsoNormal\"><span style=\"font-family: Times New Roman;\">Установление довоенного статус-кво</span></p>',NULL,0,1,1718984799,1718984799,1,1,0),(812,204,14,'<p class=\"MsoNormal\"><span style=\"font-family: Times New Roman;\">Полное и окончательное поражение Афин в их борьбе со Спартой</span></p>',NULL,1,1,1718984804,1718984804,1,1,0),(813,204,14,'<p class=\"MsoNormal\"><span style=\"font-family: Times New Roman;\">Персия установила свой контроль над Пелопоннессом</span></p>',NULL,0,1,1718984817,1718984817,1,1,0),(814,205,14,'<p class=\"MsoNormal\">I&nbsp;<span style=\"font-family: Times New Roman;\">в. до н.э.</span></p>',NULL,0,1,1718984843,1718984843,1,1,0),(815,205,14,'<p class=\"MsoNormal\">II&nbsp;<span style=\"font-family: Times New Roman;\">в. н.э.</span></p>',NULL,0,1,1718984848,1718984848,1,1,0),(816,205,14,'<p class=\"MsoNormal\"><span style=\"font-family: Times New Roman;\">В </span>I&nbsp;<span style=\"font-family: Times New Roman;\">в. н.э.</span></p>',NULL,1,1,1718984853,1718984853,1,1,0),(817,205,14,'<p class=\"MsoNormal\">II&nbsp;<span style=\"font-family: Times New Roman;\">в. до н.э.</span></p>',NULL,0,1,1718984858,1718984858,1,1,0),(818,206,14,'<p class=\"MsoNormal\"><span style=\"font-family: Times New Roman;\">В </span>XI&nbsp;<span style=\"font-family: Times New Roman;\">в. до н.э.</span></p>',NULL,0,1,1718984879,1718984879,1,1,0),(819,206,14,'<p class=\"MsoNormal\">I&nbsp;<span style=\"font-family: Times New Roman;\">в. н.э.</span></p>',NULL,0,1,1718984883,1718984883,1,1,0),(820,206,14,'<p class=\"MsoNormal\"><span style=\"font-family: Times New Roman;\">В </span>VIII&nbsp;<span style=\"font-family: Times New Roman;\">в. до н.э.</span></p>',NULL,1,1,1718984891,1718984891,1,1,0),(821,206,14,'<p class=\"MsoNormal\">III&nbsp;<span style=\"font-family: Times New Roman;\">в. до н.э.</span></p>',NULL,0,1,1718984896,1718984896,1,1,0),(822,207,14,'<p class=\"MsoNormal\"><span style=\"font-family: Times New Roman;\">Раб</span></p>',NULL,0,1,1718985357,1718985357,1,1,0),(823,207,14,'<p class=\"MsoNormal\"><span style=\"font-family: Times New Roman;\">Воин</span></p>',NULL,0,1,1718985362,1718985362,1,1,0),(824,207,14,'<p class=\"MsoNormal\"><span style=\"font-family: Times New Roman;\">царь</span></p>',NULL,1,1,1718985370,1718985370,1,1,0),(825,207,14,'<p class=\"MsoNormal\"><span style=\"font-family: Times New Roman;\">Казначей</span></p>',NULL,0,1,1718985375,1718985375,1,1,0),(826,208,14,'<p class=\"MsoNormal\"><span style=\"font-family: Times New Roman;\">Деревня</span></p>',NULL,0,1,1718985498,1718985498,1,1,0),(827,208,14,'<p class=\"MsoNormal\"><span style=\"font-family: Times New Roman;\">Город</span></p>',NULL,0,1,1718985503,1718985503,1,1,0),(828,208,14,'<p class=\"MsoNormal\"><span style=\"font-family: Times New Roman;\">Город-государство</span></p>',NULL,1,1,1718985510,1718985510,1,1,0),(829,208,14,'<p class=\"MsoNormal\"><span style=\"font-family: Times New Roman;\">Монархия</span></p>',NULL,0,1,1718985516,1718985516,1,1,0),(830,209,14,'<p class=\"MsoNormal\"><span style=\"font-family: Times New Roman;\">Торговцы и ремесленники</span></p>',NULL,0,1,1718985554,1718985554,1,1,0),(831,209,14,'<p class=\"MsoNormal\"><span style=\"font-family: Times New Roman;\">Филы и фратрии</span></p>',NULL,0,1,1718985560,1718985560,1,1,0),(832,209,14,'<p class=\"MsoNormal\"><span style=\"font-family: Times New Roman;\">Крестьяне-земледельцы и скотоводы</span></p>',NULL,1,1,1718985569,1718985569,1,1,0),(833,209,14,'<p class=\"MsoNormal\"><span style=\"font-family: Times New Roman;\">Вольные переселенцы и феты</span></p>',NULL,0,1,1718985575,1718985575,1,1,0),(834,210,14,'<p class=\"MsoNormal\"><span style=\"font-family: Times New Roman;\">Союзы греческих колонистов</span></p>',NULL,0,1,1718985601,1718985601,1,1,0),(835,210,14,'<p class=\"MsoNormal\"><span style=\"font-family: Times New Roman;\">Ванаки и басилеи</span></p>',NULL,0,1,1718985606,1718985606,1,1,0),(836,210,14,'<p class=\"MsoNormal\"><span style=\"font-family: Times New Roman;\">Объединения родов</span></p>',NULL,1,1,1718985614,1718985614,1,1,0),(837,210,14,'<p class=\"MsoNormal\"><span style=\"font-family: Times New Roman;\">Выборные сенаторы</span></p>',NULL,0,1,1718985624,1718985624,1,1,0),(838,211,14,'<p>​30 май 1932 г.</p>',NULL,0,1,1718985729,1718985729,1,1,0),(839,211,14,'<p>​27 января 1932 г.</p>',NULL,0,1,1718985734,1718985734,1,1,0),(840,211,14,'<p>​30 января 1933 г.</p>',NULL,1,1,1718985741,1718985741,1,1,0),(841,211,14,'<p>​2 августа 1934 г.</p>',NULL,0,1,1718985746,1718985746,1,1,0),(842,212,14,'<p>​Охраны внутреннего рынка</p>',NULL,0,1,1718985766,1718989146,1,1,1),(843,212,14,'<p>​Охраны внутреннего рынка</p>',NULL,0,1,1718985773,1718989334,1,1,1),(844,212,14,'<p>​Разделение культуры</p>',NULL,0,1,1718985778,1718985778,1,1,0),(845,212,14,'<p>​Раздельное проживание людей по расе</p>',NULL,1,1,1718985785,1718986033,1,1,0),(846,212,14,'<p>​Проведение жесткой политики</p>',NULL,0,1,1718985791,1718985791,1,1,0),(847,213,14,'<p>Независимый от Англии</p>',NULL,0,1,1718986069,1718986069,1,1,0),(848,213,14,'<p>​олигархический</p>',NULL,0,1,1718986074,1718986074,1,1,0),(849,213,14,'<p>​республиканской</p>',NULL,0,1,1718986079,1718986079,1,1,0),(850,213,14,'<p>​доминионства</p>',NULL,1,1,1718986084,1718986084,1,1,0),(851,214,14,'<p>​1934 г.</p>',NULL,0,1,1718986111,1718986111,1,1,0),(852,214,14,'<p>​1936 г.</p>',NULL,0,1,1718986114,1718986114,1,1,0),(853,214,14,'<p>​1940 г.</p>',NULL,0,1,1718986119,1718986119,1,1,0),(854,214,14,'<p>​1938 г.</p>',NULL,1,1,1718986124,1718986129,1,1,0),(855,215,14,'<p>И.Иненю</p>',NULL,0,1,1718986152,1718986152,1,1,0),(856,215,14,'<p>​А.Мендерес</p>',NULL,0,1,1718986157,1718986157,1,1,0),(857,215,14,'<p>​О.Тургут</p>',NULL,0,1,1718986163,1718986163,1,1,0),(858,215,14,'<p>​Мустафа Кемаль</p>',NULL,1,1,1718986170,1718986170,1,1,0),(859,216,14,'<p>​Поддержка социализма</p>',NULL,0,1,1718986765,1718986765,1,1,0),(860,216,14,'<p>​Захват колоний в Латинской Америке</p>',NULL,0,1,1718986774,1718986774,1,1,0),(861,216,14,'<p>​Развитие торговли между России и Германии</p>',NULL,0,1,1718986860,1718986860,1,1,0),(862,216,14,'<p>​Сокращение репарационных выплат Германии</p>',NULL,1,1,1718986868,1718986868,1,1,0),(863,217,14,'<p>​Македония</p>',NULL,0,1,1718986928,1718986928,1,1,0),(864,217,14,'<p>​Руминия</p>',NULL,0,1,1718986932,1718986932,1,1,0),(865,217,14,'<p>​Польша</p>',NULL,0,1,1718986937,1718986937,1,1,0),(866,217,14,'<p>​Чехословакия</p>',NULL,1,1,1718986943,1718986943,1,1,0),(867,218,9,'<p class=\"MsoNormal\"><span style=\"font-family: Times New Roman;\">животных</span></p>',NULL,0,1,1718987132,1718987132,1,1,0),(868,218,9,'<p class=\"MsoNormal\"><span style=\"font-family: Times New Roman;\">растениях</span></p>',NULL,1,1,1718987140,1718987147,1,1,0),(869,218,9,'<p class=\"MsoNormal\"><span style=\"font-family: Times New Roman;\">микроорганизмах</span></p>',NULL,0,1,1718987164,1718987164,1,1,0),(870,218,9,'<p class=\"MsoNormal\"><span style=\"font-family: Times New Roman;\">человеке</span></p>',NULL,0,1,1718987172,1718987172,1,1,0),(871,221,13,'<p>is</p>',NULL,1,1,1719029433,1719029433,1,1,0),(872,221,13,'<p>are</p>',NULL,0,1,1719029433,1719029433,1,1,0),(873,221,13,'<p>am</p>',NULL,0,1,1719029433,1719029433,1,1,0),(874,221,13,'<p>be</p>',NULL,0,1,1719029433,1719029433,1,1,0),(875,222,13,'<p class=\"MsoNormal\">Your / surname</p>',NULL,0,1,1719029433,1719029433,1,1,0),(876,222,13,'<p class=\"MsoNormal\">My / surname</p>',NULL,1,1,1719029433,1719029433,1,1,0),(877,222,13,'<p class=\"MsoNormal\">I / surname</p>',NULL,0,1,1719029433,1719029433,1,1,0),(878,222,13,'<p class=\"MsoNormal\">I / name</p>',NULL,0,1,1719029433,1719029433,1,1,0),(879,223,13,'<p class=\"MsoNormal\">My am</p>',NULL,0,1,1719029433,1719029433,1,1,0),(880,223,13,'<p class=\"MsoNormal\">I is</p>',NULL,0,1,1719029433,1719029433,1,1,0),(881,223,13,'<p class=\"MsoNormal\">I am</p>',NULL,1,1,1719029433,1719029433,1,1,0),(882,223,13,'<p class=\"MsoNormal\">I&nbsp;</p>',NULL,0,1,1719029433,1719029433,1,1,0),(883,224,13,'<p class=\"MsoNormal\">His / She</p>',NULL,0,1,1719029433,1719029433,1,1,0),(884,224,13,'<p class=\"MsoNormal\">His / He&rsquo;s</p>',NULL,0,1,1719029433,1719029433,1,1,0),(885,224,13,'<p class=\"MsoNormal\">Her / She&rsquo;s</p>',NULL,1,1,1719029433,1719029433,1,1,0),(886,224,13,'<p class=\"MsoNormal\">His / His</p>',NULL,0,1,1719029433,1719029433,1,1,0),(887,225,13,'<p class=\"MsoNormal\">&nbsp;is / He&rsquo;s</p>',NULL,1,1,1719029433,1719029433,1,1,0),(888,225,13,'<p class=\"MsoNormal\">is / His</p>',NULL,0,1,1719029433,1719029433,1,1,0),(889,225,13,'<p class=\"MsoNormal\">am / He&rsquo;s</p>',NULL,0,1,1719029433,1719029433,1,1,0),(890,225,13,'<p class=\"MsoNormal\">is / She&rsquo;s</p>',NULL,0,1,1719029433,1719029433,1,1,0),(891,226,13,'<p class=\"MsoNormal\">What</p>',NULL,0,1,1719029433,1719029433,1,1,0),(892,226,13,'<p class=\"MsoNormal\">Who</p>',NULL,0,1,1719029433,1719029433,1,1,0),(893,226,13,'<p class=\"MsoNormal\">Where</p>',NULL,1,1,1719029433,1719029433,1,1,0),(894,226,13,'<p class=\"MsoNormal\">When</p>',NULL,0,1,1719029433,1719029433,1,1,0),(895,227,13,'<p class=\"MsoNormal\">is / from</p>',NULL,0,1,1719029433,1719029433,1,1,0),(896,227,13,'<p class=\"MsoNormal\">are / in</p>',NULL,0,1,1719029433,1719029433,1,1,0),(897,227,13,'<p class=\"MsoNormal\">are / is</p>',NULL,0,1,1719029433,1719029433,1,1,0),(898,227,13,'<p class=\"MsoNormal\">are / from</p>',NULL,1,1,1719029433,1719029433,1,1,0),(899,228,13,'<p class=\"MsoNormal\">I&rsquo;m</p>',NULL,1,1,1719029433,1719029433,1,1,0),(900,228,13,'<p class=\"MsoNormal\">He&rsquo;s</p>',NULL,0,1,1719029434,1719029434,1,1,0),(901,228,13,'<p class=\"MsoNormal\">You&rsquo;re</p>',NULL,0,1,1719029434,1719029434,1,1,0),(902,228,13,'<p class=\"MsoNormal\">She&rsquo;s</p>',NULL,0,1,1719029434,1719029434,1,1,0),(903,229,13,'<p class=\"MsoNormal\">He&rsquo;s / France</p>',NULL,1,1,1719029434,1719029434,1,1,0),(904,229,13,'<p class=\"MsoNormal\">His&rsquo;s / French</p>',NULL,0,1,1719029434,1719029434,1,1,0),(905,229,13,'<p class=\"MsoNormal\">His / France</p>',NULL,0,1,1719029434,1719029434,1,1,0),(906,229,13,'<p class=\"MsoNormal\">He / France</p>',NULL,0,1,1719029434,1719029434,1,1,0),(907,230,13,'<p class=\"MsoNormal\">There</p>',NULL,0,1,1719029434,1719029434,1,1,0),(908,230,13,'<p class=\"MsoNormal\">Their</p>',NULL,0,1,1719029434,1719029434,1,1,0),(909,230,13,'<p class=\"MsoNormal\">They&rsquo;re</p>',NULL,1,1,1719029434,1719029434,1,1,0),(910,230,13,'<p class=\"MsoNormal\">Their&rsquo;re</p>',NULL,0,1,1719029434,1719029434,1,1,0),(911,231,13,'<p class=\"MsoNormal\">are/name</p>',NULL,0,1,1719029434,1719029434,1,1,0),(912,231,13,'<p class=\"MsoNormal\">is / name</p>',NULL,0,1,1719029434,1719029434,1,1,0),(913,231,13,'<p class=\"MsoNormal\">is / names</p>',NULL,0,1,1719029434,1719029434,1,1,0),(914,231,13,'<p class=\"MsoNormal\">are / names</p>',NULL,1,1,1719029434,1719029434,1,1,0),(915,232,13,'<p class=\"MsoNormal\">&nbsp;am / am</p>',NULL,0,1,1719029434,1719029434,1,1,0),(916,232,13,'<p class=\"MsoNormal\">are / am</p>',NULL,0,1,1719029434,1719029434,1,1,0),(917,232,13,'<p class=\"MsoNormal\">am / is</p>',NULL,1,1,1719029434,1719029434,1,1,0),(918,232,13,'<p class=\"MsoNormal\">are / are</p>',NULL,0,1,1719029434,1719029434,1,1,0),(919,233,13,'<p class=\"MsoNormal\">is / are</p>',NULL,1,1,1719029434,1719029434,1,1,0),(920,233,13,'<p class=\"MsoNormal\">are / is</p>',NULL,0,1,1719029434,1719029434,1,1,0),(921,233,13,'<p class=\"MsoNormal\">are / are</p>',NULL,0,1,1719029434,1719029434,1,1,0),(922,233,13,'<p class=\"MsoNormal\">am / are</p>',NULL,0,1,1719029434,1719029434,1,1,0),(923,234,13,'<p class=\"MsoNormal\">are / a</p>',NULL,0,1,1719029434,1719029434,1,1,0),(924,234,13,'<p class=\"MsoNormal\">is / a</p>',NULL,0,1,1719029434,1719029434,1,1,0),(925,234,13,'<p class=\"MsoNormal\">is / an</p>',NULL,1,1,1719029434,1719029434,1,1,0),(926,234,13,'<p class=\"MsoNormal\">its / an</p>',NULL,0,1,1719029434,1719029434,1,1,0),(927,235,13,'<p class=\"MsoNormal\">&nbsp;an</p>',NULL,1,1,1719029434,1719029434,1,1,0),(928,235,13,'<p>the</p>',NULL,0,1,1719029434,1719029434,1,1,0),(929,235,13,'<p>a</p>',NULL,0,1,1719029434,1719029434,1,1,0),(930,235,13,'<p>*</p>',NULL,0,1,1719029434,1719029434,1,1,0),(931,236,13,'<p class=\"MsoNormal\">is a / car</p>',NULL,0,1,1719029434,1719029434,1,1,0),(932,236,13,'<p class=\"MsoNormal\">is / car</p>',NULL,0,1,1719029434,1719029434,1,1,0),(933,236,13,'<p class=\"MsoNormal\">are / cars</p>',NULL,1,1,1719029434,1719029434,1,1,0),(934,236,13,'<p class=\"MsoNormal\">&nbsp;is / cars</p>',NULL,0,1,1719029434,1719029434,1,1,0),(935,237,13,'<p class=\"MsoNormal\">his job</p>',NULL,0,1,1719029434,1719029434,1,1,0),(936,237,13,'<p class=\"MsoNormal\">she job</p>',NULL,0,1,1719029434,1719029434,1,1,0),(937,237,13,'<p class=\"MsoNormal\">he job</p>',NULL,0,1,1719029434,1719029434,1,1,0),(938,237,13,'<p class=\"MsoNormal\">her job</p>',NULL,1,1,1719029434,1719029434,1,1,0),(939,238,13,'<p class=\"MsoNormal\">oh / twelve / eighteen / twenty</p>',NULL,0,1,1719029434,1719029434,1,1,0),(940,238,13,'<p class=\"MsoNormal\">zero / two / one-one / eighteen / twenty</p>',NULL,0,1,1719029434,1719029434,1,1,0),(941,238,13,'<p class=\"MsoNormal\">&nbsp;zero / two / eleven / eighteen / twenty</p>',NULL,1,1,1719029434,1719029434,1,1,0),(942,238,13,'<p class=\"MsoNormal\">zero / two / eleven / eighty / twenty</p>',NULL,0,1,1719029434,1719029434,1,1,0),(943,239,13,'<p class=\"MsoNormal\">She</p>',NULL,0,1,1719029434,1719029434,1,1,0),(944,239,13,'<p class=\"MsoNormal\">He</p>',NULL,0,1,1719029434,1719029434,1,1,0),(945,239,13,'<p class=\"MsoNormal\">She&rsquo;s</p>',NULL,1,1,1719029434,1719029434,1,1,0),(946,239,13,'<p class=\"MsoNormal\">He&rsquo;s</p>',NULL,0,1,1719029434,1719029434,1,1,0),(947,240,13,'<p class=\"MsoNormal\">are / is</p>',NULL,0,1,1719029434,1719029434,1,1,0),(948,240,13,'<p class=\"MsoNormal\">is / is</p>',NULL,1,1,1719029434,1719029434,1,1,0),(949,240,13,'<p class=\"MsoNormal\">is / am</p>',NULL,0,1,1719029434,1719029434,1,1,0),(950,240,13,'<p class=\"MsoNormal\">are / are</p>',NULL,0,1,1719029434,1719029434,1,1,0),(951,241,13,'<p class=\"MsoNormal\">are / His</p>',NULL,0,1,1719029434,1719029434,1,1,0),(952,241,13,'<p class=\"MsoNormal\">is / My</p>',NULL,0,1,1719029434,1719029434,1,1,0),(953,241,13,'<p class=\"MsoNormal\">is / His</p>',NULL,1,1,1719029434,1719029434,1,1,0),(954,241,13,'<p class=\"MsoNormal\">his / His</p>',NULL,0,1,1719029434,1719029434,1,1,0),(955,242,13,'<p class=\"MsoNormal\">is / is</p>',NULL,0,1,1719029434,1719029434,1,1,0),(956,242,13,'<p class=\"MsoNormal\">are / is</p>',NULL,0,1,1719029434,1719029434,1,1,0),(957,242,13,'<p class=\"MsoNormal\">are / are</p>',NULL,1,1,1719029434,1719029434,1,1,0),(958,242,13,'<p class=\"MsoNormal\">&nbsp;is / is</p>',NULL,0,1,1719029434,1719029434,1,1,0),(959,243,13,'<p class=\"MsoNormal\">his</p>',NULL,0,1,1719029434,1719029434,1,1,0),(960,243,13,'<p class=\"MsoNormal\">her</p>',NULL,0,1,1719029434,1719029434,1,1,0),(961,243,13,'<p class=\"MsoNormal\">your</p>',NULL,1,1,1719029434,1719029434,1,1,0),(962,243,13,'<p class=\"MsoNormal\">my</p>',NULL,0,1,1719029434,1719029434,1,1,0),(963,244,13,'<p class=\"MsoNormal\">His</p>',NULL,0,1,1719029434,1719029434,1,1,0),(964,244,13,'<p class=\"MsoNormal\">My</p>',NULL,0,1,1719029434,1719029434,1,1,0),(965,244,13,'<p class=\"MsoNormal\">Her</p>',NULL,1,1,1719029434,1719029434,1,1,0),(966,244,13,'<p class=\"MsoNormal\">Its</p>',NULL,0,1,1719029434,1719029434,1,1,0),(967,245,13,'<p class=\"MsoNormal\">an / His</p>',NULL,0,1,1719029434,1719029434,1,1,0),(968,245,13,'<p class=\"MsoNormal\">a / Her</p>',NULL,0,1,1719029434,1719029434,1,1,0),(969,245,13,'<p class=\"MsoNormal\">a / His</p>',NULL,1,1,1719029434,1719029434,1,1,0),(970,245,13,'<p class=\"MsoNormal\">* / His</p>',NULL,0,1,1719029435,1719029435,1,1,0),(971,246,13,'<p>name is / from am</p>',NULL,0,1,1719029435,1719029435,1,1,0),(972,246,13,'<p class=\"MsoNormal\">is name / from am</p>',NULL,0,1,1719029435,1719029435,1,1,0),(973,246,13,'<p class=\"MsoNormal\">name is / am from</p>',NULL,1,1,1719029435,1719029435,1,1,0),(974,246,13,'<p class=\"MsoNormal\">name am / is from</p>',NULL,0,1,1719029435,1719029435,1,1,0),(975,247,13,'<p class=\"MsoNormal\">he</p>',NULL,0,1,1719029435,1719029435,1,1,0),(976,247,13,'<p class=\"MsoNormal\">you</p>',NULL,0,1,1719029435,1719029435,1,1,0),(977,247,13,'<p class=\"MsoNormal\">your</p>',NULL,1,1,1719029435,1719029435,1,1,0),(978,247,13,'<p class=\"MsoNormal\">yours</p>',NULL,0,1,1719029435,1719029435,1,1,0),(979,248,13,'<p class=\"MsoNormal\">are a</p>',NULL,0,1,1719029435,1719029435,1,1,0),(980,248,13,'<p class=\"MsoNormal\">is</p>',NULL,0,1,1719029435,1719029435,1,1,0),(981,248,13,'<p class=\"MsoNormal\">are</p>',NULL,1,1,1719029435,1719029435,1,1,0),(982,248,13,'<p class=\"MsoNormal\">am</p>',NULL,0,1,1719029435,1719029435,1,1,0),(983,249,13,'<p class=\"MsoNormal\">is / an</p>',NULL,0,1,1719029435,1719029435,1,1,0),(984,249,13,'<p class=\"MsoNormal\">&nbsp;am / *</p>',NULL,0,1,1719029435,1719029435,1,1,0),(985,249,13,'<p class=\"MsoNormal\">&nbsp;am / a</p>',NULL,1,1,1719029435,1719029435,1,1,0),(986,249,13,'<p class=\"MsoNormal\">am / the</p>',NULL,0,1,1719029435,1719029435,1,1,0),(987,250,13,'<p class=\"MsoNormal\">are from</p>',NULL,0,1,1719029435,1719029435,1,1,0),(988,250,13,'<p class=\"MsoNormal\">is at</p>',NULL,0,1,1719029435,1719029435,1,1,0),(989,250,13,'<p class=\"MsoNormal\">&nbsp;is from</p>',NULL,1,1,1719029435,1719029435,1,1,0),(990,250,13,'<p class=\"MsoNormal\">am from</p>',NULL,0,1,1719029435,1719029435,1,1,0),(991,251,13,'<p class=\"MsoNormal\">What / it isn&rsquo;t</p>',NULL,0,1,1719029435,1719029435,1,1,0),(992,251,13,'<p class=\"MsoNormal\">Is / she isn&rsquo;t</p>',NULL,0,1,1719029435,1719029435,1,1,0),(993,251,13,'<p class=\"MsoNormal\">&nbsp;Is / it is not</p>',NULL,0,1,1719029435,1719029435,1,1,0),(994,251,13,'<p class=\"MsoNormal\">Is / it isn&rsquo;t</p>',NULL,1,1,1719029435,1719029435,1,1,0),(995,252,13,'<p class=\"MsoNormal\">Yes, you are.</p>',NULL,0,1,1719029435,1719029435,1,1,0),(996,252,13,'<p class=\"MsoNormal\">Yes, it is.</p>',NULL,1,1,1719029435,1719029435,1,1,0),(997,252,13,'<p class=\"MsoNormal\">Yes, I am.</p>',NULL,0,1,1719029435,1719029435,1,1,0),(998,252,13,'<p class=\"MsoNormal\">Yes, my is.</p>',NULL,0,1,1719029435,1719029435,1,1,0),(999,253,13,'<p class=\"MsoNormal\">hers isn&rsquo;t</p>',NULL,0,1,1719029435,1719029435,1,1,0),(1000,253,13,'<p class=\"MsoNormal\">she isn&rsquo;t</p>',NULL,1,1,1719029435,1719029435,1,1,0),(1001,253,13,'<p class=\"MsoNormal\">she is not</p>',NULL,0,1,1719029435,1719029435,1,1,0),(1002,253,13,'<p class=\"MsoNormal\">she her isn&rsquo;t</p>',NULL,0,1,1719029435,1719029435,1,1,0),(1003,254,13,'<p class=\"MsoNormal\">Are / they are</p>',NULL,1,1,1719029435,1719029435,1,1,0),(1004,254,13,'<p class=\"MsoNormal\">Aren&rsquo;t / there are</p>',NULL,0,1,1719029435,1719029435,1,1,0),(1005,254,13,'<p class=\"MsoNormal\">Am / their</p>',NULL,0,1,1719029435,1719029435,1,1,0),(1006,254,13,'<p class=\"MsoNormal\">&nbsp;Is / they&rsquo;re</p>',NULL,0,1,1719029435,1719029435,1,1,0),(1007,255,13,'<p class=\"MsoNormal\">it&rsquo;s</p>',NULL,0,1,1719029435,1719029435,1,1,0),(1008,255,13,'<p class=\"MsoNormal\">dog is</p>',NULL,0,1,1719029435,1719029435,1,1,0),(1009,255,13,'<p class=\"MsoNormal\">&nbsp;it is</p>',NULL,1,1,1719029435,1719029435,1,1,0),(1010,255,13,'<p class=\"MsoNormal\">its</p>',NULL,0,1,1719029435,1719029435,1,1,0),(1011,256,13,'<p class=\"MsoNormal\">brother isn&rsquo;t</p>',NULL,0,1,1719029435,1719029435,1,1,0),(1012,256,13,'<p class=\"MsoNormal\">he isn&rsquo;t</p>',NULL,1,1,1719029435,1719029435,1,1,0),(1013,256,13,'<p class=\"MsoNormal\">he is not</p>',NULL,0,1,1719029435,1719029435,1,1,0),(1014,256,13,'<p class=\"MsoNormal\">she isn&rsquo;t</p>',NULL,0,1,1719029435,1719029435,1,1,0),(1015,257,13,'<p class=\"MsoNormal\">I&rsquo;m not</p>',NULL,1,1,1719029435,1719029435,1,1,0),(1016,257,13,'<p class=\"MsoNormal\">I amn&rsquo;t</p>',NULL,0,1,1719029435,1719029435,1,1,0),(1017,257,13,'<p class=\"MsoNormal\">I are not</p>',NULL,0,1,1719029435,1719029435,1,1,0),(1018,257,13,'<p class=\"MsoNormal\">&nbsp;I not</p>',NULL,0,1,1719029435,1719029435,1,1,0),(1019,258,13,'<p class=\"MsoNormal\">&nbsp;Is / isn&rsquo;t</p>',NULL,0,1,1719029435,1719029435,1,1,0),(1020,258,13,'<p class=\"MsoNormal\">Are / is</p>',NULL,0,1,1719029435,1719029435,1,1,0),(1021,258,13,'<p class=\"MsoNormal\">Is / is</p>',NULL,1,1,1719029435,1719029435,1,1,0),(1022,258,13,'<p class=\"MsoNormal\">Are / is</p>',NULL,0,1,1719029435,1719029435,1,1,0),(1023,259,13,'<p class=\"MsoNormal\">What / isn&rsquo;t</p>',NULL,0,1,1719029435,1719029435,1,1,0),(1024,259,13,'<p class=\"MsoNormal\">Is / is</p>',NULL,0,1,1719029435,1719029435,1,1,0),(1025,259,13,'<p class=\"MsoNormal\">Is / isn&rsquo;t</p>',NULL,1,1,1719029435,1719029435,1,1,0),(1026,259,13,'<p class=\"MsoNormal\">Are / isn&rsquo;t</p>',NULL,0,1,1719029435,1719029435,1,1,0),(1027,260,13,'<p class=\"MsoNormal\">am</p>',NULL,1,1,1719029435,1719029435,1,1,0),(1028,260,13,'<p class=\"MsoNormal\">have</p>',NULL,0,1,1719029435,1719029435,1,1,0),(1029,260,13,'<p class=\"MsoNormal\">is</p>',NULL,0,1,1719029435,1719029435,1,1,0),(1030,260,13,'<p class=\"MsoNormal\"><span style=\"font-family: Times New Roman;\">&lsquo;m not</span></p>',NULL,0,1,1719029435,1719029435,1,1,0),(1031,212,14,'<p>Проведение жесткой политики</p>',NULL,0,1,1719062199,1719062199,1,1,0),(1032,261,12,'<p><math xmlns=\"http://www.w3.org/1998/Math/MathML\"><msqrt><mn>25</mn></msqrt></math></p>',NULL,0,1,1719062346,1719062346,1,1,0),(1033,261,12,'<p class=\"MsoNormal\">&nbsp;0,5</p>',NULL,0,1,1719062352,1719062352,1,1,0),(1034,261,12,'<p><math xmlns=\"http://www.w3.org/1998/Math/MathML\"><msqrt><mn>5</mn></msqrt></math></p>',NULL,1,1,1719062368,1719062368,1,1,0),(1035,261,12,'<p>0</p>',NULL,0,1,1719062376,1719062376,1,1,0),(1036,262,12,'<p>3</p>',NULL,0,1,1719062465,1719062465,1,1,0),(1037,262,12,'<p>0</p>',NULL,0,1,1719062471,1719062471,1,1,0),(1038,262,12,'<p><math xmlns=\"http://www.w3.org/1998/Math/MathML\"><mo>(</mo><mo>-</mo><mo>&#8734;</mo><mo>;</mo><mn>3</mn><mo>)</mo><mo>&#8746;</mo><mo>(</mo><mn>3</mn><mo>;</mo><mo>+</mo><mo>&#8734;</mo><mo>)</mo></math></p>',NULL,1,1,1719062535,1719062535,1,1,0),(1039,262,12,'<p>R</p>',NULL,0,1,1719062546,1719062546,1,1,0),(1040,263,12,'<p>-1</p>',NULL,0,1,1719062630,1719062630,1,1,0),(1041,263,12,'<p class=\"MsoNormal\"><span style=\"font-family: Times New Roman;\">Корней нет</span></p>',NULL,0,1,1719062639,1719062639,1,1,0),(1042,263,12,'<p>0</p>',NULL,1,1,1719062648,1719062648,1,1,0),(1043,263,12,'<p>2</p>',NULL,0,1,1719062686,1719062686,1,1,0),(1044,264,12,'<p>-3</p>',NULL,0,1,1719063251,1719063251,1,1,0),(1045,264,12,'<p><math xmlns=\"http://www.w3.org/1998/Math/MathML\"><mroot><mn>3</mn><mn>3</mn></mroot></math></p>',NULL,1,1,1719063273,1719063391,1,1,0),(1046,264,12,'<p>3</p>',NULL,0,1,1719063292,1719063292,1,1,0),(1047,264,12,'<p>1</p>',NULL,0,1,1719063297,1719063297,1,1,0),(1048,265,12,'<p>(0;5)</p>',NULL,0,1,1719063538,1719063538,1,1,0),(1049,265,12,'<p><math xmlns=\"http://www.w3.org/1998/Math/MathML\"><mo>(</mo><mo>-</mo><mo>&#8734;</mo><mo>;</mo><mn>0</mn><mo>]</mo><mo>&#8746;</mo><mo>[</mo><mn>5</mn><mo>;</mo><mo>+</mo><mo>&#8734;</mo><mo>)</mo></math></p>',NULL,1,1,1719063627,1719063627,1,1,0);
/*!40000 ALTER TABLE `options` ENABLE KEYS */;
UNLOCK TABLES;

--
-- Table structure for table `permission`
--

DROP TABLE IF EXISTS `permission`;
/*!40101 SET @saved_cs_client     = @@character_set_client */;
/*!40101 SET character_set_client = utf8 */;
CREATE TABLE `permission` (
  `id` int(11) NOT NULL AUTO_INCREMENT,
  `role_name` varchar(255) NOT NULL,
  `action_id` int(11) NOT NULL,
  `status` int(11) DEFAULT 1,
  PRIMARY KEY (`id`),
  KEY `ik_permission_table_auth_item_table` (`role_name`),
  KEY `ik_permission_table_actions_table` (`action_id`),
  CONSTRAINT `ik_permission_table_actions_table` FOREIGN KEY (`action_id`) REFERENCES `actions` (`id`),
  CONSTRAINT `ik_permission_table_auth_item_table` FOREIGN KEY (`role_name`) REFERENCES `auth_item` (`name`)
) ENGINE=InnoDB DEFAULT CHARSET=utf8mb4;
/*!40101 SET character_set_client = @saved_cs_client */;

--
-- Dumping data for table `permission`
--

LOCK TABLES `permission` WRITE;
/*!40000 ALTER TABLE `permission` DISABLE KEYS */;
/*!40000 ALTER TABLE `permission` ENABLE KEYS */;
UNLOCK TABLES;

--
-- Table structure for table `questions`
--

DROP TABLE IF EXISTS `questions`;
/*!40101 SET @saved_cs_client     = @@character_set_client */;
/*!40101 SET character_set_client = utf8 */;
CREATE TABLE `questions` (
  `id` int(11) NOT NULL AUTO_INCREMENT,
  `subject_id` int(11) NOT NULL,
  `text` longtext DEFAULT NULL,
  `image` varchar(255) DEFAULT NULL,
  `level` tinyint(1) DEFAULT 1,
  `status` int(11) DEFAULT 0,
  `created_at` int(11) DEFAULT NULL,
  `updated_at` int(11) DEFAULT NULL,
  `created_by` int(11) NOT NULL DEFAULT 0,
  `updated_by` int(11) NOT NULL DEFAULT 0,
  `is_deleted` tinyint(4) NOT NULL DEFAULT 0,
  PRIMARY KEY (`id`),
  KEY `ik_questions_table_subject_table` (`subject_id`),
  CONSTRAINT `ik_questions_table_subject_table` FOREIGN KEY (`subject_id`) REFERENCES `subjects` (`id`)
) ENGINE=InnoDB AUTO_INCREMENT=266 DEFAULT CHARSET=utf8mb4;
/*!40101 SET character_set_client = @saved_cs_client */;

--
-- Dumping data for table `questions`
--

LOCK TABLES `questions` WRITE;
/*!40000 ALTER TABLE `questions` DISABLE KEYS */;
INSERT INTO `questions` VALUES (1,4,'<p>asdasdasdasdadad</p>',NULL,1,0,NULL,NULL,0,0,1),(2,4,'<p>sadasdasd SADAS DASDAS DASDDAS ASDAS DASDAS DASD ASD AS AS AS&nbsp; DASD AS DASD ASDASDAS DAS DAS AS DASDASDASDASD AS DAS DASASDAS DASFERFWERFWERFWE FSDFSDFASFFDSDDSFG DRGRDFSG SDFG&nbsp; ASDASDASD AS DASD ASD SADAS DAS DSAD SAD AS DAS DASDSAD ASDAS DSA DASDAS DASD ASDSASAASD ASD ASDASDASDAS</p>',NULL,1,0,NULL,NULL,0,0,1),(5,3,'<p class=\"MsoNormal\">Qadimgi g&rsquo;or devoriy sur&rsquo;atlaridan qaysi biri Ispaniyada joylashgan?<o:p></o:p></p>',NULL,1,1,NULL,NULL,0,0,0),(6,3,'<p class=\"MsoNormal\">1446-yilda Abulxayrxon o&rsquo;z davlatining poytaxtini qay<span style=\"font-family: Times New Roman;\">е</span>rga ko&rsquo;chirdi? <o:p></o:p></p>',NULL,1,1,NULL,NULL,0,0,0),(7,3,'<p class=\"MsoNormal\">Abruy boshchiligida xalq qo&rsquo;zg&rsquo;oloni qayerda bo&rsquo;lgan?</p>',NULL,1,1,NULL,NULL,0,0,0),(8,3,'<p class=\"MsoNormal\">Buxoro amirligida devonbegiga bo&rsquo;ysungan mansab egasi?</p>',NULL,1,1,NULL,NULL,0,0,0),(9,3,'<p class=\"MsoNormal\">1922-1924-yillarda kim Butunbuxoro Markaziy Ijroiya Qo&rsquo;mitasi raisi lavozimini egallagan?</p>',NULL,1,1,NULL,NULL,0,0,0),(10,3,'<p class=\"MsoNormal\">Ilk o&rsquo;rta asrlarda qaysi davlat tarkibiga O&lsquo;rta Osiyodan tashqari Sharqiy Turkiston, Afg&lsquo;oniston, Shimoliy Hindiston va hozirgi Pokiston hududlari ham kirgan?</p>',NULL,1,1,NULL,NULL,0,0,0),(11,3,'<p class=\"MsoNormal\">Qaysi Xorazmshoh hukmronligi davrida Sirdaryo etaklari va Mang&rsquo;ishloq yarimoroli egallangan?</p>',NULL,1,0,NULL,NULL,0,0,1),(12,3,'<p class=\"MsoNormal\">Qaysi Xorazmshoh hukmronligi davrida Sirdaryo etaklari va Mang&rsquo;ishloq yarimoroli egallangan?</p>',NULL,1,1,NULL,NULL,0,0,0),(13,3,'<p class=\"MsoNormal\">Mo&rsquo;g&rsquo;ullar tamonidan qaysi shahar egallanishida yuz mingga yaqin odam qatl etilib, qolgan xalqni shahardan haydab chiqib,askarlarga 24 nafardan bo&rsquo;lib berilgan edi?</p>',NULL,1,1,NULL,NULL,0,0,0),(14,3,'<p class=\"MsoNormal\">Xorazmshoh Alovuddin Muhammad yakkalanib qolganligidan foydalangan amirlar xiyonat yo&rsquo;liga o&rsquo;ta boshlaydi,qaysi viloyat hokimlari undan yuz o&rsquo;girgan edi?</p>',NULL,1,1,NULL,NULL,0,0,0),(15,3,'<p class=\"MsoNormal\">Kimning guvohlik berishicha, Sohibqiron qo&lsquo;shinida ayollardan iborat bo&lsquo;linmalar bo&lsquo;lib, ular erkaklar bilan bir safda turgan, qahramonlik va matonat namunalarini ko&lsquo;rsatgan?</p>',NULL,1,1,NULL,NULL,0,0,0),(16,3,'<p class=\"MsoNormal\">Quyidagi qaysi qabilalari X asrda Movarounnahrning shimoliy hududlarini egallagach,  Shosh atrofi  va Farg&lsquo;ona  hamda Zarafshon vodiylariga kelib o&lsquo;rnashganlar?</p>',NULL,1,1,NULL,NULL,0,0,0),(17,3,'<p class=\"MsoNormal\">Ilk o&rsquo;rta asrlarda Shahriston maydoni dastlab qancha bo&rsquo;lgan?</p>',NULL,1,1,NULL,NULL,0,0,0),(18,3,'<p class=\"MsoNormal\">Qarluqlar davlati janubda qayer bilan chegaradosh&nbsp;bo&rsquo;lgan?<o:p></o:p></p>',NULL,1,1,NULL,NULL,0,0,0),(19,3,'<p class=\"MsoNormal\">Rasmda berilgan san&rsquo;at asarlari va ularning mualliflarini aniqlang.</p>\r\n<p class=\"MsoNormal\">a) Rafael Santi<o:p></o:p></p>\r\n<p class=\"MsoNormal\">b) Rembrandt<o:p></o:p></p>\r\n<p class=\"MsoNormal\">c) Mikelanjelo Buonarroti<o:p></o:p></p>','3_17186897771sf9ihl0YiQXLnWHTpqP.png',1,1,NULL,NULL,0,0,0),(20,3,'<p class=\"MsoNormal\">Germaniyada Prezidentlik <o:p></o:p>lavozimi bekor qilingan va Veymar respublikasi amalda faoliyatini&nbsp;yakunlagan yilni aniqlang.<o:p></o:p></p>',NULL,1,1,NULL,NULL,0,0,0),(21,3,'<p class=\"MsoNormal\">&laquo;Xudoyqul anvar&raquo; asari qachon va kim tomonidan yozilganligini aniqlang?</p>',NULL,1,1,NULL,NULL,0,0,0),(22,3,'<p class=\"MsoNormal\">Qachondan boshlab &nbsp;MDH davlatlari yaxshi iqtisodiy o\'sish sur&rsquo;atlarini namoyish etmoqda?</p>',NULL,1,1,NULL,NULL,0,0,0),(23,3,'<p class=\"MsoNormal\"><span style=\"font-family: Times New Roman;\">&ldquo;O&lsquo;zbekiston Respublikasining mahalliy hokimiyat &nbsp;idoralarini qayta tashkil etish to&lsquo;g&lsquo;risida&rdquo;gi Qonun qachon qabul qilindi?</span></p>',NULL,1,1,NULL,NULL,0,0,0),(24,3,'<p class=\"MsoNormal\">Turkislon general-gubernatori O. Rozenbaxning Turkistonni boshqargan yillari?</p>',NULL,1,1,NULL,NULL,0,0,0),(25,3,'<p class=\"MsoNormal\">Yunon &ndash;Baqtriya davlati hukmdorlarining nomi qaysi qatorda to&rsquo;g&rsquo;ri ko&rsquo;rsatilgan ?</p>',NULL,1,1,NULL,NULL,0,0,0),(26,3,'<p class=\"MsoNormal\">1852-yilda Fransiyada nechanchi imperiya e&rsquo;lon qilindi?</p>',NULL,1,1,NULL,NULL,0,0,0),(27,3,'<p class=\"MsoNormal\">P. Toskanelli Yevropa qirg&rsquo;oqlaridan qaysi tomonga suzib Hindistonga borish mumkin, deb ishonardi?</p>',NULL,1,1,NULL,NULL,0,0,0),(28,3,'<p class=\"MsoNormal\"><span style=\"font-family: Times New Roman;\">&ldquo;Shimoliy urush&raquo; qaysi davlatlar o&rsquo;rtasida bo&rsquo;lib o&rsquo;tgan?</span></p>',NULL,1,1,NULL,NULL,0,0,0),(29,3,'<p class=\"MsoNormal\">Ashtarxoniylar davrida bola necha yil &nbsp;davomida &nbsp;boshlang&rsquo;ich ta&rsquo;lim olgan?</p>',NULL,1,1,NULL,NULL,0,0,0),(30,3,'<p class=\"MsoNormal\">Xiva xoni Muhammnd Raximxon II tomonidan qurilgan Nurillaboy saroyi qachon bunyod etilgan?</p>',NULL,1,1,NULL,NULL,0,0,0),(31,3,'<p class=\"MsoNormal\">Ernazarbiy o&rsquo;zi qurdirgan qo&rsquo;rg&rsquo;onni belgilang?</p>',NULL,1,1,NULL,NULL,0,0,0),(32,3,'<p class=\"MsoNormal\">Qachon Turk xoqonligi ikkiga bo&rsquo;linib &nbsp;ketadi.</p>',NULL,1,1,NULL,NULL,0,0,0),(33,3,'<p class=\"MsoNormal\">Jo&rsquo;ji dastlab qaysi &nbsp;shaharga hujum qilgan?</p>',NULL,1,1,NULL,NULL,0,0,0),(34,3,'<p class=\"MsoNormal\">1868 yilda Ispaniya qirolichasi kim edi?</p>',NULL,1,1,NULL,NULL,0,0,0),(35,3,'<p class=\"MsoNormal\">Kimning davrida safaviylar davlati o\'z qudratining cho \'qqisiga erishdi?</p>',NULL,1,1,NULL,NULL,0,0,0),(36,3,'<p class=\"MsoNormal\">Buxoro amiri Amir Nasrulloning hukmronlik yillari?</p>',NULL,1,1,NULL,NULL,0,0,0),(37,5,'<p class=\"MsoNormal\">Dala hovli to&lsquo;g&lsquo;ri to&lsquo;rtburchak shaklida bo&lsquo;lib, uning bo&lsquo;yi enidan 1,5 marta uzun. Kanal qazish zarurati bo&lsquo;lgani uchun hovlining bo&lsquo;yini 6 m ga kamaytirishdi, enini esa 6 m ga uzaytirishdi. Natijada, dala hovlining yuzi avvalgi yuziga qaraganda 84 m<sup>2</sup> ga ortdi. Dala hovlining avvalgi yuzini toping?</p>',NULL,1,1,NULL,NULL,0,0,0),(38,5,'<p class=\"MsoNormal\">144 va 360 sonlarining &nbsp;umumiy bo&lsquo;luvchilari yig&lsquo;indisini toping.</p>',NULL,1,1,NULL,NULL,0,0,0),(39,5,'<p class=\"MsoNormal\"><math xmlns=\"http://www.w3.org/1998/Math/MathML\" class=\"wrs_chemistry\"><mi mathvariant=\"normal\">a</mi><mo>,</mo><mo>&#160;</mo><mi mathvariant=\"normal\">b</mi><mo>,</mo><mo>&#160;</mo><mi mathvariant=\"normal\">c</mi></math> lar 0 va 9 dan farqli raqamlar bo&lsquo;lsa, <math xmlns=\"http://www.w3.org/1998/Math/MathML\" class=\"wrs_chemistry\"><mstyle displaystyle=\"false\"><mfrac><mrow><mi mathvariant=\"normal\">a</mi><mo>,</mo><mo>(</mo><mi mathvariant=\"normal\">b</mi><mo>)</mo><mo>+</mo><mi mathvariant=\"normal\">b</mi><mo>,</mo><mo>(</mo><mi mathvariant=\"normal\">c</mi><mo>)</mo><mo>+</mo><mi mathvariant=\"normal\">c</mi><mo>,</mo><mo>(</mo><mi mathvariant=\"normal\">a</mi><mo>)</mo></mrow><mrow><mi mathvariant=\"normal\">a</mi><mo>,</mo><mo>(</mo><mi mathvariant=\"normal\">a</mi><mo>)</mo><mo>+</mo><mi mathvariant=\"normal\">b</mi><mo>,</mo><mo>(</mo><mi mathvariant=\"normal\">b</mi><mo>)</mo><mo>+</mo><mi mathvariant=\"normal\">c</mi><mo>,</mo><mo>(</mo><mi mathvariant=\"normal\">c</mi><mo>)</mo></mrow></mfrac></mstyle></math>&nbsp;nisbatni toping.</p>',NULL,1,1,NULL,NULL,0,0,0),(40,5,'<p class=\"MsoNormal\">Ifodani soddalashtiring.&nbsp;&nbsp;<math xmlns=\"http://www.w3.org/1998/Math/MathML\"><mo>(</mo><mfrac><mrow><mn>2</mn><mi>q</mi></mrow><mrow><mn>2</mn><mi>q</mi><mo>+</mo><mi>m</mi></mrow></mfrac><mo>-</mo><mfrac><mrow><mn>4</mn><msup><mi>q</mi><mn>2</mn></msup></mrow><mrow><mn>4</mn><msup><mi>q</mi><mn>2</mn></msup><mo>+</mo><mn>4</mn><mi>q</mi><mi>m</mi><mo>+</mo><msup><mi>m</mi><mn>2</mn></msup></mrow></mfrac><mo>)</mo><mo>&#247;</mo><mo>(</mo><mfrac><mrow><mn>2</mn><mi>q</mi></mrow><mrow><mn>4</mn><msup><mi>q</mi><mn>2</mn></msup><mo>-</mo><msup><mi>m</mi><mn>2</mn></msup></mrow></mfrac><mo>+</mo><mfrac><mn>1</mn><mrow><mi>m</mi><mo>-</mo><mn>2</mn><mi>q</mi></mrow></mfrac><mo>)</mo></math></p>',NULL,1,1,NULL,NULL,0,0,0),(41,8,'<p class=\"MsoNormal\">Qanday ekologik piramida turlari mavjud?</p>',NULL,1,1,NULL,NULL,0,0,0),(42,8,'<p class=\"MsoNormal\"><span style=\"font-family: Times New Roman;\">&hellip;..yorug&lsquo;lik va kimyoviy energiyadan foydalanib, anorganik moddalardan organik moddalarni sintezlaydi.</span><o:p></o:p></p>',NULL,1,1,NULL,NULL,0,0,0),(43,8,'<p class=\"MsoNormal\">Birinchi tartib konsumentlarni toping?</p>',NULL,1,1,NULL,NULL,0,0,0),(44,8,'<p class=\"MsoNormal\">Qanday organizmlar organik qoldiqlarni anorganik moddalarga aylantiradigan, va ulardagi elementlarni moddalarning davriy aylanishiga qaytaradigan organizmlar hisoblanadi?</p>',NULL,1,1,NULL,NULL,0,0,0),(45,8,'<p class=\"MsoNormal\">Oziq zanjiri atamasi kim tomonidan fanga kiritilgan?</p>',NULL,1,1,NULL,NULL,0,0,0),(46,8,'<p>O&lsquo;tloq tipidagi oziq zanjirini qanday organizmlar boshlab beradi?</p>',NULL,1,1,NULL,NULL,0,0,0),(47,8,'<p class=\"MsoNormal\">Hayvonlar biomassasi nima deyiladi?</p>',NULL,1,1,NULL,NULL,0,0,0),(48,8,'<p class=\"MsoNormal\">Quyosh energiyasining necha foizi organik moddani sintez qilish uchun sarflanadi?</p>',NULL,1,1,NULL,NULL,0,0,0),(49,8,'<p class=\"MsoNormal\">Qanday organizmlar birlamchi mahsulot hisoblanadi?<o:p></o:p></p>',NULL,1,1,NULL,NULL,0,0,0),(50,8,'<p class=\"MsoNormal\">R.Lindemen qanday qonunni aniqlagan.</p>',NULL,1,1,NULL,NULL,0,0,0),(51,8,'<p class=\"MsoNormal\">Hamma turlari odamda va hayvonlarda parazitlik qiladigan sinf qaysi javobda to&lsquo;g&lsquo;ri berilgan</p>',NULL,1,1,NULL,NULL,0,0,0),(52,8,'<p class=\"MsoNormal\">Yashil evglenaning bo&lsquo;linishi qaysi organlar o&lsquo;rtasida boradi?</p>',NULL,1,1,NULL,NULL,0,0,0),(53,8,'<p class=\"MsoNormal\">Tana bo&lsquo;shlig&lsquo;i ichak vazifasini bajaruvchi hayvon.</p>',NULL,1,1,NULL,NULL,0,0,0),(54,8,'<p class=\"MsoNormal\">&nbsp;<span style=\"font-family: Times New Roman;\">&hellip;..</span>hamma organlari bir-biriga o&lsquo;xshash, ma&rsquo;lum hududda &ndash; arealda tarqalgan tirik organizmlarni o&lsquo;z ichiga oladi.</p>',NULL,1,1,NULL,NULL,0,0,0),(55,8,'<p class=\"MsoNormal\">Qaysi to&lsquo;qima tashqi muhitddan kelgan ta&rsquo;sirni qabul qilish, o&lsquo;tkazish va ularga javob berish vazifasini bajaradi?</p>',NULL,1,1,NULL,NULL,0,0,0),(56,8,'<p class=\"MsoNormal\">Qaysi hayvon ham o&lsquo;simlik ham hayvonga o&lsquo;xshab oziqlanadi?</p>',NULL,1,1,NULL,NULL,0,0,0),(57,8,'<p class=\"MsoNormal\">Qaysi metod yordamida tirik organizimlar sestimatik birliklarga birlashtiriladi?</p>',NULL,1,1,NULL,NULL,0,0,0),(58,8,'<p class=\"MsoNormal\">O&lsquo;simliklarning suv bug&lsquo;latish jarayoni nima deyiladi?</p>',NULL,1,1,NULL,NULL,0,0,0),(59,8,'<p class=\"MsoNormal\"><strong><span style=\"font-family: Times New Roman;\">&hellip;&hellip;&hellip;</span></strong>bu &nbsp;o&lsquo;simliklarning barg to&lsquo;kish orqali qishki tinim davriga tayyorlanishidir.</p>',NULL,1,1,NULL,NULL,0,0,0),(60,8,'<p class=\"MsoNormal\"><strong><span style=\"font-family: Times New Roman;\">&hellip;&hellip;</span></strong>o&lsquo;simliklar tomonidan bakteriyalarga qarshi ishlab chiqariladigan modda.</p>',NULL,1,1,NULL,NULL,0,0,0),(61,8,'<p class=\"MsoNormal\">Quyidagilardan qaysi biri biologiyaning ilmiy tadqiqot metodi emas?</p>',NULL,1,1,NULL,NULL,0,0,0),(62,8,'<p class=\"MsoNormal\">Eng dastlabki metod bu &hellip;</p>',NULL,1,1,NULL,NULL,0,0,0),(63,8,'<p class=\"MsoNormal\">Qaysi metod orqali har qanday biologik hodisani tasvirlash, tariflash mumkin?</p>',NULL,1,1,NULL,NULL,0,0,0),(64,8,'<p class=\"MsoNormal\"><span style=\"font-family: Times New Roman;\">&hellip; metodining qo&lsquo;llanishi Darvinning nomi bilan bog&lsquo;liq. </span></p>',NULL,1,1,NULL,NULL,0,0,0),(65,8,'<p class=\"15\">Eksperimental yoki &hellip;&hellip;. usuli hisoblanadi. <o:p></o:p></p>',NULL,1,1,NULL,NULL,0,0,0),(66,8,'<p class=\"MsoNormal\">Eksperimental metodining asoschisi kim?</p>',NULL,1,1,NULL,NULL,0,0,0),(67,8,'<p class=\"MsoNormal\">Turlarni aniqlashda qaysi metoddan keng foydalanilgan?</p>',NULL,1,0,NULL,NULL,0,0,1),(68,8,'<p class=\"MsoNormal\">Turlarni aniqlashda qaysi metoddan keng foydalanilgan?</p>',NULL,1,1,NULL,NULL,0,0,0),(69,8,'<p class=\"MsoNormal\">Bir hil predmet yoki hodisalarni boshqalariga o&lsquo;xshash yoki farqini aniqlash yo&lsquo;li bilan ularning mohiyatini ochib beruvchi metod qaysi?</p>',NULL,1,1,NULL,NULL,0,0,0),(70,8,'<p>Qaysi usul biologiyada chuqur sifatiy o&lsquo;zgarishlarni yuzaga kelishiga sabab bo&lsquo;ladi?</p>',NULL,1,1,NULL,NULL,0,0,0),(71,8,'<p class=\"MsoNormal\">Fizika va kimyo fanlarining ravnaqi tufayli yuzaga kelgan metod qaysi?</p>',NULL,1,1,NULL,NULL,0,0,0),(72,8,'<p class=\"MsoNormal\">Biologiya so&lsquo;zi qaysi tildan olingan?</p>',NULL,1,1,NULL,NULL,0,0,0),(73,8,'<p class=\"MsoNormal\">Hujayra nazariyasiga qaysi metod orqali asos solindi?</p>',NULL,1,1,NULL,NULL,0,0,0),(74,8,'<p><span style=\"font-family: \'Times New Roman\';\">&hellip; usul hayotiy hodisalarni o&lsquo;rganishning asosiga aylangan.</span></p>',NULL,1,1,NULL,NULL,0,0,0),(75,8,'<p class=\"MsoNormal\">O&lsquo;rta asrlarda asos solingan metod bu &hellip;?</p>',NULL,1,1,NULL,NULL,0,0,0),(76,4,'<p class=\"MsoNormal\">A- Hello, what ______ your name?</p>',NULL,1,1,NULL,NULL,0,0,0),(77,4,'<p>______ name is John. And my ______ is Johnson.</p>',NULL,1,1,NULL,NULL,0,0,0),(78,4,'<p class=\"MsoNormal\">My name is Lisa. ______ Lisa Peterson.</p>',NULL,1,1,NULL,NULL,0,0,0),(79,4,'<p class=\"MsoNormal\">______ name is Apple. ______ Ann Apple.</p>',NULL,1,1,NULL,NULL,0,0,0),(80,4,'<p class=\"MsoNormal\"><span style=\"font-family: Times New Roman;\">&ldquo;Where ______ John from?&rdquo; &ldquo;______ from the US.&rdquo;</span></p>',NULL,1,1,NULL,NULL,0,0,0),(81,4,'<p class=\"MsoNormal\">______ are you from? Japan.</p>',NULL,1,1,NULL,NULL,0,0,0),(82,4,'<p class=\"MsoNormal\">Where ______ you ______ ?</p>',NULL,1,1,NULL,NULL,0,0,0),(83,4,'<p class=\"MsoNormal\">&nbsp;______ from Spain. I&rsquo;m Rodriguez .</p>',NULL,1,1,NULL,NULL,0,0,0),(84,4,'<p class=\"MsoNormal\">Pierre is a French boy. ______ from ______ .</p>',NULL,1,1,NULL,NULL,0,0,0),(85,4,'<p class=\"MsoNormal\">Lisa and Max are Americans. ______ from U.S.A.</p>',NULL,1,1,NULL,NULL,0,0,0),(86,4,'<p class=\"MsoNormal\"><span style=\"font-family: Times New Roman;\">&ldquo;What ____ their _____?&rdquo;<br></span></p>\r\n<p class=\"MsoNormal\"><span style=\"font-family: Times New Roman;\">&ldquo;Alexander and Philip.&rdquo;</span><o:p></o:p></p>\r\n<p class=\"MsoNormal\"><span style=\"font-family: Times New Roman;\">&nbsp;</span></p>',NULL,1,1,NULL,NULL,0,0,0),(87,4,'<p class=\"MsoNormal\">I ______ 22 years old, but Andrew ______ 20.</p>',NULL,1,0,NULL,NULL,0,0,1),(88,4,'<p class=\"MsoNormal\">I ______ 22 years old, but Andrew ______ 20.</p>',NULL,1,1,NULL,NULL,0,0,0),(89,4,'<p class=\"MsoNormal\">Mark______ 19, but Brian and Denis ______ 26 and 28.</p>',NULL,1,1,NULL,NULL,0,0,0),(90,4,'<p class=\"MsoNormal\"><span style=\"font-family: Times New Roman;\">&ldquo;What ______ this?&rdquo;</span><o:p></o:p></p>\r\n<p class=\"MsoNormal\"><span style=\"font-family: Times New Roman;\">&ldquo;It&rsquo;s ______ umbrella.&rdquo;</span></p>',NULL,1,1,NULL,NULL,0,0,0),(91,4,'<p class=\"MsoNormal\">Oxford is ______ English university.</p>',NULL,1,1,NULL,NULL,0,0,0),(92,4,'<p class=\"MsoNormal\">Toyotas ______ Japanese ______ .</p>',NULL,1,1,NULL,NULL,0,0,0),(93,4,'<p class=\"MsoNormal\"><span style=\"font-family: Times New Roman;\">&ldquo;What is ______ ?&rdquo;</span><o:p></o:p></p>\r\n<p class=\"MsoNormal\"><span style=\"font-family: Times New Roman;\">&ldquo;She is a bank manager.&rdquo;</span><o:p></o:p></p>',NULL,1,1,NULL,NULL,0,0,0),(94,4,'<p class=\"MsoNormal\">&nbsp;0/2/11/18/20 Find the correct alternative.</p>',NULL,1,1,NULL,NULL,0,0,0),(95,4,'<p class=\"MsoNormal\"><span style=\"font-family: Times New Roman;\">&ldquo;How old is your aunt?&rdquo;</span><o:p></o:p></p>\r\n<p class=\"MsoNormal\"><span style=\"font-family: Times New Roman;\">&ldquo;______ is 29.&rdquo;</span><o:p></o:p></p>',NULL,1,1,NULL,NULL,0,0,0),(96,4,'<p class=\"MsoNormal\"><span style=\"font-family: Times New Roman;\">&ldquo;Where ______ she from?&rdquo;</span><o:p></o:p></p>\r\n<p class=\"MsoNormal\"><span style=\"font-family: Times New Roman;\">&ldquo;She ______ from Japan.&rdquo;</span><o:p></o:p></p>',NULL,1,1,NULL,NULL,0,0,0),(97,4,'<p class=\"MsoNormal\">This ______ my friend. ______ name&rsquo;s Richard.</p>',NULL,1,1,NULL,NULL,0,0,0),(98,4,'<p class=\"MsoNormal\">They ______ Lisa and Max. They ______ from the USA.</p>',NULL,1,1,NULL,NULL,0,0,0),(99,4,'<p class=\"MsoNormal\"><span style=\"font-family: Times New Roman;\">&ldquo;What is ______ name?&rdquo; &ldquo;My name&rsquo;s Carlos.&rdquo;</span></p>',NULL,1,1,NULL,NULL,0,0,0),(100,4,'<p class=\"MsoNormal\">This is my sister. ______ name is Laura.<o:p></o:p></p>',NULL,1,1,NULL,NULL,0,0,0),(101,4,'<p class=\"MsoNormal\">I have ______ brother. ______ name is David</p>',NULL,1,1,NULL,NULL,0,0,0),(102,4,'<p class=\"MsoNormal\">Hello! My ___ ___ Maria. I ___ ___ Mexico.<o:p></o:p></p>',NULL,1,1,NULL,NULL,0,0,0),(103,7,'<p><em style=\"mso-bidi-font-style: normal;\"><span lang=\"EN-US\" style=\"font-size: 14.0pt; line-height: 115%; font-family: \'Times New Roman\',serif; mso-fareast-font-family: \'Times New Roman\'; mso-ansi-language: EN-US; mso-fareast-language: RU; mso-bidi-language: AR-SA;\">O&lsquo;zini sovuqda qaltirayotgandek his qilgan kampir qizi bergan choydan qaynoq-qaynoq ichgach, tanasiga yoqimli issiqlik yugurdi.</span></em><span lang=\"EN-US\" style=\"font-size: 14.0pt; line-height: 115%; font-family: \'Times New Roman\',serif; mso-fareast-font-family: \'Times New Roman\'; mso-ansi-language: EN-US; mso-fareast-language: RU; mso-bidi-language: AR-SA;\"> Berilgan parchadagi fonetik hodisa asosida yozilgan so&lsquo;zlar haqida berilgan to&lsquo;g&lsquo;ri fikrni belgilang. </span></p>',NULL,1,1,NULL,NULL,0,0,0),(104,4,'<p class=\"MsoNormal\">Is Catherine ______ sister?</p>',NULL,1,1,NULL,NULL,0,0,0),(105,7,'<p><span lang=\"EN-US\" style=\"font-size: 14.0pt; line-height: 115%; font-family: \'Times New Roman\',serif; mso-fareast-font-family: \'Times New Roman\'; mso-ansi-language: EN-US; mso-fareast-language: RU; mso-bidi-language: AR-SA;\">Qaysi gap tarkibida imloviy jihatdan xato yozilgan so&lsquo;z uchraydi? </span></p>',NULL,1,1,NULL,NULL,0,0,0),(106,4,'<p class=\"MsoNormal\">We ______ students.</p>',NULL,1,1,NULL,NULL,0,0,0),(107,7,'<p><span lang=\"EN-US\" style=\"font-size: 14.0pt; line-height: 115%; font-family: \'Times New Roman\',serif; mso-fareast-font-family: \'Times New Roman\'; mso-ansi-language: EN-US; mso-fareast-language: RU; mso-bidi-language: AR-SA;\">Qaysi gapda ajratib ko&lsquo;rsatilgan so&lsquo;z sinekdoxa usulida ko&lsquo;chma ma&rsquo;no hosil qilmagan? </span></p>',NULL,1,1,NULL,NULL,0,0,0),(108,4,'<p class=\"MsoNormal\">I ______ student.</p>',NULL,1,1,NULL,NULL,0,0,0),(109,7,'<p><span lang=\"EN-US\" style=\"font-size: 14.0pt; line-height: 115%; font-family: \'Times New Roman\',serif; mso-fareast-font-family: \'Times New Roman\'; mso-ansi-language: EN-US; mso-fareast-language: RU; mso-bidi-language: AR-SA;\">Qaysi javobda paronimi mavjud bo&lsquo;lgan ot berilgan? </span></p>',NULL,1,1,NULL,NULL,0,0,0),(110,7,'<p><span lang=\"EN-US\" style=\"font-size: 14.0pt; line-height: 115%; font-family: \'Times New Roman\',serif; mso-fareast-font-family: \'Times New Roman\'; mso-ansi-language: EN-US; mso-fareast-language: RU; mso-bidi-language: AR-SA;\">Qaysi javobdagi so&lsquo;zlar shakldoshiga ega? </span></p>',NULL,1,1,NULL,NULL,0,0,0),(111,7,'<p><span lang=\"EN-US\" style=\"font-size: 14.0pt; line-height: 115%; font-family: \'Times New Roman\',serif; mso-fareast-font-family: \'Times New Roman\'; mso-ansi-language: EN-US; mso-fareast-language: RU; mso-bidi-language: AR-SA;\">Asosi fe&rsquo;lga mansub bo&lsquo;lgan yasama otlar berilgan javobni belgilang.<br style=\"mso-special-character: line-break;\"><!--[endif]--></span></p>',NULL,1,1,NULL,NULL,0,0,0),(112,7,'<p><span lang=\"EN-US\" style=\"font-size: 14.0pt; line-height: 115%; font-family: \'Times New Roman\',serif; mso-fareast-font-family: \'Times New Roman\'; mso-ansi-language: EN-US; mso-fareast-language: RU; mso-bidi-language: AR-SA;\">Qaysi gap tarkibida ot yasovchi qo&lsquo;shimcha bilan omonim bo&lsquo;la oladigan ismlarning munosabat shakli qatnashmagan? </span></p>',NULL,1,1,NULL,NULL,0,0,0),(113,7,'<p><span lang=\"EN-US\" style=\"font-size: 14.0pt; line-height: 115%; font-family: \'Times New Roman\',serif; mso-fareast-font-family: \'Times New Roman\'; mso-ansi-language: EN-US; mso-fareast-language: RU; mso-bidi-language: AR-SA;\">Quyidagi qaysi gap(lar)da son otlashmagan?</span></p>\r\n<p><span lang=\"EN-US\" style=\"font-size: 14.0pt; line-height: 115%; font-family: \'Times New Roman\',serif; mso-fareast-font-family: \'Times New Roman\'; mso-ansi-language: EN-US; mso-fareast-language: RU; mso-bidi-language: AR-SA;\">1) Har ikkalasi g&lsquo;amim bila sabrimdek, Borg&lsquo;on son bu ortadur, ul kam bo&lsquo;ladur.&nbsp;</span></p>\r\n<p><span lang=\"EN-US\" style=\"font-size: 14.0pt; line-height: 115%; font-family: \'Times New Roman\',serif; mso-fareast-font-family: \'Times New Roman\'; mso-ansi-language: EN-US; mso-fareast-language: RU; mso-bidi-language: AR-SA;\">2) Chang havoga ko&lsquo;tarilib, ikkovimizni ham bir necha bor qattiq aksa urdirdi.&nbsp;<br>3) U har ikkala qurolni g&lsquo;ilofdan chiqarib, o&lsquo;z mamlakatida bularning ayrimida soqol qirishlarini, boshqasida esa go&lsquo;sht kesishlarini aytdi.</span></p>\r\n<p><span lang=\"EN-US\" style=\"font-size: 14.0pt; line-height: 115%; font-family: \'Times New Roman\',serif; mso-fareast-font-family: \'Times New Roman\'; mso-ansi-language: EN-US; mso-fareast-language: RU; mso-bidi-language: AR-SA;\"> 4) Pishillab nafas olayotganimizni har ikkalamiz ham eshitib turardik.&nbsp;</span></p>',NULL,1,1,NULL,NULL,0,0,0),(114,7,'<p><span lang=\"EN-US\" style=\"font-size: 14.0pt; line-height: 115%; font-family: \'Times New Roman\',serif; mso-fareast-font-family: \'Times New Roman\'; mso-ansi-language: EN-US; mso-fareast-language: RU; mso-bidi-language: AR-SA;\">Qaysi javobdagi fe&rsquo;llar faqat gapning ikki xil bo&lsquo;lagi vazifasini bajargan? </span></p>',NULL,1,1,NULL,NULL,0,0,0),(115,7,'<p><span lang=\"EN-US\" style=\"font-size: 14.0pt; line-height: 115%; font-family: \'Times New Roman\',serif; mso-fareast-font-family: \'Times New Roman\'; mso-ansi-language: EN-US; mso-fareast-language: RU; mso-bidi-language: AR-SA;\">Qaysi javobda hol vazifasida kelgan fe&rsquo;llarning yetakchi morfemasi shakldoshlik xususiyatiga ega? </span></p>',NULL,1,1,NULL,NULL,0,0,0),(116,7,'<p><em style=\"mso-bidi-font-style: normal;\"><span lang=\"EN-US\" style=\"font-size: 14.0pt; line-height: 115%; font-family: \'Times New Roman\',serif; mso-fareast-font-family: \'Times New Roman\'; mso-ansi-language: EN-US; mso-fareast-language: RU; mso-bidi-language: AR-SA;\">Dadasi har kuni ishga ketishda ham, ishdan qaytishda ham qo&lsquo;liga olar, suyar va gaplariga kular edi.</span></em><span lang=\"EN-US\" style=\"font-size: 14.0pt; line-height: 115%; font-family: \'Times New Roman\',serif; mso-fareast-font-family: \'Times New Roman\'; mso-ansi-language: EN-US; mso-fareast-language: RU; mso-bidi-language: AR-SA;\"> Ushbu gapdagi boshqaruv munosabatli so&lsquo;z birikmalari sonini aniqlang. </span></p>',NULL,1,1,NULL,NULL,0,0,0),(117,7,'<p><em style=\"mso-bidi-font-style: normal;\"><span lang=\"EN-US\" style=\"font-size: 14.0pt; line-height: 115%; font-family: \'Times New Roman\',serif; mso-fareast-font-family: \'Times New Roman\'; mso-ansi-language: EN-US; mso-fareast-language: RU; mso-bidi-language: AR-SA;\">Dadasi har kuni ishga ketishda ham, ishdan qaytishda ham qo&lsquo;liga olar, suyar va gaplariga kular edi.</span></em><span lang=\"EN-US\" style=\"font-size: 14.0pt; line-height: 115%; font-family: \'Times New Roman\',serif; mso-fareast-font-family: \'Times New Roman\'; mso-ansi-language: EN-US; mso-fareast-language: RU; mso-bidi-language: AR-SA;\"> Ushbu gapdagi boshqaruv munosabatli so&lsquo;z birikmalari sonini aniqlang. </span></p>',NULL,1,1,NULL,NULL,0,0,0),(118,7,'<p><em style=\"mso-bidi-font-style: normal;\"><span lang=\"EN-US\" style=\"font-size: 14.0pt; line-height: 115%; font-family: \'Times New Roman\',serif; mso-fareast-font-family: \'Times New Roman\'; mso-ansi-language: EN-US; mso-fareast-language: RU; mso-bidi-language: AR-SA;\">Navoiyning ummon qadar bepoyon ijodidan hamma o&lsquo;z iste&rsquo;dodiga yarasha bahramand bo&lsquo;lishi mumkin. </span></em><span lang=\"EN-US\" style=\"font-size: 14.0pt; line-height: 115%; font-family: \'Times New Roman\',serif; mso-fareast-font-family: \'Times New Roman\'; mso-ansi-language: EN-US; mso-fareast-language: RU; mso-bidi-language: AR-SA;\">Ushbu gapda ishtirok etgan gap bo&lsquo;laklari haqidagi qaysi fikr to&lsquo;g&lsquo;ri emas? </span></p>',NULL,1,1,NULL,NULL,0,0,0),(119,7,'<p><span lang=\"EN-US\" style=\"font-size: 14.0pt; line-height: 115%; font-family: \'Times New Roman\',serif; mso-fareast-font-family: \'Times New Roman\'; mso-ansi-language: EN-US; mso-fareast-language: RU; mso-bidi-language: AR-SA;\">Qaysi gapda barcha to&lsquo;ldiruvchilar kesimga bilvosita bog&lsquo;langan? </span></p>',NULL,1,1,NULL,NULL,0,0,0),(120,7,'<p><span lang=\"EN-US\" style=\"font-size: 14.0pt; line-height: 115%; font-family: \'Times New Roman\',serif; mso-fareast-font-family: \'Times New Roman\'; mso-ansi-language: EN-US; mso-fareast-language: RU; mso-bidi-language: AR-SA;\">Qaysi gapda uyushiq ega qatnashmagan? </span></p>',NULL,1,1,NULL,NULL,0,0,0),(121,7,'<p><em style=\"mso-bidi-font-style: normal;\"><span lang=\"EN-US\" style=\"font-size: 14.0pt; line-height: 115%; font-family: \'Times New Roman\',serif; mso-fareast-font-family: \'Times New Roman\'; mso-ansi-language: EN-US; mso-fareast-language: RU; mso-bidi-language: AR-SA;\">&nbsp; &nbsp; &nbsp; Ota-onasiga kimki bo&lsquo;lsa oq,&nbsp;<br><span style=\"mso-spacerun: yes;\">&nbsp;&nbsp;&nbsp;&nbsp;&nbsp; </span>Bu ham og&lsquo;ir gunoh sanalgay mutloq. <br><span style=\"mso-spacerun: yes;\">&nbsp;&nbsp;&nbsp;&nbsp;&nbsp; </span>Agarda yolg&lsquo;ondan bersa guvohlik, <br><span style=\"mso-spacerun: yes;\">&nbsp;&nbsp;&nbsp;&nbsp;&nbsp; </span>Uning ham gunohin kechirmas Holiq. <br><span style=\"mso-spacerun: yes;\">&nbsp;&nbsp;&nbsp;&nbsp;&nbsp; </span>Shu to&lsquo;rtta gunohdan bo&lsquo;lsa kim forig&lsquo;, <br><span style=\"mso-spacerun: yes;\">&nbsp;&nbsp;&nbsp;&nbsp;&nbsp; </span>Bilingki, ularning manglayi yorug&lsquo;.</span></em><span lang=\"EN-US\" style=\"font-size: 14.0pt; line-height: 115%; font-family: \'Times New Roman\',serif; mso-fareast-font-family: \'Times New Roman\'; mso-ansi-language: EN-US; mso-fareast-language: RU; mso-bidi-language: AR-SA;\"><span style=\"mso-spacerun: yes;\">&nbsp;&nbsp;&nbsp; </span>Ushbu gapdagi fe&rsquo;l kesimlar haqida bildirilgan to&lsquo;g&lsquo;ri fikrni toping. <br style=\"mso-special-character: line-break;\"><!-- [if !supportLineBreakNewLine]--><br style=\"mso-special-character: line-break;\"><!--[endif]--></span></p>',NULL,1,1,NULL,NULL,0,0,0),(122,7,'<p><em style=\"mso-bidi-font-style: normal;\"><span lang=\"EN-US\" style=\"font-size: 14.0pt; line-height: 115%; font-family: \'Times New Roman\',serif; mso-fareast-font-family: \'Times New Roman\'; mso-ansi-language: EN-US; mso-fareast-language: RU; mso-bidi-language: AR-SA;\">Ertayev: &ldquo;Mayli, mayli, buni keyin gaplashamiz, do&lsquo;stim&rdquo;, &ndash; dedi kulib.</span></em><span lang=\"EN-US\" style=\"font-size: 14.0pt; line-height: 115%; font-family: \'Times New Roman\',serif; mso-fareast-font-family: \'Times New Roman\'; mso-ansi-language: EN-US; mso-fareast-language: RU; mso-bidi-language: AR-SA;\"> Ushbu ko&lsquo;chirma gapli qo&lsquo;shma gap o&lsquo;zlashtirma gapga aylantirilganda sodir bo&lsquo;ladigan grammatik o&lsquo;zgarishlar to&lsquo;liq ajratib ko&lsquo;rsatilgan javobni belgilang. <br>1) ko&lsquo;chirma gap tarkibidagi undalma tushirib qoldiriladi; 2) muallif gapning egasi qaratqich aniqlovchiga aylantiriladi; 3) ko&lsquo;chirma gapining egasi o&lsquo;zlashtirma gap egasi bo&lsquo;lib gap boshida keladi; 4) ko&lsquo;chirma gap tarkibidagi kiritmalar tushib qoladi. <br>5) ko&lsquo;chirma gapining kesimi o&lsquo;zlashtirma gap kesimi bo&lsquo;lib keladi </span></p>',NULL,1,1,NULL,NULL,0,0,0),(123,7,'<p><span lang=\"EN-US\" style=\"font-size: 14.0pt; line-height: 115%; font-family: \'Times New Roman\',serif; mso-fareast-font-family: \'Times New Roman\'; mso-ansi-language: EN-US; mso-fareast-language: RU; mso-bidi-language: AR-SA;\">Kesimlari ismlarga mansub so&lsquo;z bilan ifodalangan ko&lsquo;rsatish olmoshli qo&lsquo;shma gapni toping.<br style=\"mso-special-character: line-break;\"><!--[endif]--></span></p>',NULL,1,1,NULL,NULL,0,0,0),(124,7,'<p><span lang=\"EN-US\" style=\"font-size: 14.0pt; line-height: 115%; font-family: \'Times New Roman\',serif; mso-fareast-font-family: \'Times New Roman\'; mso-ansi-language: EN-US; mso-fareast-language: RU; mso-bidi-language: AR-SA;\">Ilmda hijolar qaysi belgilar bilan ifodalangan? </span></p>',NULL,1,1,NULL,NULL,0,0,0),(125,7,'<p><span lang=\"EN-US\" style=\"font-size: 14.0pt; line-height: 115%; font-family: \'Times New Roman\',serif; mso-fareast-font-family: \'Times New Roman\'; mso-ansi-language: EN-US; mso-fareast-language: RU; mso-bidi-language: AR-SA;\">Shunday bolalarcha tuyg&lsquo;ular og&lsquo;ushida lirik qahramon birdan kattalarga xos mulohazalarga o&lsquo;tadi. Shu tariqa zimdan haqiqiy hayot bilan bolalik tasavvurlari muqoyasa qilinadi. Hayotda chin do&lsquo;st topish mushkulligi, bu uning ko&lsquo;nglida dog&lsquo;lar qoldirgani, agar singlisining nozik qalbi ham toliqqan bo&lsquo;lsa, davosi &ndash; tinmoq, unutmoq ekani aytiladi. Ushbu jumlalarda qaysi ijodkor she&rsquo;ri haqida gap ketmoqda?<br style=\"mso-special-character: line-break;\"><!--[endif]--></span></p>',NULL,1,1,NULL,NULL,0,0,0),(126,7,'<p><em style=\"mso-bidi-font-style: normal;\"><span lang=\"EN-US\" style=\"font-size: 14.0pt; line-height: 115%; font-family: \'Times New Roman\',serif; mso-fareast-font-family: \'Times New Roman\'; mso-ansi-language: EN-US; mso-fareast-language: RU; mso-bidi-language: AR-SA;\">&ldquo;Odamlarga nima bo&lsquo;lgan o&lsquo;zi? Ularga o&lsquo;limdan boshqa hamma narsa muhim!&rdquo;</span></em><span lang=\"EN-US\" style=\"font-size: 14.0pt; line-height: 115%; font-family: \'Times New Roman\',serif; mso-fareast-font-family: \'Times New Roman\'; mso-ansi-language: EN-US; mso-fareast-language: RU; mso-bidi-language: AR-SA;\"><span style=\"mso-spacerun: yes;\">&nbsp; </span>Ushbu jumla qaysi asar qahramoniga tegishli? </span></p>',NULL,1,1,NULL,NULL,0,0,0),(127,7,'<p><span lang=\"EN-US\" style=\"font-size: 14.0pt; line-height: 115%; font-family: \'Times New Roman\',serif; mso-fareast-font-family: \'Times New Roman\'; mso-ansi-language: EN-US; mso-fareast-language: RU; mso-bidi-language: AR-SA;\">O&lsquo;ljas Sulaymon qalamiga mansub &ldquo;Arg&lsquo;umoq&rdquo; she&rsquo;ri tarjimonini belgilang. </span></p>',NULL,1,1,NULL,NULL,0,0,0),(128,7,'<p><span lang=\"EN-US\" style=\"font-size: 14.0pt; line-height: 115%; font-family: \'Times New Roman\',serif; mso-fareast-font-family: \'Times New Roman\'; mso-ansi-language: EN-US; mso-fareast-language: RU; mso-bidi-language: AR-SA;\">X.To&lsquo;xtaboyevning &ldquo;Sariq devni minib&rdquo; asarida Soraxon folbinning gaplariga ishonmanglar deb Hoshimjonga kim aytgan edi? </span></p>',NULL,1,1,NULL,NULL,0,0,0),(129,7,'<p><span lang=\"EN-US\" style=\"font-size: 14.0pt; line-height: 115%; font-family: \'Times New Roman\',serif; mso-fareast-font-family: \'Times New Roman\'; mso-ansi-language: EN-US; mso-fareast-language: RU; mso-bidi-language: AR-SA;\">Shu choqda uning sodda Ko&lsquo;ngli juda toliqdi: &ldquo;Jinday non bormi?&rdquo; &ndash; dedi. &hellip;. &ldquo;Yo&lsquo;qdir berar nonimiz, Lekin kuyar jonimiz &hellip;&rdquo; H.Olimjonning &ldquo;Oygul bilan Baxtiyor&rdquo; asarida ushbu so&lsquo;zlar kim tomonidan aytilgan? </span></p>',NULL,1,1,NULL,NULL,0,0,0),(130,7,'<p><span lang=\"EN-US\" style=\"font-size: 14.0pt; line-height: 115%; font-family: \'Times New Roman\',serif; mso-fareast-font-family: \'Times New Roman\'; mso-ansi-language: EN-US; mso-fareast-language: RU; mso-bidi-language: AR-SA;\">Qaysi asarda yaxshi ot mard yigitning qanoti ekanligi aytiladi?<br style=\"mso-special-character: line-break;\"><!-- [if !supportLineBreakNewLine]--><br style=\"mso-special-character: line-break;\"><!--[endif]--></span></p>',NULL,1,1,NULL,NULL,0,0,0),(131,7,'<p><span lang=\"EN-US\" style=\"font-size: 14.0pt; line-height: 115%; font-family: \'Times New Roman\',serif; mso-fareast-font-family: \'Times New Roman\'; mso-ansi-language: EN-US; mso-fareast-language: RU; mso-bidi-language: AR-SA;\">&ldquo;Kuntug&lsquo;mish&rdquo; dostonida Gurkiboy bilan Mohiboy necha yoshga kirganda Kuntug&lsquo;mish karvonga duch keladi? </span></p>',NULL,1,1,NULL,NULL,0,0,0),(132,7,'<p><em style=\"mso-bidi-font-style: normal;\"><span lang=\"EN-US\" style=\"font-size: 14.0pt; line-height: 115%; font-family: \'Times New Roman\',serif; mso-fareast-font-family: \'Times New Roman\'; mso-ansi-language: EN-US; mso-fareast-language: RU; mso-bidi-language: AR-SA;\">&ldquo;Davlat uchun ko&lsquo;ngulni zor etma,<br><span style=\"mso-spacerun: yes;\">&nbsp;&nbsp; </span>Izzat uchun o&lsquo;zingni xor etma&rdquo;.<br></span></em><span lang=\"EN-US\" style=\"font-size: 14.0pt; line-height: 115%; font-family: \'Times New Roman\',serif; mso-fareast-font-family: \'Times New Roman\'; mso-ansi-language: EN-US; mso-fareast-language: RU; mso-bidi-language: AR-SA;\">Pirimqul Qodirovning &ldquo;Yulduzli tunlar&rdquo; romanida Bobur ushbu baytni qayerda yozganligini aytadi?</span></p>',NULL,1,1,NULL,NULL,0,0,0),(133,7,'<p><span lang=\"EN-US\" style=\"font-size: 14.0pt; line-height: 115%; font-family: \'Times New Roman\',serif; mso-fareast-font-family: \'Times New Roman\'; mso-ansi-language: EN-US; mso-fareast-language: RU; mso-bidi-language: AR-SA;\">Oybekning &ldquo;Navoiy&rdquo; romanida Alisher Navoiy &ldquo;O&lsquo;ligi ham bir balo, tirigi ham bir balo&rdquo; deb kimni aytadi?<br style=\"mso-special-character: line-break;\"><!--[endif]--></span></p>',NULL,1,1,NULL,NULL,0,0,0),(134,7,'<p><span lang=\"EN-US\" style=\"font-size: 14.0pt; line-height: 115%; font-family: \'Times New Roman\',serif; mso-fareast-font-family: \'Times New Roman\'; mso-ansi-language: EN-US; mso-fareast-language: RU; mso-bidi-language: AR-SA;\">&ldquo;Xalq hukmi &ndash; Haq hukmi&rdquo;.<br>Tog&lsquo;ay Murodning &ldquo;Yulduzlar mangu yonadi&rdquo; asarida Bo&lsquo;ri polvon ushbu so&lsquo;zlarni aytib, xalqning roziligi bilan kimni qo&lsquo;l chil ishlatganligi uchun davradan chetlashtiradi?</span></p>',NULL,1,1,NULL,NULL,0,0,0),(135,7,'<p><em style=\"mso-bidi-font-style: normal;\"><span lang=\"EN-US\" style=\"font-size: 14.0pt; line-height: 115%; font-family: \'Times New Roman\',serif; mso-fareast-font-family: \'Times New Roman\'; mso-ansi-language: EN-US; mso-fareast-language: RU; mso-bidi-language: AR-SA;\">Chiq jamolingni ochib, to elga husnin sotg&lsquo;ali,<br><span style=\"mso-spacerun: yes;\">&nbsp;&nbsp;&nbsp;&nbsp;&nbsp; </span>Qilmasun olam aro ko&lsquo;p arzi diydor oftob.</span></em><span lang=\"EN-US\" style=\"font-size: 14.0pt; line-height: 115%; font-family: \'Times New Roman\',serif; mso-fareast-font-family: \'Times New Roman\'; mso-ansi-language: EN-US; mso-fareast-language: RU; mso-bidi-language: AR-SA;\"> (Munis)<span style=\"mso-spacerun: yes;\">&nbsp;&nbsp;&nbsp;&nbsp;&nbsp; </span><br>Ushbu baytda quyidagi she&rsquo;riy san&rsquo;atlardan nechtasi qo&lsquo;llangan? <br>1. ta&rsquo;did 2. tarse&rsquo; 3. tashxis 4. tanosib. <br>5. ruju </span></p>',NULL,1,1,NULL,NULL,0,0,0),(136,4,'<p class=\"MsoNormal\">She ______ Italy.</p>',NULL,1,1,NULL,NULL,0,0,0),(137,4,'<p class=\"MsoNormal\"><span style=\"font-family: Times New Roman;\">&ldquo;_____ her name Eliza?&rdquo;</span><o:p></o:p></p>\r\n<p class=\"MsoNormal\"><span style=\"font-family: Times New Roman;\">&ldquo;No, _____ .&rdquo;</span><o:p></o:p></p>',NULL,1,1,NULL,NULL,0,0,0),(138,7,'<p><span lang=\"EN-US\" style=\"font-size: 14.0pt; line-height: 115%; font-family: \'Times New Roman\',serif; mso-fareast-font-family: \'Times New Roman\'; mso-ansi-language: EN-US; mso-fareast-language: RU; mso-bidi-language: AR-SA;\">Tarkibidagi jarangsiz undoshni jarangli jufti bilan almashtirib yangi ma&rsquo;noli so&lsquo;z hosil qilish mumkin bo&lsquo;lgan paronim so&lsquo;zlar qatorini aniqlang. </span></p>',NULL,1,1,NULL,NULL,0,0,0),(139,7,'<p><span lang=\"EN-US\" style=\"font-size: 14.0pt; line-height: 115%; font-family: \'Times New Roman\',serif; mso-fareast-font-family: \'Times New Roman\'; mso-ansi-language: EN-US; mso-fareast-language: RU; mso-bidi-language: AR-SA;\">Quyidagi qaysi so&lsquo;zlardagi nuqtalar o&lsquo;rnida sirg&lsquo;aluvchi, jarangsiz, lab-tish undoshi yoziladi? <br><em style=\"mso-bidi-font-style: normal;\">1) ta...silot; 2) ta...sir; 3) ta&hellip;siflamoq; 4) ta...tish; <br>5) ta...siyanoma </em></span></p>',NULL,1,1,NULL,NULL,0,0,0),(140,7,'<p><em style=\"mso-bidi-font-style: normal;\"><span lang=\"EN-US\" style=\"font-size: 14.0pt; line-height: 115%; font-family: \'Times New Roman\',serif; mso-fareast-font-family: \'Times New Roman\'; mso-ansi-language: EN-US; mso-fareast-language: RU; mso-bidi-language: AR-SA;\">Bu yerga termulib parishon <u>dunyo</u>, <br>To&lsquo;g&lsquo;rilab oladi qo&lsquo;lda soatin.</span></em><strong style=\"mso-bidi-font-weight: normal;\"><span lang=\"EN-US\" style=\"font-size: 14.0pt; line-height: 115%; font-family: \'Times New Roman\',serif; mso-fareast-font-family: \'Times New Roman\'; mso-ansi-language: EN-US; mso-fareast-language: RU; mso-bidi-language: AR-SA;\"> (A. Oripov)</span></strong><span lang=\"EN-US\" style=\"font-size: 14.0pt; line-height: 115%; font-family: \'Times New Roman\',serif; mso-fareast-font-family: \'Times New Roman\'; mso-ansi-language: EN-US; mso-fareast-language: RU; mso-bidi-language: AR-SA;\"><br>Ushbu misralarda ostiga chizilgan so&lsquo;zda qanday ma&rsquo;no ko&lsquo;chishi mavjud? </span></p>',NULL,1,1,NULL,NULL,0,0,0),(141,7,'<p><span lang=\"EN-US\" style=\"font-size: 14.0pt; line-height: 115%; font-family: \'Times New Roman\',serif; mso-fareast-font-family: \'Times New Roman\'; mso-ansi-language: EN-US; mso-fareast-language: RU; mso-bidi-language: AR-SA;\">Qaysi javobda berilgan gaplar juftligida o&lsquo;zaro ma&rsquo;nodosh so&lsquo;zlar qatnashgan? </span></p>',NULL,1,1,NULL,NULL,0,0,0),(142,7,'<p><span lang=\"EN-US\" style=\"font-size: 14.0pt; line-height: 115%; font-family: \'Times New Roman\',serif; mso-fareast-font-family: \'Times New Roman\'; mso-ansi-language: EN-US; mso-fareast-language: RU; mso-bidi-language: AR-SA;\">Quyida keltirilgan gapda qaysi o&lsquo;rinlarda vergul tinish belgisi ishlatiladi? <br>Qiz avval qo&lsquo;rqdi (1) otasi uning Sidiqjon bilan so&lsquo;zlashib turganini emas (2) boqqa tushganini bilsa ham (3) terisiga somon tiqadi (4) bu xususda otasining qamchisidan qon tomar edi (5) keyin yangi bir olamga kirib (6) otasining qamchisini ham (7) jingul ostida pusib yotgan kurk tovuqni ham unutdi.<br style=\"mso-special-character: line-break;\"><!--[endif]--></span></p>',NULL,1,1,NULL,NULL,0,0,0),(143,4,'<p class=\"MsoNormal\">Is your surname Anderson?</p>',NULL,1,1,NULL,NULL,0,0,0),(144,5,'<p><span lang=\"EN-US\" style=\"font-size: 12.0pt; line-height: 115%; font-family: \'Times New Roman\',serif; mso-fareast-font-family: Calibri; mso-fareast-theme-font: minor-latin; mso-ansi-language: EN-US; mso-fareast-language: EN-US; mso-bidi-language: AR-SA;\"><span style=\"mso-spacerun: yes;\"><math xmlns=\"http://www.w3.org/1998/Math/MathML\"><mi>y</mi><mo>&#160;</mo><mo>=</mo><mo>&#160;</mo><msup><mrow><mo>(</mo><msup><mi>x</mi><mn>2</mn></msup><mo>&#160;</mo><mo>+</mo><mo>&#160;</mo><mi>x</mi><mo>&#160;</mo><mo>+</mo><mo>&#160;</mo><mn>5</mn><mo>)</mo></mrow><mn>3</mn></msup><mo>&#160;</mo><mo>+</mo><msup><mrow><mo>(</mo><mpadded lspace=\"-1px\"><msup><mi>x</mi><mn>2</mn></msup><mo>&#160;</mo></mpadded><mo>+</mo><mo>&#160;</mo><mi>x</mi><mo>&#160;</mo><mo>+</mo><mo>&#160;</mo><mn>6</mn><mo>)</mo></mrow><mn>2</mn></msup><mo>&#160;</mo><mo>+</mo><mo>&#160;</mo><msup><mi>x</mi><mn>2</mn></msup><mo>&#160;</mo><mo>+</mo><mo>&#160;</mo><mi>x</mi></math>&nbsp;</span>ifodani&nbsp;<math xmlns=\"http://www.w3.org/1998/Math/MathML\"><msup><mi>x</mi><mn>2</mn></msup><mo>&#160;</mo><mo>+</mo><mo>&#160;</mo><mi>x</mi><mo>&#160;</mo><mo>+</mo><mn>3</mn></math></span><span lang=\"EN-US\" style=\"font-size: 12.0pt; line-height: 115%; font-family: \'Times New Roman\',serif; mso-fareast-font-family: Calibri; mso-fareast-theme-font: minor-latin; mso-ansi-language: EN-US; mso-fareast-language: EN-US; mso-bidi-language: AR-SA;\"><span style=\"mso-spacerun: yes;\">&nbsp;</span>ga bo&lsquo;lgandagi qoldiqni toping.</span></p>',NULL,1,1,NULL,NULL,0,0,0),(145,5,'<p><span lang=\"EN-US\" style=\"font-size: 12.0pt; line-height: 115%; font-family: \'Times New Roman\',serif; mso-fareast-font-family: Calibri; mso-fareast-theme-font: minor-latin; mso-ansi-language: EN-US; mso-fareast-language: EN-US; mso-bidi-language: AR-SA;\"><span style=\"mso-spacerun: yes;\">&nbsp; 1*2*3*4*5* ..... *2001 </span>ko&lsquo;paytmada 5 nechta qatnashgan? </span></p>',NULL,1,1,NULL,NULL,0,0,0),(146,5,'<p><span lang=\"EN-US\" style=\"font-size: 12.0pt; line-height: 115%; font-family: \'Times New Roman\',serif; mso-fareast-font-family: Calibri; mso-fareast-theme-font: minor-latin; mso-ansi-language: EN-US; mso-fareast-language: EN-US; mso-bidi-language: AR-SA;\"><span style=\"mso-spacerun: yes;\"><math xmlns=\"http://www.w3.org/1998/Math/MathML\"><mfrac><mrow><mn>5</mn><mi>n</mi><mo>-</mo><mn>3</mn></mrow><mrow><mi>n</mi><mo>-</mo><mn>2</mn></mrow></mfrac></math>&nbsp; </span>ko&lsquo;paytmada 5 nechta qatnashgan? </span></p>',NULL,1,1,NULL,NULL,0,0,0),(147,5,'<p><span lang=\"EN-US\" style=\"font-size: 12.0pt; line-height: 115%; font-family: \'Times New Roman\',serif; mso-fareast-font-family: Calibri; mso-fareast-theme-font: minor-latin; mso-ansi-language: EN-US; mso-fareast-language: EN-US; mso-bidi-language: AR-SA;\"><span style=\"mso-spacerun: yes;\">&nbsp;</span>Proportsiyaning noma&lsquo;lum hadini toping.<span style=\"mso-spacerun: yes;\">&nbsp; &nbsp; &nbsp; &nbsp;<math xmlns=\"http://www.w3.org/1998/Math/MathML\"><mfrac><mrow><mn>2</mn><mstyle displaystyle=\"true\"><mfrac><mn>2</mn><mn>7</mn></mfrac></mstyle><mo>*</mo><mo>(</mo><mo>-</mo><mn>2</mn><mo>,</mo><mn>6</mn><mo>)</mo><mo>*</mo><mn>3</mn><mo>,</mo><mn>5</mn></mrow><mn>4</mn></mfrac><mo>=</mo><mfrac><mrow><mfrac><mn>4</mn><mn>13</mn></mfrac><mo>*</mo><mo>(</mo><mo>-</mo><mn>3</mn><mo>,</mo><mn>9</mn><mo>)</mo><mo>*</mo><mn>3</mn><mo>,</mo><mn>25</mn></mrow><mi>x</mi></mfrac></math></span><span style=\"position: relative; top: 12.0pt; mso-text-raise: -12.0pt;\"><!--[endif]--></span><!-- [if gte mso 9]><xml>\r\n <o:OLEObject Type=\"Embed\" ProgID=\"Equation.3\" ShapeID=\"_x0000_i1025\"\r\n  DrawAspect=\"Content\" ObjectID=\"_1780504281\">\r\n </o:OLEObject>\r\n</xml><![endif]--></span></p>',NULL,1,1,NULL,NULL,0,0,0),(148,5,'<p><span lang=\"EN-US\" style=\"font-size: 12.0pt; line-height: 115%; font-family: \'Times New Roman\',serif; mso-fareast-font-family: Calibri; mso-fareast-theme-font: minor-latin; mso-ansi-language: EN-US; mso-fareast-language: EN-US; mso-bidi-language: AR-SA;\">800 kg<span style=\"mso-spacerun: yes;\">&nbsp; </span>mevaning tarkibida 80 % suv bor .Bir necha kundan keyin mevaning og&lsquo;irligi 500 kg ga tushdi.</span><span lang=\"EN-US\" style=\"font-size: 12.0pt; line-height: 115%; font-family: \'Times New Roman\',serif; mso-fareast-font-family: Calibri; mso-fareast-theme-font: minor-latin; mso-ansi-language: UZ-CYR; mso-fareast-language: EN-US; mso-bidi-language: AR-SA;\"> </span><span lang=\"EN-US\" style=\"font-size: 12.0pt; line-height: 115%; font-family: \'Times New Roman\',serif; mso-fareast-font-family: Calibri; mso-fareast-theme-font: minor-latin; mso-ansi-language: EN-US; mso-fareast-language: EN-US; mso-bidi-language: AR-SA;\">Tarkibida necha % suv qoldi<span style=\"mso-spacerun: yes;\">&nbsp;&nbsp;&nbsp;&nbsp; </span></span></p>',NULL,1,1,NULL,NULL,0,0,0),(149,4,'<p class=\"MsoNormal\">&nbsp;<span style=\"font-family: Times New Roman;\">&ldquo;Is she American?&rdquo;</span><o:p></o:p></p>\r\n<p class=\"MsoNormal\"><span style=\"font-family: Times New Roman;\">&ldquo;No, _____ .&rdquo;</span><o:p></o:p></p>',NULL,1,1,NULL,NULL,0,0,0),(150,5,'<p><span lang=\"EN-US\" style=\"font-size: 12.0pt; line-height: 115%; font-family: \'Times New Roman\',serif; mso-fareast-font-family: Calibri; mso-fareast-theme-font: minor-latin; mso-ansi-language: EN-US; mso-fareast-language: EN-US; mso-bidi-language: AR-SA;\"><span style=\"mso-spacerun: yes;\"><math xmlns=\"http://www.w3.org/1998/Math/MathML\"><mfrac><mrow><msup><mn>2</mn><mn>19</mn></msup><mo>&#160;</mo><mo>*</mo><mo>&#160;</mo><msup><mn>27</mn><mn>3</mn></msup><mo>&#160;</mo><mo>+</mo><mo>&#160;</mo><mn>15</mn><mo>&#160;</mo><mo>*</mo><mo>&#160;</mo><msup><mn>4</mn><mn>9</mn></msup><mo>&#160;</mo><mo>*</mo><mo>&#160;</mo><msup><mn>9</mn><mn>4</mn></msup><mo>&#160;</mo></mrow><mrow><msup><mn>6</mn><mn>9</mn></msup><mo>&#160;</mo><mo>*</mo><mo>&#160;</mo><msup><mn>2</mn><mn>10</mn></msup><mo>&#160;</mo><mo>+</mo><mo>&#160;</mo><msup><mn>12</mn><mn>10</mn></msup></mrow></mfrac><mspace linebreak=\"newline\"/></math>&nbsp;</span>ni hisoblang.<span style=\"mso-spacerun: yes;\">&nbsp;&nbsp;</span></span></p>',NULL,1,1,NULL,NULL,0,0,0),(151,4,'<p class=\"MsoNormal\"><span style=\"font-family: Times New Roman;\">&ldquo;____ their names Jack &amp; Benny?&rdquo;</span><o:p></o:p></p>\r\n<p class=\"MsoNormal\"><span style=\"font-family: Times New Roman;\">&ldquo;Yes, _____ .&rdquo;</span><o:p></o:p></p>',NULL,1,1,NULL,NULL,0,0,0),(152,4,'<p class=\"MsoNormal\"><span style=\"font-family: Times New Roman;\">&ldquo;Is your dog 2 years old?&rdquo;</span><o:p></o:p></p>\r\n<p class=\"MsoNormal\"><span style=\"font-family: Times New Roman;\">&ldquo;Yes, _____ .&rdquo;</span><o:p></o:p></p>',NULL,1,1,NULL,NULL,0,0,0),(153,4,'<p class=\"MsoNormal\"><span style=\"font-family: Times New Roman;\">&ldquo;Is your elder brother married?&rdquo;</span><o:p></o:p></p>\r\n<p class=\"MsoNormal\"><span style=\"font-family: Times New Roman;\">&ldquo;No, _____ .&rdquo;</span><o:p></o:p></p>',NULL,1,1,NULL,NULL,0,0,0),(154,5,'<p><span lang=\"EN-US\" style=\"font-size: 12.0pt; line-height: 115%; font-family: \'Times New Roman\',serif; mso-fareast-font-family: Calibri; mso-fareast-theme-font: minor-latin; mso-ansi-language: EN-US; mso-fareast-language: EN-US; mso-bidi-language: AR-SA;\"><math xmlns=\"http://www.w3.org/1998/Math/MathML\"><mo>(</mo><mfrac><mrow><mn>3</mn><mi>a</mi></mrow><mrow><mi>a</mi><mo>-</mo><mn>4</mn></mrow></mfrac><mo>&#160;</mo><mo>+</mo><mo>&#160;</mo><mfrac><mrow><mn>10</mn><mi>a</mi></mrow><mrow><msup><mi>a</mi><mn>2</mn></msup><mo>&#160;</mo><mo>-</mo><mo>&#160;</mo><mn>8</mn><mi>a</mi><mo>&#160;</mo><mo>+</mo><mn>16</mn></mrow></mfrac><mo>)</mo><mo>&#160;</mo><mo>&#247;</mo><mfrac><mrow><mn>3</mn><mi>a</mi><mo>-</mo><mn>2</mn></mrow><mrow><msup><mi>a</mi><mn>2</mn></msup><mo>&#160;</mo><mo>-</mo><mo>&#160;</mo><mn>16</mn></mrow></mfrac><mo>&#160;</mo><mo>-</mo><mo>&#160;</mo><mfrac><mrow><mn>4</mn><mo>(</mo><mi>a</mi><mo>+</mo><mn>4</mn><mo>)</mo></mrow><mrow><mi>a</mi><mo>-</mo><mn>4</mn></mrow></mfrac><mo>&#160;</mo><mo>-</mo><mo>&#160;</mo><mi>a</mi></math><span style=\"mso-spacerun: yes;\">&nbsp;</span>ni soddalashtiring.</span></p>',NULL,1,1,NULL,NULL,0,0,0),(155,4,'<p class=\"MsoNormal\">&nbsp;<span style=\"font-family: Times New Roman;\">&ldquo;Are you from Senegal?&rdquo;</span><o:p></o:p></p>\r\n<p class=\"MsoNormal\"><span style=\"font-family: Times New Roman;\">&ldquo;No, _____ .&rdquo;</span><o:p></o:p></p>',NULL,1,1,NULL,NULL,0,0,0),(156,4,'<p class=\"MsoNormal\">&nbsp;<span style=\"font-family: Times New Roman;\">&ldquo;_____ Martha English?&rdquo;</span><o:p></o:p></p>\r\n<p class=\"MsoNormal\"><span style=\"font-family: Times New Roman;\">&ldquo;Yes, she _____ .&rdquo;</span><o:p></o:p></p>',NULL,1,1,NULL,NULL,0,0,0),(157,5,'<p class=\"MsoNormal\" style=\"line-height: normal;\"><span lang=\"EN-US\" style=\"font-size: 12.0pt; font-family: \'Times New Roman\',serif; mso-ansi-language: EN-US;\">Hisoblang.<span style=\"mso-spacerun: yes;\">&nbsp; <math xmlns=\"http://www.w3.org/1998/Math/MathML\"><mo>(</mo><mn>1</mn><mo>-</mo><mfrac><mn>1</mn><msup><mn>5</mn><mn>2</mn></msup></mfrac><mo>)</mo><mo>*</mo><mo>(</mo><mn>1</mn><mo>-</mo><mfrac><mn>1</mn><msup><mn>6</mn><mn>2</mn></msup></mfrac><mo>)</mo><mo>*</mo><mo>&#160;</mo><mo>.</mo><mo>.</mo><mo>.</mo><mo>&#160;</mo><mo>*</mo><mo>&#160;</mo><mo>(</mo><mn>1</mn><mo>-</mo><mfrac><mn>1</mn><msup><mn>103</mn><mn>2</mn></msup></mfrac><mo>)</mo></math></span><span style=\"mso-spacerun: yes;\">&nbsp;</span></span><o:p></o:p></p>',NULL,1,1,NULL,NULL,0,0,0),(158,4,'<p class=\"MsoNormal\">&nbsp;<span style=\"font-family: Times New Roman;\">&ldquo;_____ her surname Smith?&rdquo;</span><o:p></o:p></p>\r\n<p class=\"MsoNormal\"><span style=\"font-family: Times New Roman;\">&ldquo;No, it _____ .&rdquo;</span><o:p></o:p></p>',NULL,1,1,NULL,NULL,0,0,0),(159,4,'<p class=\"MsoNormal\"><span style=\"font-family: Times New Roman;\">&ldquo;Are you a student?&rdquo;</span><o:p></o:p></p>\r\n<p class=\"MsoNormal\"><span style=\"font-family: Times New Roman;\">&ldquo;Yes, I _____ .&rdquo;</span><o:p></o:p></p>',NULL,1,1,NULL,NULL,0,0,0),(160,5,'<p><span lang=\"EN-US\" style=\"font-size: 12.0pt; line-height: 115%; font-family: \'Times New Roman\',serif; mso-fareast-font-family: Calibri; mso-fareast-theme-font: minor-latin; mso-ansi-language: EN-US; mso-fareast-language: EN-US; mso-bidi-language: AR-SA;\">Hovuz birinchi quvur orqali a soatda, ikkinchisi orqali b soatda to&lsquo;ladi. Agar bir vaqtda ikkala quvur ochib qo&lsquo;yilsa, hovuz necha soatda to&lsquo;ladi?</span></p>',NULL,1,1,NULL,NULL,0,0,0),(161,14,'<p class=\"MsoNormal\"><span style=\"font-family: Times New Roman;\">Колон в период Римской империи это&hellip;</span></p>',NULL,1,1,NULL,NULL,0,0,0),(162,5,'<p><span lang=\"EN-US\" style=\"font-size: 12.0pt; line-height: 115%; font-family: \'Times New Roman\',serif; mso-fareast-font-family: Calibri; mso-fareast-theme-font: minor-latin; mso-ansi-language: EN-US; mso-fareast-language: EN-US; mso-bidi-language: AR-SA;\"><span style=\"mso-spacerun: yes;\"><math xmlns=\"http://www.w3.org/1998/Math/MathML\"><mn>30</mn><mo>*</mo><mn>2</mn><mo>*</mo><msup><mn>4</mn><mn>19</mn></msup><mo>*</mo><msup><mn>5</mn><mn>38</mn></msup></math>&nbsp;</span>ko&lsquo;paytmaning qiymati necha xonali son bo&lsquo;ladi?</span></p>',NULL,1,1,NULL,NULL,0,0,0),(163,5,'<p><span lang=\"EN-US\" style=\"font-size: 12.0pt; line-height: 115%; font-family: \'Times New Roman\',serif; mso-fareast-font-family: Calibri; mso-fareast-theme-font: minor-latin; mso-ansi-language: EN-US; mso-fareast-language: EN-US; mso-bidi-language: AR-SA;\">Kasrlarni ayiring:&nbsp;<math xmlns=\"http://www.w3.org/1998/Math/MathML\"><mfrac><mrow><mn>9</mn><msup><mi>x</mi><mn>2</mn></msup><mo>&#160;</mo><mo>+</mo><mo>&#160;</mo><mn>16</mn></mrow><mrow><mn>27</mn><msup><mi>x</mi><mn>3</mn></msup><mo>&#160;</mo><mo>-</mo><mo>&#160;</mo><mn>64</mn></mrow></mfrac><mo>&#160;</mo><mo>-</mo><mo>&#160;</mo><mfrac><mn>1</mn><mrow><mn>3</mn><mi>x</mi><mo>&#160;</mo><mo>+</mo><mo>&#160;</mo><mn>4</mn></mrow></mfrac></math></span></p>',NULL,1,1,NULL,NULL,0,0,0),(164,5,'<p class=\"MsoNormal\" style=\"line-height: normal;\"><span lang=\"EN-US\" style=\"font-size: 12.0pt; font-family: \'Times New Roman\',serif; mso-ansi-language: EN-US;\">Agar ABC uchburchakning burchaklari<span style=\"mso-spacerun: yes;\">&nbsp; &lt;A: &lt;B: &lt;C = 2:3:4</span></span><span lang=\"EN-US\" style=\"font-size: 12.0pt; font-family: \'Times New Roman\',serif; mso-ansi-language: EN-US;\"><span style=\"mso-spacerun: yes;\">&nbsp;</span>shartlarni qanoatlantirsa, uchburchakning qaysi tomoni eng katta?<o:p></o:p></span></p>',NULL,1,1,NULL,NULL,0,0,0),(165,5,'<p><span lang=\"SV\" style=\"font-size: 12.0pt; line-height: 115%; font-family: \'Times New Roman\',serif; mso-fareast-font-family: Calibri; mso-fareast-theme-font: minor-latin; mso-ansi-language: SV; mso-fareast-language: EN-US; mso-bidi-language: AR-SA;\">ABC uchburchakning B va C burchaklari bissektrisalari 1280 burchak ostida kesishadi. A burchakning qiymatini toping.</span></p>',NULL,1,1,NULL,NULL,0,0,0),(166,5,'<p><span lang=\"FR\" style=\"font-size: 12.0pt; line-height: 115%; font-family: \'Times New Roman\',serif; mso-fareast-font-family: Calibri; mso-fareast-theme-font: minor-latin; mso-ansi-language: FR; mso-fareast-language: EN-US; mso-bidi-language: AR-SA;\">.<span style=\"mso-spacerun: yes;\">&nbsp; </span>Ko</span><span lang=\"EN-US\" style=\"font-size: 12.0pt; line-height: 115%; font-family: \'Times New Roman\',serif; mso-fareast-font-family: Calibri; mso-fareast-theme-font: minor-latin; mso-ansi-language: EN-US; mso-fareast-language: EN-US; mso-bidi-language: AR-SA;\">&lsquo;</span><span lang=\"FR\" style=\"font-size: 12.0pt; line-height: 115%; font-family: \'Times New Roman\',serif; mso-fareast-font-family: Calibri; mso-fareast-theme-font: minor-latin; mso-ansi-language: FR; mso-fareast-language: EN-US; mso-bidi-language: AR-SA;\">paytuvchiga ajrating.&nbsp;<math xmlns=\"http://www.w3.org/1998/Math/MathML\"><msup><mi>x</mi><mn>4</mn></msup><mo>&#160;</mo><mo>-</mo><mo>&#160;</mo><mn>3</mn><msup><mi>x</mi><mn>2</mn></msup><mo>&#160;</mo><mo>+</mo><mo>&#160;</mo><mn>1</mn></math></span><span lang=\"FR\" style=\"font-size: 12.0pt; line-height: 115%; font-family: \'Times New Roman\',serif; mso-fareast-font-family: Calibri; mso-fareast-theme-font: minor-latin; mso-ansi-language: FR; mso-fareast-language: EN-US; mso-bidi-language: AR-SA;\"><span style=\"mso-spacerun: yes;\">&nbsp; &nbsp;&nbsp;</span></span></p>',NULL,1,1,NULL,NULL,0,0,0),(167,5,'<p><math xmlns=\"http://www.w3.org/1998/Math/MathML\"><msup><mn>1998</mn><mn>2002</mn></msup><mo>&#160;</mo><mo>+</mo><mo>&#160;</mo><msup><mn>1997</mn><mn>2001</mn></msup></math> <span lang=\"EN-US\" style=\"font-size: 12.0pt; line-height: 115%; font-family: \'Times New Roman\',serif; mso-fareast-font-family: Calibri; mso-fareast-theme-font: minor-latin; mso-ansi-language: EN-US; mso-fareast-language: EN-US; mso-bidi-language: AR-SA;\">yig`indining oxirgi raqamini toping?</span></p>',NULL,1,1,NULL,NULL,0,0,0),(168,5,'<p class=\"MsoNormal\" style=\"line-height: normal;\"><span lang=\"EN-US\" style=\"font-size: 12.0pt; font-family: \'Times New Roman\',serif; mso-ansi-language: EN-US;\">Agar<span style=\"mso-spacerun: yes;\">&nbsp; <math xmlns=\"http://www.w3.org/1998/Math/MathML\"><mfrac><mn>3</mn><mn>10</mn></mfrac><mo>&#160;</mo><mo>+</mo><mo>&#160;</mo><mfrac><mn>5</mn><mn>20</mn></mfrac><mo>&#160;</mo><mo>+</mo><mo>&#160;</mo><mfrac><mn>7</mn><mn>30</mn></mfrac><mo>&#160;</mo><mo>+</mo><mo>&#160;</mo><mfrac><mn>9</mn><mn>40</mn></mfrac><mo>&#160;</mo><mo>=</mo><mo>&#160;</mo><mi>a</mi></math></span></span><span lang=\"EN-US\" style=\"font-size: 12.0pt; font-family: \'Times New Roman\',serif; mso-ansi-language: EN-US;\"><span style=\"mso-spacerun: yes;\">&nbsp;</span>bo&lsquo;lsa,&nbsp;<math xmlns=\"http://www.w3.org/1998/Math/MathML\"><mfrac><mn>2</mn><mn>10</mn></mfrac><mo>&#160;</mo><mo>+</mo><mo>&#160;</mo><mfrac><mn>5</mn><mn>20</mn></mfrac><mo>&#160;</mo><mo>+</mo><mo>&#160;</mo><mfrac><mn>8</mn><mn>30</mn></mfrac><mo>&#160;</mo><mo>+</mo><mo>&#160;</mo><mfrac><mn>11</mn><mn>40</mn></mfrac><mo>&#160;</mo><mo>=</mo><mo>&#160;</mo><mo>?</mo></math></span></p>',NULL,1,1,NULL,NULL,0,0,0),(169,5,'<p><span lang=\"EN-US\" style=\"font-size: 12.0pt; line-height: 115%; font-family: \'Times New Roman\',serif; mso-fareast-font-family: Calibri; mso-fareast-theme-font: minor-latin; mso-ansi-language: EN-US; mso-fareast-language: EN-US; mso-bidi-language: AR-SA;\">ABC uchburchakda A burchak 600 ga, B burchak esa 460 ga teng. Bu uchburchakning C uchidan CD bissektrisa chiqarilgan. BDC burchakni toping.</span></p>',NULL,1,1,NULL,NULL,0,0,0),(170,5,'<p><math xmlns=\"http://www.w3.org/1998/Math/MathML\"><mfrac><mrow><mn>4</mn><msup><mi>a</mi><mn>2</mn></msup><mo>&#160;</mo><mo>-</mo><mo>&#160;</mo><mn>12</mn><mi>a</mi><mi>b</mi><mo>&#160;</mo><mo>+</mo><mo>&#160;</mo><mn>9</mn><msup><mi>b</mi><mn>2</mn></msup></mrow><mrow><mn>2</mn><msup><mi>a</mi><mn>2</mn></msup><mo>&#160;</mo><mo>-</mo><mo>&#160;</mo><mn>5</mn><mi>a</mi><mi>b</mi><mo>&#160;</mo><mo>+</mo><mo>&#160;</mo><mn>3</mn><msup><mi>b</mi><mn>2</mn></msup></mrow></mfrac></math> <span lang=\"EN-US\" style=\"font-size: 12.0pt; line-height: 115%; font-family: \'Times New Roman\',serif; mso-fareast-font-family: Calibri; mso-fareast-theme-font: minor-latin; mso-ansi-language: EN-US; mso-fareast-language: EN-US; mso-bidi-language: AR-SA;\">ni soddalashtiring. </span></p>',NULL,1,1,NULL,NULL,0,0,0),(171,5,'<p><span lang=\"EN-US\" style=\"font-size: 12.0pt; line-height: 115%; font-family: \'Times New Roman\',serif; mso-fareast-font-family: Calibri; mso-fareast-theme-font: minor-latin; mso-ansi-language: EN-US; mso-fareast-language: EN-US; mso-bidi-language: AR-SA;\">24; 18 va 54 sonlari eng kichik umumiy karralisining eng katta umumiy bo`linuvchisiga nisbatini toping?<span style=\"mso-spacerun: yes;\">&nbsp;&nbsp;&nbsp;&nbsp; </span></span></p>',NULL,1,1,NULL,NULL,0,0,0),(172,5,'<p><span lang=\"EN-US\" style=\"font-size: 12.0pt; line-height: 115%; font-family: \'Times New Roman\',serif; mso-fareast-font-family: Calibri; mso-fareast-theme-font: minor-latin; mso-ansi-language: EN-US; mso-fareast-language: EN-US; mso-bidi-language: AR-SA;\">Amallarni bajaring:&nbsp;<math xmlns=\"http://www.w3.org/1998/Math/MathML\"><mfrac><mn>4</mn><mrow><mn>3</mn><mi>a</mi><mo>&#160;</mo><mo>+</mo><mo>&#160;</mo><mn>2</mn><mi>b</mi></mrow></mfrac><mo>&#160;</mo><mo>-</mo><mo>&#160;</mo><mfrac><mn>2</mn><mrow><mn>2</mn><mi>b</mi><mo>&#160;</mo><mo>-</mo><mo>&#160;</mo><mn>3</mn><mi>a</mi></mrow></mfrac><mo>&#160;</mo><mo>+</mo><mo>&#160;</mo><mfrac><mrow><mn>8</mn><mi>b</mi></mrow><mrow><mn>4</mn><msup><mi>b</mi><mn>2</mn></msup><mo>&#160;</mo><mo>-</mo><mo>&#160;</mo><mn>9</mn><msup><mi>a</mi><mn>2</mn></msup></mrow></mfrac><mo>&#160;</mo></math></span></p>',NULL,1,1,NULL,NULL,0,0,0),(173,14,'<p class=\"MsoNormal\"><span style=\"font-family: Times New Roman;\">Наиболее краткое и возможео самое древнее Евангелие </span></p>',NULL,1,1,NULL,NULL,0,0,0),(174,5,'<p><span lang=\"EN-US\" style=\"font-size: 12.0pt; line-height: 115%; font-family: \'Times New Roman\',serif; mso-fareast-font-family: Calibri; mso-fareast-theme-font: minor-latin; mso-ansi-language: EN-US; mso-fareast-language: EN-US; mso-bidi-language: AR-SA;\">Qayiq daryo oqimiga qarshi 4,5 soat va oqim bo&lsquo;yicha 2,1 soat suzdi. Qayiq hammasi bo&lsquo;lib 52,2 km suzdi. Agar daryo oqimining tezligi 3 km/soat bo&lsquo;lsa, qayiqning turg&lsquo;un suvdagi tezligini toping?</span></p>',NULL,1,1,NULL,NULL,0,0,0),(175,5,'<p class=\"MsoNormal\" style=\"line-height: normal;\"><span lang=\"EN-US\" style=\"font-size: 12.0pt; font-family: \'Times New Roman\',serif; mso-ansi-language: EN-US;\">Uchta qutida 119 ta qalam bor. Birinchi qutida ikkinchidagiga qaraganda 4 ta ortiq va uchinchidagiga qaraganda 3 ta kam qalam bor. Ikkinchi qutida nechta qalam bor?<o:p></o:p></span></p>',NULL,1,1,NULL,NULL,0,0,0),(176,14,'<p class=\"MsoNormal\"><span style=\"font-family: Times New Roman;\">Лидером среди городов &ndash; основателей колоний был</span></p>',NULL,1,1,NULL,NULL,0,0,0),(177,5,'<p class=\"MsoNormal\" style=\"line-height: normal;\"><span lang=\"EN-US\" style=\"font-size: 12.0pt; font-family: \'Times New Roman\',serif; mso-ansi-language: EN-US;\">Ikki velosipedchi bir yo&lsquo;ldagi ikkita qishloqdan bir vaqtda bir xil yo&lsquo;nalishda yo&lsquo;lga chiqdi. Ikkinchi velosipedchi oldinda, birinchisi orqada bormoqda. Birinchi velosipedchining tezligi 15 km/soat, ikkinchisiniki esa 12 km/soat. Agar qishloqlar orasidagi masofa 4,5 km bo&lsquo;lsa, birinchi velosipedchi ikkinchisini qancha vaqtda quvib yetadi?<o:p></o:p></span></p>',NULL,1,1,NULL,NULL,0,0,0),(178,14,'<p class=\"MsoNormal\"><span style=\"font-family: Times New Roman;\">Назовите самую известную библиотеку древнего мира</span></p>',NULL,1,1,NULL,NULL,0,0,0),(179,5,'<p class=\"MsoNormal\" style=\"line-height: normal;\"><span lang=\"EN-US\" style=\"font-size: 12.0pt; font-family: \'Times New Roman\',serif; mso-ansi-language: EN-US;\">Bir odam shunday vasiyat qildi: naqd 10 dirham pulim bor. Bir kishiga qarz ham berganman. Qarzning miqdori o&lsquo;g&lsquo;lim oladigan merosga teng. Ikkala o&lsquo;g&lsquo;lim barobar meros olsin. Ukamga jami merosning&nbsp;<math xmlns=\"http://www.w3.org/1998/Math/MathML\"><mfrac><mn>1</mn><mn>5</mn></mfrac></math></span><span lang=\"EN-US\" style=\"font-size: 12.0pt; font-family: \'Times New Roman\',serif; mso-ansi-language: EN-US;\"><span style=\"mso-spacerun: yes;\">&nbsp;</span>qismini va yana 1 dirham beringlar. U kishining ukase necha dirham pul olgan?<o:p></o:p></span></p>',NULL,1,1,NULL,NULL,0,0,0),(180,14,'<p class=\"MsoNormal\"><span style=\"font-family: Times New Roman;\">Кто из ученых эллинисти-ческого мира написал книгу &laquo;Начала&raquo;, служившую учебником по геометрии в течение 2 тыс.?</span></p>',NULL,1,1,NULL,NULL,0,0,0),(181,14,'<p class=\"MsoNormal\"><span style=\"font-family: Times New Roman;\">Кто из ученых высказал догадку о вращении Земли вокруг Солнца?</span></p>',NULL,1,1,NULL,NULL,0,0,0),(182,5,'<p><span lang=\"EN-US\" style=\"font-size: 12.0pt; line-height: 115%; font-family: \'Times New Roman\',serif; mso-fareast-font-family: Calibri; mso-fareast-theme-font: minor-latin; mso-ansi-language: EN-US; mso-fareast-language: EN-US; mso-bidi-language: AR-SA;\">a=2,304, b=2,034, c=2,340 va d=2,043 bo`lsa, a,b,c va d sonlarini ortib boorish tartibida joylashtiring.</span></p>',NULL,1,1,NULL,NULL,0,0,0),(183,14,'<p class=\"MsoNormal\"><span style=\"font-family: Times New Roman;\">Кто из ученых эллинистического мира ввел в науку понятие и слово &nbsp;&laquo;география&raquo;?</span></p>',NULL,1,1,NULL,NULL,0,0,0),(184,5,'<p><span lang=\"EN-US\" style=\"font-size: 12.0pt; line-height: 115%; font-family: \'Times New Roman\',serif; mso-fareast-font-family: Calibri; mso-fareast-theme-font: minor-latin; mso-ansi-language: EN-US; mso-fareast-language: EN-US; mso-bidi-language: AR-SA;\">3sr 87kg ni tonnada ifodalang.</span></p>',NULL,1,1,NULL,NULL,0,0,0),(185,14,'<p class=\"MsoNormal\"><span style=\"font-family: Times New Roman;\">Что понималось в Древней Аттике под словом &nbsp;&laquo;литургии&raquo;?</span></p>',NULL,1,1,NULL,NULL,0,0,0),(186,5,'<p><span lang=\"EN-US\" style=\"font-size: 12.0pt; line-height: 115%; font-family: \'Times New Roman\',serif; mso-fareast-font-family: Calibri; mso-fareast-theme-font: minor-latin; mso-ansi-language: EN-US; mso-fareast-language: EN-US; mso-bidi-language: AR-SA;\">Tenglamani yeching:<span style=\"mso-spacerun: yes;\">&nbsp;&nbsp; </span>x-8=4,03-3,9</span></p>',NULL,1,1,NULL,NULL,0,0,0),(187,14,'<p class=\"MsoNormal\"><span style=\"font-family: Times New Roman;\">С точки зрения государственного управления греческий полис имел</span></p>',NULL,1,1,NULL,NULL,0,0,0),(188,5,'<p><span lang=\"EN-US\">240 sonining&nbsp;&nbsp;15 % ini toping</span></p>',NULL,1,1,NULL,NULL,0,0,0),(189,14,'<p class=\"MsoNormal\"><span style=\"font-family: Times New Roman;\">Назовите годы греко-персидских войн</span></p>',NULL,1,1,NULL,NULL,0,0,0),(190,14,'<p class=\"MsoNormal\"><span style=\"font-family: Times New Roman;\">На сколько периодов подразделяются греко-персидские войны</span></p>',NULL,1,1,NULL,NULL,0,0,0),(191,5,'<p class=\"MsoNormal\" style=\"line-height: normal; tab-stops: 82.5pt 167.5pt center 233.85pt;\"><span lang=\"EN-US\" style=\"font-size: 12.0pt; font-family: \'Times New Roman\',serif; mso-ansi-language: EN-US;\">Amallarni bajaring:<span style=\"mso-spacerun: yes;\">&nbsp; </span>(-48):(-3)+(-15)*4-75:(-3)<o:p></o:p></span></p>',NULL,1,1,NULL,NULL,0,0,0),(192,5,'<p><span lang=\"EN-US\" style=\"font-size: 12.0pt; line-height: 115%; font-family: \'Times New Roman\',serif; mso-fareast-font-family: Calibri; mso-fareast-theme-font: minor-latin; mso-ansi-language: EN-US; mso-fareast-language: EN-US; mso-bidi-language: AR-SA;\">Dinoradagi<span style=\"mso-spacerun: yes;\">&nbsp; </span>100 so`mlik va 200 so`mliklarning umumiy soni 50 ta va ular 8000 so`mni tashkil etadi. Dinorada nechta 100 so`mlik va nechta 200 so`mlik bor?</span></p>',NULL,1,1,NULL,NULL,0,0,0),(193,14,'<p class=\"MsoNormal\"><span style=\"font-family: Times New Roman;\">Сражение у Фермопил против армии персов приняли</span></p>',NULL,1,1,NULL,NULL,0,0,0),(194,5,'<p><span lang=\"EN-US\" style=\"font-size: 12.0pt; line-height: 115%; font-family: \'Times New Roman\',serif; mso-fareast-font-family: Calibri; mso-fareast-theme-font: minor-latin; mso-ansi-language: EN-US; mso-fareast-language: EN-US; mso-bidi-language: AR-SA;\">Kubning barcha qirralari yig`indisi 48 sm ga teng. Kub sirtining yuzini<span style=\"mso-spacerun: yes;\">&nbsp; </span>toping.</span></p>',NULL,1,1,NULL,NULL,0,0,0),(195,14,'<p class=\"MsoNormal\"><span style=\"font-family: Times New Roman;\">Какой полис становится главным в Делосском морском союзе?</span></p>',NULL,1,1,NULL,NULL,0,0,0),(196,14,'<p class=\"MsoNormal\"><span style=\"font-family: Times New Roman;\">Основной функцией народного собрания в Афинах было</span></p>',NULL,1,1,NULL,NULL,0,0,0),(197,14,'<p class=\"MsoNormal\"><span style=\"font-family: Times New Roman;\">Хейротония &ndash; это...</span></p>',NULL,1,1,NULL,NULL,0,0,0),(198,14,'<p class=\"MsoNormal\"><span style=\"font-family: Times New Roman;\">Что значит подвергнуться остракизму?</span></p>',NULL,1,1,NULL,NULL,0,0,0),(199,14,'<p class=\"MsoNormal\"><span style=\"font-family: Times New Roman;\">Стратеги &ndash; это...</span></p>',NULL,1,1,NULL,NULL,0,0,0),(200,14,'<p class=\"MsoNormal\"><span style=\"font-family: Times New Roman;\">Справлением &nbsp;какого правителя связан расцвет Афинской демократии </span></p>',NULL,1,1,NULL,NULL,0,0,0),(201,14,'<p class=\"MsoNormal\"><span style=\"font-family: Times New Roman;\">Причинами Пелопоннесской войны были</span></p>',NULL,1,1,NULL,NULL,0,0,0),(202,14,'<p class=\"MsoNormal\"><span style=\"font-family: Times New Roman;\">Что такое фреска?</span></p>',NULL,1,1,NULL,NULL,0,0,0),(203,14,'<p class=\"MsoNormal\"><span style=\"font-family: Times New Roman;\">Назовите годы Архидамовой войны периода Пелопоннесских войн</span></p>',NULL,1,1,NULL,NULL,0,0,0),(204,14,'<p class=\"MsoNormal\"><span style=\"font-family: Times New Roman;\">Главным итогом Пелопоннесской войны стало</span></p>',NULL,1,1,NULL,NULL,0,0,0),(205,14,'<p class=\"MsoNormal\"><span style=\"font-family: Times New Roman;\">Христианство возникло примерно в</span></p>',NULL,1,1,NULL,NULL,0,0,0),(206,14,'<p class=\"MsoNormal\"><span style=\"font-family: Times New Roman;\">В каком веке, по мнению историков, Гомер написал свои поэмы &ldquo;Илиада&rdquo; и &ldquo;Одисея&rdquo;?</span></p>',NULL,1,1,NULL,NULL,0,0,0),(207,14,'<p>Что означает понятие &laquo;басилей&raquo;</p>',NULL,1,1,NULL,NULL,0,0,0),(208,14,'<p class=\"MsoNormal\"><span style=\"font-family: Times New Roman;\">Содержание понятия полиса в классический период</span></p>',NULL,1,1,NULL,NULL,0,0,0),(209,14,'<p class=\"MsoNormal\"><span style=\"font-family: Times New Roman;\">Социальной основой полиса в гомеровский период являлись</span></p>',NULL,1,1,NULL,NULL,0,0,0),(210,14,'<p class=\"MsoNormal\"><span style=\"font-family: Times New Roman;\">Что такое филы и фратрии?</span></p>',NULL,1,1,NULL,NULL,0,0,0),(211,14,'<p>​В каком году А. Гитлер стал Рейхсканцлером Германии?</p>',NULL,1,1,NULL,NULL,0,0,0),(212,14,'<p>​Укажите правильное определения термина &laquo;апартеид&raquo;?</p>',NULL,1,1,NULL,NULL,0,0,0),(213,14,'<p>​На какой основе был образован Южно-Африканской союз в 1910 году?</p>',NULL,1,1,NULL,NULL,0,0,0),(214,14,'<p>​Когда был объявлен \"Закон об всеобщей мобилизации нации\" в Японии?</p>',NULL,1,1,NULL,NULL,0,0,0),(215,14,'<p>​Кто стал первым президентом Турции после революции 1921 года ?</p>',NULL,1,1,NULL,NULL,0,0,0),(216,14,'<p>По экономическом плану Дауэса предусматривалось.</p>',NULL,1,1,NULL,NULL,0,0,0),(217,14,'<p>​После I-Мировой войны Австро-Венгрия распалась на несколько государств. Какое государство было образовало в результате этого распада?</p>',NULL,1,1,NULL,NULL,0,0,0),(218,9,'<p class=\"15\"><!-- [if !supportLists]--><span style=\"font-family: Times New Roman;\">Ботаника &ndash; это наука о&hellip;</span><o:p></o:p></p>',NULL,1,1,NULL,NULL,0,0,0),(221,13,'<p class=\"MsoNormal\">A- Hello, what ______ your name?</p>',NULL,1,1,NULL,NULL,0,0,0),(222,13,'<p>______ name is John. And my ______ is Johnson.</p>',NULL,1,1,NULL,NULL,0,0,0),(223,13,'<p class=\"MsoNormal\">My name is Lisa. ______ Lisa Peterson.</p>',NULL,1,1,NULL,NULL,0,0,0),(224,13,'<p class=\"MsoNormal\">______ name is Apple. ______ Ann Apple.</p>',NULL,1,1,NULL,NULL,0,0,0),(225,13,'<p class=\"MsoNormal\"><span style=\"font-family: Times New Roman;\">&ldquo;Where ______ John from?&rdquo; &ldquo;______ from the US.&rdquo;</span></p>',NULL,1,1,NULL,NULL,0,0,0),(226,13,'<p class=\"MsoNormal\">______ are you from? Japan.</p>',NULL,1,1,NULL,NULL,0,0,0),(227,13,'<p class=\"MsoNormal\">Where ______ you ______ ?</p>',NULL,1,1,NULL,NULL,0,0,0),(228,13,'<p class=\"MsoNormal\">&nbsp;______ from Spain. I&rsquo;m Rodriguez .</p>',NULL,1,1,NULL,NULL,0,0,0),(229,13,'<p class=\"MsoNormal\">Pierre is a French boy. ______ from ______ .</p>',NULL,1,1,NULL,NULL,0,0,0),(230,13,'<p class=\"MsoNormal\">Lisa and Max are Americans. ______ from U.S.A.</p>',NULL,1,1,NULL,NULL,0,0,0),(231,13,'<p class=\"MsoNormal\"><span style=\"font-family: Times New Roman;\">&ldquo;What ____ their _____?&rdquo;<br></span></p>\r\n<p class=\"MsoNormal\"><span style=\"font-family: Times New Roman;\">&ldquo;Alexander and Philip.&rdquo;</span><o:p></o:p></p>\r\n<p class=\"MsoNormal\"><span style=\"font-family: Times New Roman;\">&nbsp;</span></p>',NULL,1,1,NULL,NULL,0,0,0),(232,13,'<p class=\"MsoNormal\">I ______ 22 years old, but Andrew ______ 20.</p>',NULL,1,1,NULL,NULL,0,0,0),(233,13,'<p class=\"MsoNormal\">Mark______ 19, but Brian and Denis ______ 26 and 28.</p>',NULL,1,1,NULL,NULL,0,0,0),(234,13,'<p class=\"MsoNormal\"><span style=\"font-family: Times New Roman;\">&ldquo;What ______ this?&rdquo;</span><o:p></o:p></p>\r\n<p class=\"MsoNormal\"><span style=\"font-family: Times New Roman;\">&ldquo;It&rsquo;s ______ umbrella.&rdquo;</span></p>',NULL,1,1,NULL,NULL,0,0,0),(235,13,'<p class=\"MsoNormal\">Oxford is ______ English university.</p>',NULL,1,1,NULL,NULL,0,0,0),(236,13,'<p class=\"MsoNormal\">Toyotas ______ Japanese ______ .</p>',NULL,1,1,NULL,NULL,0,0,0),(237,13,'<p class=\"MsoNormal\"><span style=\"font-family: Times New Roman;\">&ldquo;What is ______ ?&rdquo;</span><o:p></o:p></p>\r\n<p class=\"MsoNormal\"><span style=\"font-family: Times New Roman;\">&ldquo;She is a bank manager.&rdquo;</span><o:p></o:p></p>',NULL,1,1,NULL,NULL,0,0,0),(238,13,'<p class=\"MsoNormal\">&nbsp;0/2/11/18/20 Find the correct alternative.</p>',NULL,1,1,NULL,NULL,0,0,0),(239,13,'<p class=\"MsoNormal\"><span style=\"font-family: Times New Roman;\">&ldquo;How old is your aunt?&rdquo;</span><o:p></o:p></p>\r\n<p class=\"MsoNormal\"><span style=\"font-family: Times New Roman;\">&ldquo;______ is 29.&rdquo;</span><o:p></o:p></p>',NULL,1,1,NULL,NULL,0,0,0),(240,13,'<p class=\"MsoNormal\"><span style=\"font-family: Times New Roman;\">&ldquo;Where ______ she from?&rdquo;</span><o:p></o:p></p>\r\n<p class=\"MsoNormal\"><span style=\"font-family: Times New Roman;\">&ldquo;She ______ from Japan.&rdquo;</span><o:p></o:p></p>',NULL,1,1,NULL,NULL,0,0,0),(241,13,'<p class=\"MsoNormal\">This ______ my friend. ______ name&rsquo;s Richard.</p>',NULL,1,1,NULL,NULL,0,0,0),(242,13,'<p class=\"MsoNormal\">They ______ Lisa and Max. They ______ from the USA.</p>',NULL,1,1,NULL,NULL,0,0,0),(243,13,'<p class=\"MsoNormal\"><span style=\"font-family: Times New Roman;\">&ldquo;What is ______ name?&rdquo; &ldquo;My name&rsquo;s Carlos.&rdquo;</span></p>',NULL,1,1,NULL,NULL,0,0,0),(244,13,'<p class=\"MsoNormal\">This is my sister. ______ name is Laura.<o:p></o:p></p>',NULL,1,1,NULL,NULL,0,0,0),(245,13,'<p class=\"MsoNormal\">I have ______ brother. ______ name is David</p>',NULL,1,1,NULL,NULL,0,0,0),(246,13,'<p class=\"MsoNormal\">Hello! My ___ ___ Maria. I ___ ___ Mexico.<o:p></o:p></p>',NULL,1,1,NULL,NULL,0,0,0),(247,13,'<p class=\"MsoNormal\">Is Catherine ______ sister?</p>',NULL,1,1,NULL,NULL,0,0,0),(248,13,'<p class=\"MsoNormal\">We ______ students.</p>',NULL,1,1,NULL,NULL,0,0,0),(249,13,'<p class=\"MsoNormal\">I ______ student.</p>',NULL,1,1,NULL,NULL,0,0,0),(250,13,'<p class=\"MsoNormal\">She ______ Italy.</p>',NULL,1,1,NULL,NULL,0,0,0),(251,13,'<p class=\"MsoNormal\"><span style=\"font-family: Times New Roman;\">&ldquo;_____ her name Eliza?&rdquo;</span><o:p></o:p></p>\r\n<p class=\"MsoNormal\"><span style=\"font-family: Times New Roman;\">&ldquo;No, _____ .&rdquo;</span><o:p></o:p></p>',NULL,1,1,NULL,NULL,0,0,0),(252,13,'<p class=\"MsoNormal\">Is your surname Anderson?</p>',NULL,1,1,NULL,NULL,0,0,0),(253,13,'<p class=\"MsoNormal\">&nbsp;<span style=\"font-family: Times New Roman;\">&ldquo;Is she American?&rdquo;</span><o:p></o:p></p>\r\n<p class=\"MsoNormal\"><span style=\"font-family: Times New Roman;\">&ldquo;No, _____ .&rdquo;</span><o:p></o:p></p>',NULL,1,1,NULL,NULL,0,0,0),(254,13,'<p class=\"MsoNormal\"><span style=\"font-family: Times New Roman;\">&ldquo;____ their names Jack &amp; Benny?&rdquo;</span><o:p></o:p></p>\r\n<p class=\"MsoNormal\"><span style=\"font-family: Times New Roman;\">&ldquo;Yes, _____ .&rdquo;</span><o:p></o:p></p>',NULL,1,1,NULL,NULL,0,0,0),(255,13,'<p class=\"MsoNormal\"><span style=\"font-family: Times New Roman;\">&ldquo;Is your dog 2 years old?&rdquo;</span><o:p></o:p></p>\r\n<p class=\"MsoNormal\"><span style=\"font-family: Times New Roman;\">&ldquo;Yes, _____ .&rdquo;</span><o:p></o:p></p>',NULL,1,1,NULL,NULL,0,0,0),(256,13,'<p class=\"MsoNormal\"><span style=\"font-family: Times New Roman;\">&ldquo;Is your elder brother married?&rdquo;</span><o:p></o:p></p>\r\n<p class=\"MsoNormal\"><span style=\"font-family: Times New Roman;\">&ldquo;No, _____ .&rdquo;</span><o:p></o:p></p>',NULL,1,1,NULL,NULL,0,0,0),(257,13,'<p class=\"MsoNormal\">&nbsp;<span style=\"font-family: Times New Roman;\">&ldquo;Are you from Senegal?&rdquo;</span><o:p></o:p></p>\r\n<p class=\"MsoNormal\"><span style=\"font-family: Times New Roman;\">&ldquo;No, _____ .&rdquo;</span><o:p></o:p></p>',NULL,1,1,NULL,NULL,0,0,0),(258,13,'<p class=\"MsoNormal\">&nbsp;<span style=\"font-family: Times New Roman;\">&ldquo;_____ Martha English?&rdquo;</span><o:p></o:p></p>\r\n<p class=\"MsoNormal\"><span style=\"font-family: Times New Roman;\">&ldquo;Yes, she _____ .&rdquo;</span><o:p></o:p></p>',NULL,1,1,NULL,NULL,0,0,0),(259,13,'<p class=\"MsoNormal\">&nbsp;<span style=\"font-family: Times New Roman;\">&ldquo;_____ her surname Smith?&rdquo;</span><o:p></o:p></p>\r\n<p class=\"MsoNormal\"><span style=\"font-family: Times New Roman;\">&ldquo;No, it _____ .&rdquo;</span><o:p></o:p></p>',NULL,1,1,NULL,NULL,0,0,0),(260,13,'<p class=\"MsoNormal\"><span style=\"font-family: Times New Roman;\">&ldquo;Are you a student?&rdquo;</span><o:p></o:p></p>\r\n<p class=\"MsoNormal\"><span style=\"font-family: Times New Roman;\">&ldquo;Yes, I _____ .&rdquo;</span><o:p></o:p></p>',NULL,1,1,NULL,NULL,0,0,0),(261,12,'<p class=\"MsoNormal\"><span style=\"font-family: Times New Roman;\">Укажите, какое из чисел является иррациональным:</span></p>',NULL,1,1,NULL,NULL,0,0,0),(262,12,'<p class=\"MsoNormal\">&nbsp;<span style=\"font-family: Times New Roman;\">Решите уравнение:</span><math xmlns=\"http://www.w3.org/1998/Math/MathML\" class=\"wrs_chemistry\"><mfrac><mn>5</mn><mrow><mi mathvariant=\"normal\">x</mi><mo>-</mo><mn>3</mn></mrow></mfrac><mo>=</mo><mfrac><mn>5</mn><mrow><mi>x</mi><mo>-</mo><mn>3</mn></mrow></mfrac></math></p>',NULL,1,1,NULL,NULL,0,0,0),(263,12,'<p class=\"MsoNormal\"><span style=\"font-family: Times New Roman;\">Сумма корней уравнения&nbsp;<math xmlns=\"http://www.w3.org/1998/Math/MathML\"><msup><mi>x</mi><mn>5</mn></msup><mo>-</mo><msup><mi>x</mi><mn>3</mn></msup><mo>=</mo><mn>0</mn></math></span>&nbsp;<span style=\"font-family: Times New Roman;\">равна:</span></p>',NULL,1,1,NULL,NULL,0,0,0),(264,12,'<p class=\"MsoNormal\">&nbsp;<span style=\"font-family: Times New Roman;\">Решите уравнение: </span><math xmlns=\"http://www.w3.org/1998/Math/MathML\"><msub><mi>log</mi><mn>3</mn></msub><mo>(</mo><msub><mi>log</mi><mn>3</mn></msub><mi>x</mi><mo>)</mo><mo>=</mo><mo>-</mo><mn>1</mn></math></p>',NULL,1,0,NULL,NULL,0,0,0),(265,12,'<p class=\"MsoNormal\"><span style=\"font-family: Times New Roman;\">Решите неравенство: </span><math class=\"wrs_chemistry\" xmlns=\"http://www.w3.org/1998/Math/MathML\"><mn>3</mn><msup><mi mathvariant=\"normal\">x</mi><mn>2</mn></msup><mo>-</mo><mn>15</mn><mi mathvariant=\"normal\">x</mi><mo>&#8805;</mo><mn>0</mn></math></p>',NULL,1,0,NULL,NULL,0,0,0);
/*!40000 ALTER TABLE `questions` ENABLE KEYS */;
UNLOCK TABLES;

--
-- Table structure for table `role_restriction`
--

DROP TABLE IF EXISTS `role_restriction`;
/*!40101 SET @saved_cs_client     = @@character_set_client */;
/*!40101 SET character_set_client = utf8 */;
CREATE TABLE `role_restriction` (
  `id` int(11) NOT NULL AUTO_INCREMENT,
  `user_id` int(11) NOT NULL,
  `role` varchar(255) DEFAULT NULL,
  `action_id` int(11) NOT NULL,
  PRIMARY KEY (`id`),
  KEY `ik_role_restriction_table_user_table` (`user_id`),
  KEY `ik_role_restriction_table_action_table` (`action_id`),
  CONSTRAINT `ik_role_restriction_table_action_table` FOREIGN KEY (`action_id`) REFERENCES `actions` (`id`),
  CONSTRAINT `ik_role_restriction_table_user_table` FOREIGN KEY (`user_id`) REFERENCES `user` (`id`)
) ENGINE=InnoDB DEFAULT CHARSET=utf8mb4;
/*!40101 SET character_set_client = @saved_cs_client */;

--
-- Dumping data for table `role_restriction`
--

LOCK TABLES `role_restriction` WRITE;
/*!40000 ALTER TABLE `role_restriction` DISABLE KEYS */;
/*!40000 ALTER TABLE `role_restriction` ENABLE KEYS */;
UNLOCK TABLES;

--
-- Table structure for table `student`
--

DROP TABLE IF EXISTS `student`;
/*!40101 SET @saved_cs_client     = @@character_set_client */;
/*!40101 SET character_set_client = utf8 */;
CREATE TABLE `student` (
  `id` int(11) NOT NULL AUTO_INCREMENT,
  `user_id` int(11) NOT NULL,
  `first_name` varchar(255) DEFAULT NULL,
  `last_name` varchar(255) DEFAULT NULL,
  `middle_name` varchar(255) DEFAULT NULL,
  `student_phone` varchar(100) DEFAULT NULL,
  `adress` text DEFAULT NULL,
  `username` varchar(255) DEFAULT NULL,
  `password` varchar(255) DEFAULT NULL,
  `gender` tinyint(1) DEFAULT NULL,
  `birthday` date DEFAULT NULL,
  `passport_number` varchar(255) DEFAULT NULL,
  `passport_serial` varchar(255) DEFAULT NULL,
  `passport_pin` varchar(255) DEFAULT NULL,
  `passport_issued_date` varchar(255) DEFAULT NULL,
  `passport_given_date` varchar(255) DEFAULT NULL,
  `passport_given_by` varchar(255) DEFAULT NULL,
  `status` tinyint(1) DEFAULT 1,
  `created_at` int(11) DEFAULT NULL,
  `updated_at` int(11) DEFAULT NULL,
  `created_by` int(11) DEFAULT 0,
  `updated_by` int(11) DEFAULT 0,
  `is_deleted` tinyint(4) NOT NULL DEFAULT 0,
  `edu_year_type_id` int(11) DEFAULT NULL,
  `direction_id` int(11) DEFAULT NULL,
  `language_id` int(11) DEFAULT NULL,
  `edu_year_form_id` int(11) DEFAULT NULL,
  `edu_form_id` int(11) DEFAULT NULL,
  `edu_type_id` int(11) DEFAULT NULL,
  `direction_course_id` int(11) DEFAULT NULL,
  `course_id` int(11) DEFAULT NULL,
  `exam_type` int(11) DEFAULT 0,
  `edu_name` varchar(255) DEFAULT NULL,
  `edu_direction` varchar(255) DEFAULT NULL,
  PRIMARY KEY (`id`),
  KEY `ik_student_table_user_table` (`user_id`),
  KEY `ik_student_table_edu_year_type_table` (`edu_year_type_id`),
  KEY `ik_student_table_direction_table` (`direction_id`),
  KEY `ik_student_table_language_table` (`language_id`),
  KEY `ik_student_table_edu_year_form_table` (`edu_year_form_id`),
  KEY `ik_student_table_edu_form_table` (`edu_form_id`),
  KEY `ik_student_table_edu_type_table` (`edu_type_id`),
  KEY `ik_student_table_direction_course_table` (`direction_course_id`),
  KEY `ik_student_table_course_table` (`course_id`),
  CONSTRAINT `ik_student_table_course_table` FOREIGN KEY (`course_id`) REFERENCES `course` (`id`),
  CONSTRAINT `ik_student_table_direction_course_table` FOREIGN KEY (`direction_course_id`) REFERENCES `direction_course` (`id`),
  CONSTRAINT `ik_student_table_direction_table` FOREIGN KEY (`direction_id`) REFERENCES `direction` (`id`),
  CONSTRAINT `ik_student_table_edu_form_table` FOREIGN KEY (`edu_form_id`) REFERENCES `edu_form` (`id`),
  CONSTRAINT `ik_student_table_edu_type_table` FOREIGN KEY (`edu_type_id`) REFERENCES `edu_type` (`id`),
  CONSTRAINT `ik_student_table_edu_year_form_table` FOREIGN KEY (`edu_year_form_id`) REFERENCES `edu_year_form` (`id`),
  CONSTRAINT `ik_student_table_edu_year_type_table` FOREIGN KEY (`edu_year_type_id`) REFERENCES `edu_year_type` (`id`),
  CONSTRAINT `ik_student_table_language_table` FOREIGN KEY (`language_id`) REFERENCES `languages` (`id`),
  CONSTRAINT `ik_student_table_user_table` FOREIGN KEY (`user_id`) REFERENCES `user` (`id`)
) ENGINE=InnoDB AUTO_INCREMENT=20003 DEFAULT CHARSET=utf8mb4;
/*!40101 SET character_set_client = @saved_cs_client */;

--
-- Dumping data for table `student`
--

LOCK TABLES `student` WRITE;
/*!40000 ALTER TABLE `student` DISABLE KEYS */;
INSERT INTO `student` VALUES (8,20,'IQBOLJON','URAIMOV','ANVARJON O‘G‘LI',NULL,NULL,'+998 (94) 505-52-50',NULL,1,'2001-10-16','7969194','AB','51610015900026','2027-10-24','2017-10-25','NAMANGAN VILOYATI NORIN TUMANI IIB',1,1718988501,1718990297,NULL,20,0,1,4,1,1,1,1,NULL,NULL,0,NULL,NULL),(20000,20000,'ODILBEK','ASQARALIYEV','ULUG‘BEK O‘G‘LI',NULL,NULL,'+998 (99) 835-13-93','asd12345',1,'1993-07-13','7812644','AA','31307932120030','2024-12-03','2014-12-04','NAMANGAN VILOYATI POP TUMANI IIB',1,1718991641,1718991735,NULL,20000,0,2,40,1,1,1,2,37,2,NULL,'Dghhh','Fhhhj'),(20001,20001,'NORBOBO','ALLAMURADOV','TURSUN O‘G‘LI',NULL,NULL,'+998 (99) 596-57-96','123456',1,'1996-06-01','7385333','AD','30106966140123','2034-06-03','2024-06-04','TOSHKENT SHAHAR SIRG‘ALI TUMANI IIB',1,1719035607,1719037863,NULL,20001,0,1,NULL,NULL,NULL,NULL,1,NULL,NULL,NULL,NULL,NULL),(20002,20002,'IQBOLJON','URAIMOV','ANVARJON O‘G‘LI',NULL,NULL,'+998 (93) 008-55-04','555555',1,'2001-10-16','7969194','AB','51610015900026','2027-10-24','2017-10-25','NAMANGAN VILOYATI NORIN TUMANI IIB',1,1719036025,1719036104,NULL,20002,0,2,40,1,1,1,2,36,1,NULL,'5151','4655156');
/*!40000 ALTER TABLE `student` ENABLE KEYS */;
UNLOCK TABLES;

--
-- Table structure for table `student_dtm`
--

DROP TABLE IF EXISTS `student_dtm`;
/*!40101 SET @saved_cs_client     = @@character_set_client */;
/*!40101 SET character_set_client = utf8 */;
CREATE TABLE `student_dtm` (
  `id` int(11) NOT NULL AUTO_INCREMENT,
  `user_id` int(11) NOT NULL,
  `student_id` int(11) NOT NULL,
  `direction_id` int(11) NOT NULL,
  `file` varchar(255) DEFAULT NULL,
  `file_status` tinyint(1) DEFAULT 0,
  `contract_type` tinyint(4) DEFAULT 1,
  `contract_price` float DEFAULT 0,
  `status` tinyint(1) DEFAULT 1,
  `created_at` int(11) DEFAULT NULL,
  `updated_at` int(11) DEFAULT NULL,
  `created_by` int(11) NOT NULL DEFAULT 0,
  `updated_by` int(11) NOT NULL DEFAULT 0,
  `is_deleted` tinyint(4) NOT NULL DEFAULT 0,
  `contract_second` varchar(255) DEFAULT NULL,
  `contract_third` varchar(255) DEFAULT NULL,
  `contract_link` varchar(255) DEFAULT NULL,
  `down_time` int(11) DEFAULT NULL,
  PRIMARY KEY (`id`),
  KEY `ik_student_dtm_table_user_table` (`user_id`),
  KEY `ik_student_dtm_table_student_table` (`student_id`),
  KEY `ik_student_dtm_table_direction_table` (`direction_id`),
  CONSTRAINT `ik_student_dtm_table_direction_table` FOREIGN KEY (`direction_id`) REFERENCES `direction` (`id`),
  CONSTRAINT `ik_student_dtm_table_student_table` FOREIGN KEY (`student_id`) REFERENCES `student` (`id`),
  CONSTRAINT `ik_student_dtm_table_user_table` FOREIGN KEY (`user_id`) REFERENCES `user` (`id`)
) ENGINE=InnoDB DEFAULT CHARSET=utf8mb4;
/*!40101 SET character_set_client = @saved_cs_client */;

--
-- Dumping data for table `student_dtm`
--

LOCK TABLES `student_dtm` WRITE;
/*!40000 ALTER TABLE `student_dtm` DISABLE KEYS */;
/*!40000 ALTER TABLE `student_dtm` ENABLE KEYS */;
UNLOCK TABLES;

--
-- Table structure for table `student_oferta`
--

DROP TABLE IF EXISTS `student_oferta`;
/*!40101 SET @saved_cs_client     = @@character_set_client */;
/*!40101 SET character_set_client = utf8 */;
CREATE TABLE `student_oferta` (
  `id` int(11) NOT NULL AUTO_INCREMENT,
  `user_id` int(11) NOT NULL,
  `student_id` int(11) NOT NULL,
  `direction_id` int(11) NOT NULL,
  `file` varchar(255) DEFAULT NULL,
  `file_status` tinyint(1) DEFAULT 0,
  `status` tinyint(1) DEFAULT 1,
  `created_at` int(11) DEFAULT NULL,
  `updated_at` int(11) DEFAULT NULL,
  `created_by` int(11) NOT NULL DEFAULT 0,
  `updated_by` int(11) NOT NULL DEFAULT 0,
  `is_deleted` tinyint(4) NOT NULL DEFAULT 0,
  PRIMARY KEY (`id`),
  KEY `ik_student_oferta_table_user_table` (`user_id`),
  KEY `ik_student_oferta_table_student_table` (`student_id`),
  KEY `ik_student_oferta_table_direction_table` (`direction_id`),
  CONSTRAINT `ik_student_oferta_table_direction_table` FOREIGN KEY (`direction_id`) REFERENCES `direction` (`id`),
  CONSTRAINT `ik_student_oferta_table_student_table` FOREIGN KEY (`student_id`) REFERENCES `student` (`id`),
  CONSTRAINT `ik_student_oferta_table_user_table` FOREIGN KEY (`user_id`) REFERENCES `user` (`id`)
) ENGINE=InnoDB AUTO_INCREMENT=2 DEFAULT CHARSET=utf8mb4;
/*!40101 SET character_set_client = @saved_cs_client */;

--
-- Dumping data for table `student_oferta`
--

LOCK TABLES `student_oferta` WRITE;
/*!40000 ALTER TABLE `student_oferta` DISABLE KEYS */;
/*!40000 ALTER TABLE `student_oferta` ENABLE KEYS */;
UNLOCK TABLES;

--
-- Table structure for table `student_perevot`
--

DROP TABLE IF EXISTS `student_perevot`;
/*!40101 SET @saved_cs_client     = @@character_set_client */;
/*!40101 SET character_set_client = utf8 */;
CREATE TABLE `student_perevot` (
  `id` int(11) NOT NULL AUTO_INCREMENT,
  `user_id` int(11) NOT NULL,
  `student_id` int(11) NOT NULL,
  `direction_id` int(11) NOT NULL,
  `file` varchar(255) DEFAULT NULL,
  `file_status` tinyint(1) DEFAULT 0,
  `contract_type` tinyint(4) DEFAULT 1,
  `contract_price` float DEFAULT 0,
  `status` tinyint(1) DEFAULT 1,
  `created_at` int(11) DEFAULT NULL,
  `updated_at` int(11) DEFAULT NULL,
  `created_by` int(11) NOT NULL DEFAULT 0,
  `updated_by` int(11) NOT NULL DEFAULT 0,
  `is_deleted` tinyint(4) NOT NULL DEFAULT 0,
  `contract_second` varchar(255) DEFAULT NULL,
  `contract_third` varchar(255) DEFAULT NULL,
  `contract_link` varchar(255) DEFAULT NULL,
  `down_time` int(11) DEFAULT NULL,
  `direction_course_id` int(11) DEFAULT NULL,
  `course_id` int(11) DEFAULT NULL,
  `edu_name` varchar(255) DEFAULT NULL,
  `edu_direction` varchar(255) DEFAULT NULL,
  PRIMARY KEY (`id`),
  KEY `ik_student_perevot_table_user_table` (`user_id`),
  KEY `ik_student_perevot_table_student_table` (`student_id`),
  KEY `ik_student_perevot_table_direction_table` (`direction_id`),
  KEY `ik_student_perevot_table_direction_course_table` (`direction_course_id`),
  KEY `ik_student_perevot_table_course_table` (`course_id`),
  CONSTRAINT `ik_student_perevot_table_course_table` FOREIGN KEY (`course_id`) REFERENCES `course` (`id`),
  CONSTRAINT `ik_student_perevot_table_direction_course_table` FOREIGN KEY (`direction_course_id`) REFERENCES `direction_course` (`id`),
  CONSTRAINT `ik_student_perevot_table_direction_table` FOREIGN KEY (`direction_id`) REFERENCES `direction` (`id`),
  CONSTRAINT `ik_student_perevot_table_student_table` FOREIGN KEY (`student_id`) REFERENCES `student` (`id`),
  CONSTRAINT `ik_student_perevot_table_user_table` FOREIGN KEY (`user_id`) REFERENCES `user` (`id`)
) ENGINE=InnoDB AUTO_INCREMENT=6 DEFAULT CHARSET=utf8mb4;
/*!40101 SET character_set_client = @saved_cs_client */;

--
-- Dumping data for table `student_perevot`
--

LOCK TABLES `student_perevot` WRITE;
/*!40000 ALTER TABLE `student_perevot` DISABLE KEYS */;
INSERT INTO `student_perevot` VALUES (3,20000,20000,40,'20000_1718991782PKMLDGrMfsZCkTRTl9cR.pdf',1,1,0,1,NULL,NULL,0,0,0,'21718991735542','31718991735542','ikP_hhuwPBTRJl1718991735542ONR6wE8KDi9I',NULL,37,2,'Dghhh','Fhhhj'),(4,20001,20001,40,'20001_1719035727i0PkDgQ5OUAIuuKg9Kca.pdf',1,1,0,0,NULL,NULL,0,0,2,'21719035692487','31719035692487','ikP_vLIPseWVOs1719035692487ZA0Fanfs9WSg',NULL,36,1,'TATU','Dif'),(5,20002,20002,40,'20002_1719036816dbVC2x_LKOzWcqznTQKo.pdf',1,1,0,1,NULL,NULL,0,0,0,'21719036104297','31719036104297','ikP_C2n-Go2tUA1719036104297QVll-3hXqNAo',NULL,36,1,'5151','4655156');
/*!40000 ALTER TABLE `student_perevot` ENABLE KEYS */;
UNLOCK TABLES;

--
-- Table structure for table `subjects`
--

DROP TABLE IF EXISTS `subjects`;
/*!40101 SET @saved_cs_client     = @@character_set_client */;
/*!40101 SET character_set_client = utf8 */;
CREATE TABLE `subjects` (
  `id` int(11) NOT NULL AUTO_INCREMENT,
  `language_id` int(11) NOT NULL,
  `name_uz` varchar(255) NOT NULL,
  `name_en` varchar(255) NOT NULL,
  `name_ru` varchar(255) NOT NULL,
  `status` int(11) DEFAULT 1,
  `created_at` int(11) DEFAULT NULL,
  `updated_at` int(11) DEFAULT NULL,
  `created_by` int(11) NOT NULL DEFAULT 0,
  `updated_by` int(11) NOT NULL DEFAULT 0,
  `is_deleted` tinyint(4) NOT NULL DEFAULT 0,
  PRIMARY KEY (`id`),
  KEY `ik_subjects_table_language_table` (`language_id`),
  CONSTRAINT `ik_subjects_table_language_table` FOREIGN KEY (`language_id`) REFERENCES `languages` (`id`)
) ENGINE=InnoDB AUTO_INCREMENT=15 DEFAULT CHARSET=utf8mb4;
/*!40101 SET character_set_client = @saved_cs_client */;

--
-- Dumping data for table `subjects`
--

LOCK TABLES `subjects` WRITE;
/*!40000 ALTER TABLE `subjects` DISABLE KEYS */;
INSERT INTO `subjects` VALUES (1,1,'Matem','Matem','Matem',1,NULL,NULL,0,0,1),(2,2,'asas','asa','asas',1,NULL,1716531217,0,1,1),(3,1,'Tarix','History','История',1,1716531223,1718686286,1,1,0),(4,1,'Ingliz tili','English language','Английский язык',1,1716531735,1718686309,1,1,0),(5,1,'Matematika','Mathematics','Математика',1,1717853227,1718685920,1,1,0),(6,1,'Fizika','Physics','Физика',1,1718106127,1718685946,1,1,0),(7,1,'Ona tili va adabiyot','Mother tongue and literature','Родной язык и литература',1,1718686388,1718686388,1,1,0),(8,1,'Biologiya','Biology','Биология',1,1718686469,1718686469,1,1,0),(9,3,'Biologiya','Biology','Биология',1,1718686508,1718686508,1,1,0),(10,3,'Ona tili va adabiyot','Mother tongue and literature','Родной язык и литература',1,1718686535,1718686535,1,1,0),(11,3,'Fizika','Physics','Физика',1,1718686659,1718686659,1,1,0),(12,3,'Matematika','Mathematics','Математика',1,1718686702,1718686702,1,1,0),(13,3,'Ingliz tili','English language','Английский язык',1,1718686737,1718686737,1,1,0),(14,3,'Tarix','History','История',1,1718686776,1718686776,1,1,0);
/*!40000 ALTER TABLE `subjects` ENABLE KEYS */;
UNLOCK TABLES;

--
-- Table structure for table `university`
--

DROP TABLE IF EXISTS `university`;
/*!40101 SET @saved_cs_client     = @@character_set_client */;
/*!40101 SET character_set_client = utf8 */;
CREATE TABLE `university` (
  `id` int(11) NOT NULL AUTO_INCREMENT,
  `name` varchar(255) NOT NULL,
  `adress` text NOT NULL,
  `phone` varchar(50) NOT NULL,
  `image` varchar(100) DEFAULT NULL,
  `bank_name` varchar(255) DEFAULT NULL,
  `okonh` varchar(255) DEFAULT NULL,
  `inn` varchar(255) DEFAULT NULL,
  `bank_number` varchar(255) DEFAULT NULL,
  `status` tinyint(1) DEFAULT 1,
  `order` tinyint(1) DEFAULT 1,
  `created_at` int(11) DEFAULT NULL,
  `updated_at` int(11) DEFAULT NULL,
  `created_by` int(11) NOT NULL DEFAULT 0,
  `updated_by` int(11) NOT NULL DEFAULT 0,
  `is_deleted` tinyint(4) NOT NULL DEFAULT 0,
  PRIMARY KEY (`id`)
) ENGINE=InnoDB DEFAULT CHARSET=utf8mb4;
/*!40101 SET character_set_client = @saved_cs_client */;

--
-- Dumping data for table `university`
--

LOCK TABLES `university` WRITE;
/*!40000 ALTER TABLE `university` DISABLE KEYS */;
/*!40000 ALTER TABLE `university` ENABLE KEYS */;
UNLOCK TABLES;

--
-- Table structure for table `user`
--

DROP TABLE IF EXISTS `user`;
/*!40101 SET @saved_cs_client     = @@character_set_client */;
/*!40101 SET character_set_client = utf8 */;
CREATE TABLE `user` (
  `id` int(11) NOT NULL AUTO_INCREMENT,
  `user_role` varchar(255) NOT NULL,
  `username` varchar(255) NOT NULL,
  `auth_key` varchar(32) NOT NULL,
  `password_hash` varchar(255) NOT NULL,
  `password_reset_token` varchar(255) DEFAULT NULL,
  `access_token` varchar(100) DEFAULT NULL,
  `verification_token` varchar(255) DEFAULT NULL,
  `access_token_time` int(11) DEFAULT NULL,
  `sms_number` int(11) DEFAULT 0,
  `sms_time` int(11) DEFAULT 0,
  `new_parol` varchar(255) DEFAULT NULL,
  `get_token` varchar(255) DEFAULT NULL,
  `status` smallint(6) NOT NULL DEFAULT 10,
  `created_at` int(11) NOT NULL,
  `updated_at` int(11) NOT NULL,
  `step` int(11) DEFAULT 1,
  PRIMARY KEY (`id`),
  UNIQUE KEY `username` (`username`),
  UNIQUE KEY `password_reset_token` (`password_reset_token`)
) ENGINE=InnoDB AUTO_INCREMENT=20003 DEFAULT CHARSET=utf8mb4;
/*!40101 SET character_set_client = @saved_cs_client */;

--
-- Dumping data for table `user`
--

LOCK TABLES `user` WRITE;
/*!40000 ALTER TABLE `user` DISABLE KEYS */;
INSERT INTO `user` VALUES (1,'supper_admin','IKboljon','nwokfFcv4EKv_xZtIUcxH4yjUmZgv5Ja','$2y$13$x1TsHvXqa0uN3gz.bPrI2O688SZuKKKV7Ac8ndZs48xEoFsP17I6W',NULL,'I648VUntPxuc9-x3YvaZBvVAtxm0s06b',NULL,1716476682,0,0,NULL,NULL,10,1716476682,1716476682,1),(20,'student','+998 (94) 505-52-50','9MS0z5ONb4AdGjnjNQGR_o27uf1H7moB','$2y$13$D0P0VD8LiaDfSYWdY5NfVelQzyhvUccMO6Zy15Vunellasdf4J9uW','JrS9XvCkk5SalGwSFQGXNz1joz2wFCOE_1718988607',NULL,'Y5ew4mUeozbblGpV54a-u9Y9d44gnHC8_1718988607',NULL,0,0,NULL,NULL,10,1718988501,1719034122,4),(20000,'student','+998 (99) 835-13-93','Rt_PiF172jguadujTysQR_e-T0UL6AOi','$2y$13$JC1C2njzued6YfjDvbY2y.rtxUJd2T5KXAOrp2VSYW7SIfxWsHRJW','LotOj0zPY9rqHQ0owR3uLBokBB6GpCaH_1718991641',NULL,'kcAdljWxYTmSJooKa9BUtACgqWGPAczv_1718991641',NULL,0,0,NULL,NULL,10,1718991641,1718991788,5),(20001,'student','+998 (99) 596-57-96','Zrs2AIh5tyb5kyvVlJ-NzRyKWrz8UKEj','$2y$13$KxnEIUImwQjKLw7hXvq1e.7ZEccIs5BQCOP41jFeWmHg6OQOGVg0K','SbTBkuLenmGM8Fu1j1HkkDYkPSiFGVwN_1719035635',NULL,'bgyrLf_O-5sSimXtSWaEo-AwbTYxFfob_1719035635',NULL,0,0,NULL,NULL,10,1719035607,1719037863,3),(20002,'student','+998 (93) 008-55-04','c5PPAKAUgNHaLbwGYV4Vc7BWyItVKRqZ','$2y$13$qAw1d9A05d.amAln/lnRteeIct6yiYSfDbtEVstNfiiUTzoNc0yza','BsoK6UVT5NlD10epE1Sek1kt1fbXStj4_1719036025',NULL,'Nij0HtdzkfxtSHXrucbCT256CUfkREqL_1719036025',NULL,0,0,NULL,NULL,10,1719036025,1719036820,5);
/*!40000 ALTER TABLE `user` ENABLE KEYS */;
UNLOCK TABLES;
/*!40103 SET TIME_ZONE=@OLD_TIME_ZONE */;

/*!40101 SET SQL_MODE=@OLD_SQL_MODE */;
/*!40014 SET FOREIGN_KEY_CHECKS=@OLD_FOREIGN_KEY_CHECKS */;
/*!40014 SET UNIQUE_CHECKS=@OLD_UNIQUE_CHECKS */;
/*!40101 SET CHARACTER_SET_CLIENT=@OLD_CHARACTER_SET_CLIENT */;
/*!40101 SET CHARACTER_SET_RESULTS=@OLD_CHARACTER_SET_RESULTS */;
/*!40101 SET COLLATION_CONNECTION=@OLD_COLLATION_CONNECTION */;
/*!40111 SET SQL_NOTES=@OLD_SQL_NOTES */;

-- Dump completed on 2024-06-22 14:33:15
